chunk_id,document_type,domain,zone,sensor_id,timestamp_ref,text_chunk,token_count,embedding_model,vector_index,metadata_tags,retrieval_relevance_score,source_doc_id,chunk_sequence,language,last_updated
CHK-0001,incident_report,traffic,Zone-D-Industrial,TRA-003,2024-04-08T04:00:00,"Anomaly report for sensor TRA-003: Spike in traffic metrics detected. Possible causes include equipment malfunction, environmental event, or cyber intrusion. Forensic analysis pending.",23,llama-3-embed,smartcity_idx_traffic,"traffic,zone-d-industrial,incident_report",0.636,DOC-738,8,en,2024-04-14
CHK-0002,analytics_summary,traffic,Zone-E-Airport,TRA-006,2024-07-28T21:00:00,"Quarterly performance report: Zone-E-Airport smart city sensors achieved 98.5% uptime. traffic data completeness: 99.1%. Predictive model accuracy for anomaly detection: 91.3% precision, 88.7% recall.",24,llama-3-embed,smartcity_idx_traffic,"traffic,zone-e-airport,analytics_summary",0.633,DOC-833,9,en,2024-11-25
CHK-0003,sensor_report,energy,Zone-D-Industrial,ENE-007,2024-01-09T17:00:00,IoT telemetry batch from ENE-007 covers a 2.5-hour window ending 2024-01-09T17:00:00. Zone Zone-D-Industrial shows critical energy patterns consistent with seasonal norms.,21,llama-3-embed,smartcity_idx_energy,"energy,zone-d-industrial,sensor_report",0.785,DOC-302,10,en,2024-08-02
CHK-0004,maintenance_log,traffic,Zone-B-Midtown,TRA-003,2024-12-26T14:00:00,Maintenance ticket #2798: Sensor TRA-003 in Zone-B-Midtown flagged for battery replacement. Battery level dropped to 42%. Technician dispatched on schedule. Service restored within 4 hours.,25,llama-3-embed,smartcity_idx_traffic,"traffic,zone-b-midtown,maintenance_log",0.609,DOC-585,7,en,2024-02-14
CHK-0005,sensor_report,energy,Zone-B-Midtown,ENE-001,2024-07-11T04:00:00,IoT telemetry batch from ENE-001 covers a 2.5-hour window ending 2024-07-11T04:00:00. Zone Zone-B-Midtown shows normal energy patterns consistent with seasonal norms.,21,llama-3-embed,smartcity_idx_energy,"energy,zone-b-midtown,sensor_report",0.777,DOC-658,7,en,2024-03-12
CHK-0006,incident_report,traffic,Zone-A-Downtown,TRA-003,2024-10-14T03:00:00,Incident #3910: Anomalous traffic readings detected in Zone-A-Downtown at 2024-10-14T03:00:00. Values exceeded normal operating range by >3 standard deviations. Automated alert triggered. Investigation initiated by city operations team.,28,llama-3-embed,smartcity_idx_traffic,"traffic,zone-a-downtown,incident_report",0.764,DOC-312,9,en,2024-06-25
CHK-0007,incident_report,energy,Zone-B-Midtown,ENE-002,2024-06-06T21:00:00,"Anomaly report for sensor ENE-002: Spike in energy metrics detected. Possible causes include equipment malfunction, environmental event, or cyber intrusion. Forensic analysis pending.",23,llama-3-embed,smartcity_idx_energy,"energy,zone-b-midtown,incident_report",0.735,DOC-486,7,en,2024-06-27
CHK-0008,incident_report,energy,Zone-D-Industrial,ENE-006,2024-09-03T05:00:00,Critical event log: Zone-D-Industrial experienced elevated energy anomaly at 2024-09-03T05:00:00. Sensor ENE-006 captured the event. Emergency response protocol activated. Situation resolved within 2 hours.,24,llama-3-embed,smartcity_idx_energy,"energy,zone-d-industrial,incident_report",0.725,DOC-770,4,en,2024-11-24
CHK-0009,maintenance_log,air_quality,Zone-A-Downtown,AIR-006,2024-04-25T22:00:00,Calibration log for air_quality sensor AIR-006: Routine calibration completed. Sensor accuracy verified at 0.95% confidence. Next scheduled maintenance in 60 days.,21,llama-3-embed,smartcity_idx_air_quality,"air_quality,zone-a-downtown,maintenance_log",0.901,DOC-182,8,en,2024-07-09
CHK-0010,sensor_report,energy,Zone-E-Airport,ENE-006,2024-08-18T04:00:00,Automated report from energy sensor ENE-006 deployed in Zone-E-Airport. Timestamp: 2024-08-18T04:00:00. Sensor battery level at 52%. Readings are within acceptable operational thresholds.,22,llama-3-embed,smartcity_idx_energy,"energy,zone-e-airport,sensor_report",0.987,DOC-946,10,en,2024-03-10
CHK-0011,incident_report,air_quality,Zone-E-Airport,AIR-008,2024-04-13T10:00:00,"Anomaly report for sensor AIR-008: Spike in air_quality metrics detected. Possible causes include equipment malfunction, environmental event, or cyber intrusion. Forensic analysis pending.",23,llama-3-embed,smartcity_idx_air_quality,"air_quality,zone-e-airport,incident_report",0.878,DOC-970,4,en,2024-11-22
CHK-0012,policy_document,air_quality,Zone-C-Residential,AIR-007,2024-12-25T22:00:00,Smart City Operational Policy: All air_quality sensors in Zone-C-Residential must transmit data every 2.5 hours. Anomaly thresholds trigger automated alerts to city operations center. Maintenance windows are scheduled bi-monthly.,29,llama-3-embed,smartcity_idx_air_quality,"air_quality,zone-c-residential,policy_document",0.801,DOC-307,1,en,2024-09-10
CHK-0013,policy_document,energy,Zone-E-Airport,ENE-004,2024-05-24T23:00:00,Smart City Operational Policy: All energy sensors in Zone-E-Airport must transmit data every 2.5 hours. Anomaly thresholds trigger automated alerts to city operations center. Maintenance windows are scheduled bi-monthly.,29,llama-3-embed,smartcity_idx_energy,"energy,zone-e-airport,policy_document",1.0,DOC-925,5,en,2024-02-19
CHK-0014,sensor_report,energy,Zone-A-Downtown,ENE-005,2024-06-18T20:00:00,Sensor ENE-005 in Zone-A-Downtown recorded energy readings at 2024-06-18T20:00:00. The measured values indicate critical conditions. Data quality score was 0.98. No anomalies detected during this period.,26,llama-3-embed,smartcity_idx_energy,"energy,zone-a-downtown,sensor_report",0.997,DOC-912,7,en,2024-07-26
CHK-0015,policy_document,energy,Zone-C-Residential,ENE-006,2024-03-05T14:00:00,Energy grid management protocol: Peak demand events in Zone-C-Residential exceeding 200kW trigger load-balancing routines. Renewable energy targets mandate a minimum 30% green energy mix by Q4 2024.,27,llama-3-embed,smartcity_idx_energy,"energy,zone-c-residential,policy_document",0.744,DOC-312,5,en,2024-08-19
CHK-0016,incident_report,energy,Zone-B-Midtown,ENE-008,2024-11-06T02:00:00,Incident #6402: Anomalous energy readings detected in Zone-B-Midtown at 2024-11-06T02:00:00. Values exceeded normal operating range by >3 standard deviations. Automated alert triggered. Investigation initiated by city operations team.,28,llama-3-embed,smartcity_idx_energy,"energy,zone-b-midtown,incident_report",0.919,DOC-173,6,en,2024-11-24
CHK-0017,sensor_report,air_quality,Zone-E-Airport,AIR-005,2024-11-01T18:00:00,Sensor AIR-005 in Zone-E-Airport recorded air_quality readings at 2024-11-01T18:00:00. The measured values indicate elevated conditions. Data quality score was 0.92. No anomalies detected during this period.,26,llama-3-embed,smartcity_idx_air_quality,"air_quality,zone-e-airport,sensor_report",0.759,DOC-148,6,en,2024-09-08
CHK-0018,analytics_summary,traffic,Zone-C-Residential,TRA-008,2024-01-23T13:00:00,"Monthly summary — traffic domain, Zone-C-Residential: 95th percentile readings remain below alert thresholds. Correlation analysis reveals strong relationship between weather conditions and sensor variance.",24,llama-3-embed,smartcity_idx_traffic,"traffic,zone-c-residential,analytics_summary",0.709,DOC-772,6,en,2024-02-18
CHK-0019,policy_document,traffic,Zone-E-Airport,TRA-006,2024-11-27T17:00:00,Smart City Operational Policy: All traffic sensors in Zone-E-Airport must transmit data every 2.5 hours. Anomaly thresholds trigger automated alerts to city operations center. Maintenance windows are scheduled bi-monthly.,29,llama-3-embed,smartcity_idx_traffic,"traffic,zone-e-airport,policy_document",0.818,DOC-133,9,en,2024-11-13
CHK-0020,policy_document,air_quality,Zone-C-Residential,AIR-004,2024-10-20T19:00:00,Energy grid management protocol: Peak demand events in Zone-C-Residential exceeding 200kW trigger load-balancing routines. Renewable energy targets mandate a minimum 30% green energy mix by Q4 2024.,27,llama-3-embed,smartcity_idx_air_quality,"air_quality,zone-c-residential,policy_document",0.675,DOC-283,2,en,2024-03-16
CHK-0021,analytics_summary,traffic,Zone-A-Downtown,TRA-007,2024-11-26T03:00:00,"Quarterly performance report: Zone-A-Downtown smart city sensors achieved 98.5% uptime. traffic data completeness: 99.1%. Predictive model accuracy for anomaly detection: 91.3% precision, 88.7% recall.",24,llama-3-embed,smartcity_idx_traffic,"traffic,zone-a-downtown,analytics_summary",0.951,DOC-265,3,en,2024-08-12
CHK-0022,maintenance_log,air_quality,Zone-C-Residential,AIR-001,2024-10-13T00:00:00,Maintenance ticket #5679: Sensor AIR-001 in Zone-C-Residential flagged for battery replacement. Battery level dropped to 40%. Technician dispatched on schedule. Service restored within 4 hours.,25,llama-3-embed,smartcity_idx_air_quality,"air_quality,zone-c-residential,maintenance_log",0.924,DOC-402,5,en,2024-02-16
CHK-0023,incident_report,traffic,Zone-A-Downtown,TRA-006,2024-03-20T21:00:00,Incident #7171: Anomalous traffic readings detected in Zone-A-Downtown at 2024-03-20T21:00:00. Values exceeded normal operating range by >3 standard deviations. Automated alert triggered. Investigation initiated by city operations team.,28,llama-3-embed,smartcity_idx_traffic,"traffic,zone-a-downtown,incident_report",0.926,DOC-724,4,en,2024-09-05
CHK-0024,sensor_report,air_quality,Zone-C-Residential,AIR-007,2024-07-17T22:00:00,IoT telemetry batch from AIR-007 covers a 2.5-hour window ending 2024-07-17T22:00:00. Zone Zone-C-Residential shows elevated air_quality patterns consistent with seasonal norms.,21,llama-3-embed,smartcity_idx_air_quality,"air_quality,zone-c-residential,sensor_report",0.997,DOC-317,4,en,2024-11-09
CHK-0025,policy_document,traffic,Zone-E-Airport,TRA-007,2024-01-19T00:00:00,Energy grid management protocol: Peak demand events in Zone-E-Airport exceeding 200kW trigger load-balancing routines. Renewable energy targets mandate a minimum 30% green energy mix by Q4 2024.,27,llama-3-embed,smartcity_idx_traffic,"traffic,zone-e-airport,policy_document",0.625,DOC-360,3,en,2024-10-25
CHK-0026,incident_report,traffic,Zone-B-Midtown,TRA-001,2024-09-13T14:00:00,Critical event log: Zone-B-Midtown experienced elevated traffic anomaly at 2024-09-13T14:00:00. Sensor TRA-001 captured the event. Emergency response protocol activated. Situation resolved within 2 hours.,24,llama-3-embed,smartcity_idx_traffic,"traffic,zone-b-midtown,incident_report",0.653,DOC-726,2,en,2024-06-17
CHK-0027,policy_document,air_quality,Zone-B-Midtown,AIR-008,2024-04-23T03:00:00,Smart City Operational Policy: All air_quality sensors in Zone-B-Midtown must transmit data every 2.5 hours. Anomaly thresholds trigger automated alerts to city operations center. Maintenance windows are scheduled bi-monthly.,29,llama-3-embed,smartcity_idx_air_quality,"air_quality,zone-b-midtown,policy_document",0.895,DOC-354,3,en,2024-11-09
CHK-0028,policy_document,air_quality,Zone-E-Airport,AIR-002,2024-04-08T16:00:00,Energy grid management protocol: Peak demand events in Zone-E-Airport exceeding 200kW trigger load-balancing routines. Renewable energy targets mandate a minimum 30% green energy mix by Q4 2024.,27,llama-3-embed,smartcity_idx_air_quality,"air_quality,zone-e-airport,policy_document",0.697,DOC-431,10,en,2024-06-16
CHK-0029,policy_document,air_quality,Zone-A-Downtown,AIR-001,2024-01-14T01:00:00,Smart City Operational Policy: All air_quality sensors in Zone-A-Downtown must transmit data every 2.5 hours. Anomaly thresholds trigger automated alerts to city operations center. Maintenance windows are scheduled bi-monthly.,29,llama-3-embed,smartcity_idx_air_quality,"air_quality,zone-a-downtown,policy_document",0.96,DOC-787,5,en,2024-01-19
CHK-0030,analytics_summary,traffic,Zone-C-Residential,TRA-006,2024-02-06T11:00:00,Weekly analytics digest for Zone-C-Residential: traffic metrics averaged within normal bounds. Peak readings occurred during rush hours. Trend analysis shows 3.2% improvement in efficiency versus prior week.,27,llama-3-embed,smartcity_idx_traffic,"traffic,zone-c-residential,analytics_summary",0.622,DOC-127,6,en,2024-04-05
CHK-0031,analytics_summary,energy,Zone-A-Downtown,ENE-001,2024-06-11T12:00:00,Weekly analytics digest for Zone-A-Downtown: energy metrics averaged within normal bounds. Peak readings occurred during rush hours. Trend analysis shows 3.2% improvement in efficiency versus prior week.,27,llama-3-embed,smartcity_idx_energy,"energy,zone-a-downtown,analytics_summary",0.67,DOC-327,6,en,2024-10-09
CHK-0032,sensor_report,energy,Zone-A-Downtown,ENE-002,2024-11-14T02:00:00,Automated report from energy sensor ENE-002 deployed in Zone-A-Downtown. Timestamp: 2024-11-14T02:00:00. Sensor battery level at 67%. Readings are within acceptable operational thresholds.,22,llama-3-embed,smartcity_idx_energy,"energy,zone-a-downtown,sensor_report",0.907,DOC-760,5,en,2024-06-23
CHK-0033,maintenance_log,energy,Zone-A-Downtown,ENE-004,2024-02-02T07:00:00,Calibration log for energy sensor ENE-004: Routine calibration completed. Sensor accuracy verified at 0.91% confidence. Next scheduled maintenance in 60 days.,21,llama-3-embed,smartcity_idx_energy,"energy,zone-a-downtown,maintenance_log",0.849,DOC-348,4,en,2024-08-22
CHK-0034,incident_report,traffic,Zone-E-Airport,TRA-005,2024-02-25T12:00:00,Critical event log: Zone-E-Airport experienced elevated traffic anomaly at 2024-02-25T12:00:00. Sensor TRA-005 captured the event. Emergency response protocol activated. Situation resolved within 2 hours.,24,llama-3-embed,smartcity_idx_traffic,"traffic,zone-e-airport,incident_report",0.77,DOC-872,6,en,2024-09-08
CHK-0035,analytics_summary,traffic,Zone-E-Airport,TRA-005,2024-07-25T06:00:00,"Quarterly performance report: Zone-E-Airport smart city sensors achieved 98.5% uptime. traffic data completeness: 99.1%. Predictive model accuracy for anomaly detection: 91.3% precision, 88.7% recall.",24,llama-3-embed,smartcity_idx_traffic,"traffic,zone-e-airport,analytics_summary",0.735,DOC-709,2,en,2024-12-01
CHK-0036,sensor_report,traffic,Zone-E-Airport,TRA-003,2024-07-07T13:00:00,Sensor TRA-003 in Zone-E-Airport recorded traffic readings at 2024-07-07T13:00:00. The measured values indicate normal conditions. Data quality score was 0.98. No anomalies detected during this period.,26,llama-3-embed,smartcity_idx_traffic,"traffic,zone-e-airport,sensor_report",0.92,DOC-323,4,en,2024-11-21
CHK-0037,sensor_report,energy,Zone-A-Downtown,ENE-005,2024-03-27T04:00:00,IoT telemetry batch from ENE-005 covers a 2.5-hour window ending 2024-03-27T04:00:00. Zone Zone-A-Downtown shows elevated energy patterns consistent with seasonal norms.,21,llama-3-embed,smartcity_idx_energy,"energy,zone-a-downtown,sensor_report",0.642,DOC-962,3,en,2024-07-13
CHK-0038,sensor_report,energy,Zone-A-Downtown,ENE-005,2024-05-28T23:00:00,Sensor ENE-005 in Zone-A-Downtown recorded energy readings at 2024-05-28T23:00:00. The measured values indicate normal conditions. Data quality score was 0.9. No anomalies detected during this period.,26,llama-3-embed,smartcity_idx_energy,"energy,zone-a-downtown,sensor_report",0.7,DOC-500,3,en,2024-05-20
CHK-0039,incident_report,air_quality,Zone-B-Midtown,AIR-005,2024-08-09T16:00:00,Critical event log: Zone-B-Midtown experienced elevated air_quality anomaly at 2024-08-09T16:00:00. Sensor AIR-005 captured the event. Emergency response protocol activated. Situation resolved within 2 hours.,24,llama-3-embed,smartcity_idx_air_quality,"air_quality,zone-b-midtown,incident_report",0.676,DOC-622,3,en,2024-09-08
CHK-0040,analytics_summary,air_quality,Zone-C-Residential,AIR-002,2024-04-18T13:00:00,"Monthly summary — air_quality domain, Zone-C-Residential: 95th percentile readings remain below alert thresholds. Correlation analysis reveals strong relationship between weather conditions and sensor variance.",24,llama-3-embed,smartcity_idx_air_quality,"air_quality,zone-c-residential,analytics_summary",0.832,DOC-184,1,en,2024-07-03
CHK-0041,incident_report,traffic,Zone-D-Industrial,TRA-002,2024-01-07T02:00:00,Incident #3401: Anomalous traffic readings detected in Zone-D-Industrial at 2024-01-07T02:00:00. Values exceeded normal operating range by >3 standard deviations. Automated alert triggered. Investigation initiated by city operations team.,28,llama-3-embed,smartcity_idx_traffic,"traffic,zone-d-industrial,incident_report",0.893,DOC-825,5,en,2024-03-27
CHK-0042,analytics_summary,traffic,Zone-B-Midtown,TRA-002,2024-06-01T06:00:00,"Monthly summary — traffic domain, Zone-B-Midtown: 95th percentile readings remain below alert thresholds. Correlation analysis reveals strong relationship between weather conditions and sensor variance.",24,llama-3-embed,smartcity_idx_traffic,"traffic,zone-b-midtown,analytics_summary",0.792,DOC-731,6,en,2024-04-12
CHK-0043,policy_document,air_quality,Zone-A-Downtown,AIR-006,2024-12-18T21:00:00,Energy grid management protocol: Peak demand events in Zone-A-Downtown exceeding 200kW trigger load-balancing routines. Renewable energy targets mandate a minimum 30% green energy mix by Q4 2024.,27,llama-3-embed,smartcity_idx_air_quality,"air_quality,zone-a-downtown,policy_document",0.984,DOC-718,6,en,2024-09-06
CHK-0044,analytics_summary,energy,Zone-E-Airport,ENE-001,2024-01-20T18:00:00,Weekly analytics digest for Zone-E-Airport: energy metrics averaged within normal bounds. Peak readings occurred during rush hours. Trend analysis shows 3.2% improvement in efficiency versus prior week.,27,llama-3-embed,smartcity_idx_energy,"energy,zone-e-airport,analytics_summary",0.814,DOC-789,9,en,2024-05-27
CHK-0045,maintenance_log,air_quality,Zone-B-Midtown,AIR-006,2024-12-25T22:00:00,Maintenance ticket #6622: Sensor AIR-006 in Zone-B-Midtown flagged for battery replacement. Battery level dropped to 90%. Technician dispatched on schedule. Service restored within 4 hours.,25,llama-3-embed,smartcity_idx_air_quality,"air_quality,zone-b-midtown,maintenance_log",0.769,DOC-750,3,en,2024-01-06
CHK-0046,sensor_report,energy,Zone-D-Industrial,ENE-007,2024-09-18T12:00:00,Sensor ENE-007 in Zone-D-Industrial recorded energy readings at 2024-09-18T12:00:00. The measured values indicate critical conditions. Data quality score was 0.92. No anomalies detected during this period.,26,llama-3-embed,smartcity_idx_energy,"energy,zone-d-industrial,sensor_report",0.993,DOC-460,3,en,2024-02-09
CHK-0047,sensor_report,energy,Zone-A-Downtown,ENE-007,2024-06-19T07:00:00,Automated report from energy sensor ENE-007 deployed in Zone-A-Downtown. Timestamp: 2024-06-19T07:00:00. Sensor battery level at 97%. Readings are within acceptable operational thresholds.,22,llama-3-embed,smartcity_idx_energy,"energy,zone-a-downtown,sensor_report",0.958,DOC-238,3,en,2024-05-23
CHK-0048,sensor_report,air_quality,Zone-E-Airport,AIR-005,2024-03-08T13:00:00,Automated report from air_quality sensor AIR-005 deployed in Zone-E-Airport. Timestamp: 2024-03-08T13:00:00. Sensor battery level at 36%. Readings are within acceptable operational thresholds.,22,llama-3-embed,smartcity_idx_air_quality,"air_quality,zone-e-airport,sensor_report",0.897,DOC-194,6,en,2024-01-16
CHK-0049,policy_document,air_quality,Zone-D-Industrial,AIR-002,2024-08-10T07:00:00,City of SmartMetro Regulation 2024-2145: Environmental monitoring standards require AQI sensors to maintain calibration within ±5% accuracy. Sensors exceeding deviation thresholds must be recalibrated within 72 hours.,27,llama-3-embed,smartcity_idx_air_quality,"air_quality,zone-d-industrial,policy_document",0.969,DOC-674,3,en,2024-11-12
CHK-0050,analytics_summary,traffic,Zone-A-Downtown,TRA-001,2024-04-24T23:00:00,"Quarterly performance report: Zone-A-Downtown smart city sensors achieved 98.5% uptime. traffic data completeness: 99.1%. Predictive model accuracy for anomaly detection: 91.3% precision, 88.7% recall.",24,llama-3-embed,smartcity_idx_traffic,"traffic,zone-a-downtown,analytics_summary",0.905,DOC-608,1,en,2024-04-24
CHK-0051,sensor_report,traffic,Zone-E-Airport,TRA-003,2024-11-14T05:00:00,Automated report from traffic sensor TRA-003 deployed in Zone-E-Airport. Timestamp: 2024-11-14T05:00:00. Sensor battery level at 90%. Readings are within acceptable operational thresholds.,22,llama-3-embed,smartcity_idx_traffic,"traffic,zone-e-airport,sensor_report",0.908,DOC-839,1,en,2024-05-02
CHK-0052,sensor_report,air_quality,Zone-B-Midtown,AIR-007,2024-06-25T15:00:00,IoT telemetry batch from AIR-007 covers a 2.5-hour window ending 2024-06-25T15:00:00. Zone Zone-B-Midtown shows critical air_quality patterns consistent with seasonal norms.,21,llama-3-embed,smartcity_idx_air_quality,"air_quality,zone-b-midtown,sensor_report",0.877,DOC-132,6,en,2024-10-27
CHK-0053,maintenance_log,traffic,Zone-E-Airport,TRA-007,2024-11-09T05:00:00,Calibration log for traffic sensor TRA-007: Routine calibration completed. Sensor accuracy verified at 0.94% confidence. Next scheduled maintenance in 60 days.,21,llama-3-embed,smartcity_idx_traffic,"traffic,zone-e-airport,maintenance_log",0.888,DOC-366,10,en,2024-05-16
CHK-0054,sensor_report,traffic,Zone-E-Airport,TRA-001,2024-12-09T07:00:00,IoT telemetry batch from TRA-001 covers a 2.5-hour window ending 2024-12-09T07:00:00. Zone Zone-E-Airport shows elevated traffic patterns consistent with seasonal norms.,21,llama-3-embed,smartcity_idx_traffic,"traffic,zone-e-airport,sensor_report",0.72,DOC-429,7,en,2024-06-13
CHK-0055,policy_document,energy,Zone-C-Residential,ENE-003,2024-01-05T17:00:00,Energy grid management protocol: Peak demand events in Zone-C-Residential exceeding 200kW trigger load-balancing routines. Renewable energy targets mandate a minimum 30% green energy mix by Q4 2024.,27,llama-3-embed,smartcity_idx_energy,"energy,zone-c-residential,policy_document",0.893,DOC-281,6,en,2024-10-05
CHK-0056,analytics_summary,air_quality,Zone-A-Downtown,AIR-007,2024-09-22T18:00:00,"Quarterly performance report: Zone-A-Downtown smart city sensors achieved 98.5% uptime. air_quality data completeness: 99.1%. Predictive model accuracy for anomaly detection: 91.3% precision, 88.7% recall.",24,llama-3-embed,smartcity_idx_air_quality,"air_quality,zone-a-downtown,analytics_summary",0.917,DOC-506,6,en,2024-07-18
CHK-0057,maintenance_log,traffic,Zone-C-Residential,TRA-002,2024-02-08T20:00:00,Maintenance ticket #7677: Sensor TRA-002 in Zone-C-Residential flagged for battery replacement. Battery level dropped to 69%. Technician dispatched on schedule. Service restored within 4 hours.,25,llama-3-embed,smartcity_idx_traffic,"traffic,zone-c-residential,maintenance_log",0.984,DOC-335,6,en,2024-02-06
CHK-0058,sensor_report,traffic,Zone-A-Downtown,TRA-008,2024-07-07T23:00:00,IoT telemetry batch from TRA-008 covers a 2.5-hour window ending 2024-07-07T23:00:00. Zone Zone-A-Downtown shows critical traffic patterns consistent with seasonal norms.,21,llama-3-embed,smartcity_idx_traffic,"traffic,zone-a-downtown,sensor_report",0.982,DOC-768,9,en,2024-11-14
CHK-0059,analytics_summary,energy,Zone-D-Industrial,ENE-005,2024-12-06T19:00:00,"Quarterly performance report: Zone-D-Industrial smart city sensors achieved 98.5% uptime. energy data completeness: 99.1%. Predictive model accuracy for anomaly detection: 91.3% precision, 88.7% recall.",24,llama-3-embed,smartcity_idx_energy,"energy,zone-d-industrial,analytics_summary",0.982,DOC-554,8,en,2024-03-15
CHK-0060,analytics_summary,air_quality,Zone-D-Industrial,AIR-005,2024-09-15T19:00:00,Weekly analytics digest for Zone-D-Industrial: air_quality metrics averaged within normal bounds. Peak readings occurred during rush hours. Trend analysis shows 3.2% improvement in efficiency versus prior week.,27,llama-3-embed,smartcity_idx_air_quality,"air_quality,zone-d-industrial,analytics_summary",0.677,DOC-453,8,en,2024-01-13
CHK-0061,incident_report,traffic,Zone-C-Residential,TRA-004,2024-03-26T03:00:00,"Anomaly report for sensor TRA-004: Spike in traffic metrics detected. Possible causes include equipment malfunction, environmental event, or cyber intrusion. Forensic analysis pending.",23,llama-3-embed,smartcity_idx_traffic,"traffic,zone-c-residential,incident_report",0.645,DOC-702,4,en,2024-03-08
CHK-0062,maintenance_log,energy,Zone-A-Downtown,ENE-001,2024-01-25T06:00:00,Maintenance ticket #9471: Sensor ENE-001 in Zone-A-Downtown flagged for battery replacement. Battery level dropped to 48%. Technician dispatched on schedule. Service restored within 4 hours.,25,llama-3-embed,smartcity_idx_energy,"energy,zone-a-downtown,maintenance_log",0.901,DOC-288,8,en,2024-05-16
CHK-0063,maintenance_log,energy,Zone-C-Residential,ENE-006,2024-04-10T00:00:00,Field service report: Zone-C-Residential sensor cluster underwent firmware upgrade. All energy sensors updated to firmware v2.4.1. Downtime: 15 minutes. Data continuity maintained.,22,llama-3-embed,smartcity_idx_energy,"energy,zone-c-residential,maintenance_log",0.929,DOC-318,7,en,2024-05-25
CHK-0064,maintenance_log,traffic,Zone-C-Residential,TRA-008,2024-06-21T09:00:00,Maintenance ticket #8692: Sensor TRA-008 in Zone-C-Residential flagged for battery replacement. Battery level dropped to 81%. Technician dispatched on schedule. Service restored within 4 hours.,25,llama-3-embed,smartcity_idx_traffic,"traffic,zone-c-residential,maintenance_log",0.611,DOC-648,10,en,2024-02-11
CHK-0065,sensor_report,energy,Zone-A-Downtown,ENE-006,2024-12-23T00:00:00,IoT telemetry batch from ENE-006 covers a 2.5-hour window ending 2024-12-23T00:00:00. Zone Zone-A-Downtown shows critical energy patterns consistent with seasonal norms.,21,llama-3-embed,smartcity_idx_energy,"energy,zone-a-downtown,sensor_report",0.87,DOC-427,5,en,2024-07-06
CHK-0066,analytics_summary,air_quality,Zone-B-Midtown,AIR-005,2024-09-03T02:00:00,"Quarterly performance report: Zone-B-Midtown smart city sensors achieved 98.5% uptime. air_quality data completeness: 99.1%. Predictive model accuracy for anomaly detection: 91.3% precision, 88.7% recall.",24,llama-3-embed,smartcity_idx_air_quality,"air_quality,zone-b-midtown,analytics_summary",0.645,DOC-498,6,en,2024-04-28
CHK-0067,policy_document,traffic,Zone-A-Downtown,TRA-005,2024-09-13T05:00:00,City of SmartMetro Regulation 2024-4123: Environmental monitoring standards require AQI sensors to maintain calibration within ±5% accuracy. Sensors exceeding deviation thresholds must be recalibrated within 72 hours.,27,llama-3-embed,smartcity_idx_traffic,"traffic,zone-a-downtown,policy_document",0.751,DOC-609,3,en,2024-03-23
CHK-0068,analytics_summary,air_quality,Zone-A-Downtown,AIR-001,2024-03-02T09:00:00,Weekly analytics digest for Zone-A-Downtown: air_quality metrics averaged within normal bounds. Peak readings occurred during rush hours. Trend analysis shows 3.2% improvement in efficiency versus prior week.,27,llama-3-embed,smartcity_idx_air_quality,"air_quality,zone-a-downtown,analytics_summary",0.715,DOC-462,10,en,2024-05-08
CHK-0069,maintenance_log,traffic,Zone-B-Midtown,TRA-004,2024-05-14T03:00:00,Maintenance ticket #4159: Sensor TRA-004 in Zone-B-Midtown flagged for battery replacement. Battery level dropped to 30%. Technician dispatched on schedule. Service restored within 4 hours.,25,llama-3-embed,smartcity_idx_traffic,"traffic,zone-b-midtown,maintenance_log",0.727,DOC-493,6,en,2024-03-20
CHK-0070,policy_document,energy,Zone-B-Midtown,ENE-008,2024-05-14T06:00:00,Energy grid management protocol: Peak demand events in Zone-B-Midtown exceeding 200kW trigger load-balancing routines. Renewable energy targets mandate a minimum 30% green energy mix by Q4 2024.,27,llama-3-embed,smartcity_idx_energy,"energy,zone-b-midtown,policy_document",0.886,DOC-995,6,en,2024-08-26
CHK-0071,policy_document,air_quality,Zone-A-Downtown,AIR-001,2024-03-02T06:00:00,Smart City Operational Policy: All air_quality sensors in Zone-A-Downtown must transmit data every 2.5 hours. Anomaly thresholds trigger automated alerts to city operations center. Maintenance windows are scheduled bi-monthly.,29,llama-3-embed,smartcity_idx_air_quality,"air_quality,zone-a-downtown,policy_document",0.668,DOC-354,2,en,2024-02-03
CHK-0072,sensor_report,traffic,Zone-A-Downtown,TRA-005,2024-06-25T11:00:00,Automated report from traffic sensor TRA-005 deployed in Zone-A-Downtown. Timestamp: 2024-06-25T11:00:00. Sensor battery level at 69%. Readings are within acceptable operational thresholds.,22,llama-3-embed,smartcity_idx_traffic,"traffic,zone-a-downtown,sensor_report",0.788,DOC-624,8,en,2024-06-03
CHK-0073,maintenance_log,air_quality,Zone-B-Midtown,AIR-005,2024-11-27T09:00:00,Maintenance ticket #9441: Sensor AIR-005 in Zone-B-Midtown flagged for battery replacement. Battery level dropped to 47%. Technician dispatched on schedule. Service restored within 4 hours.,25,llama-3-embed,smartcity_idx_air_quality,"air_quality,zone-b-midtown,maintenance_log",0.821,DOC-866,4,en,2024-10-15
CHK-0074,sensor_report,air_quality,Zone-C-Residential,AIR-007,2024-12-07T03:00:00,Sensor AIR-007 in Zone-C-Residential recorded air_quality readings at 2024-12-07T03:00:00. The measured values indicate normal conditions. Data quality score was 0.88. No anomalies detected during this period.,26,llama-3-embed,smartcity_idx_air_quality,"air_quality,zone-c-residential,sensor_report",0.652,DOC-741,7,en,2024-02-19
CHK-0075,maintenance_log,traffic,Zone-A-Downtown,TRA-004,2024-09-25T17:00:00,Field service report: Zone-A-Downtown sensor cluster underwent firmware upgrade. All traffic sensors updated to firmware v2.4.1. Downtime: 15 minutes. Data continuity maintained.,22,llama-3-embed,smartcity_idx_traffic,"traffic,zone-a-downtown,maintenance_log",0.848,DOC-861,10,en,2024-05-17
CHK-0076,incident_report,air_quality,Zone-B-Midtown,AIR-008,2024-09-12T15:00:00,Incident #2119: Anomalous air_quality readings detected in Zone-B-Midtown at 2024-09-12T15:00:00. Values exceeded normal operating range by >3 standard deviations. Automated alert triggered. Investigation initiated by city operations team.,28,llama-3-embed,smartcity_idx_air_quality,"air_quality,zone-b-midtown,incident_report",0.947,DOC-757,2,en,2024-03-20
CHK-0077,policy_document,traffic,Zone-E-Airport,TRA-007,2024-11-10T00:00:00,Energy grid management protocol: Peak demand events in Zone-E-Airport exceeding 200kW trigger load-balancing routines. Renewable energy targets mandate a minimum 30% green energy mix by Q4 2024.,27,llama-3-embed,smartcity_idx_traffic,"traffic,zone-e-airport,policy_document",0.629,DOC-302,9,en,2024-12-09
CHK-0078,maintenance_log,traffic,Zone-B-Midtown,TRA-008,2024-06-19T14:00:00,Field service report: Zone-B-Midtown sensor cluster underwent firmware upgrade. All traffic sensors updated to firmware v2.4.1. Downtime: 15 minutes. Data continuity maintained.,22,llama-3-embed,smartcity_idx_traffic,"traffic,zone-b-midtown,maintenance_log",0.684,DOC-384,5,en,2024-04-20
CHK-0079,analytics_summary,traffic,Zone-E-Airport,TRA-008,2024-12-19T04:00:00,Weekly analytics digest for Zone-E-Airport: traffic metrics averaged within normal bounds. Peak readings occurred during rush hours. Trend analysis shows 3.2% improvement in efficiency versus prior week.,27,llama-3-embed,smartcity_idx_traffic,"traffic,zone-e-airport,analytics_summary",0.97,DOC-411,1,en,2024-09-15
CHK-0080,maintenance_log,energy,Zone-A-Downtown,ENE-001,2024-07-25T04:00:00,Maintenance ticket #7375: Sensor ENE-001 in Zone-A-Downtown flagged for battery replacement. Battery level dropped to 54%. Technician dispatched on schedule. Service restored within 4 hours.,25,llama-3-embed,smartcity_idx_energy,"energy,zone-a-downtown,maintenance_log",0.904,DOC-966,10,en,2024-10-06
CHK-0081,analytics_summary,traffic,Zone-C-Residential,TRA-003,2024-01-26T16:00:00,"Monthly summary — traffic domain, Zone-C-Residential: 95th percentile readings remain below alert thresholds. Correlation analysis reveals strong relationship between weather conditions and sensor variance.",24,llama-3-embed,smartcity_idx_traffic,"traffic,zone-c-residential,analytics_summary",0.977,DOC-508,10,en,2024-09-24
CHK-0082,incident_report,air_quality,Zone-A-Downtown,AIR-002,2024-08-19T18:00:00,Critical event log: Zone-A-Downtown experienced elevated air_quality anomaly at 2024-08-19T18:00:00. Sensor AIR-002 captured the event. Emergency response protocol activated. Situation resolved within 2 hours.,24,llama-3-embed,smartcity_idx_air_quality,"air_quality,zone-a-downtown,incident_report",0.876,DOC-125,2,en,2024-03-24
CHK-0083,policy_document,air_quality,Zone-C-Residential,AIR-004,2024-04-19T15:00:00,City of SmartMetro Regulation 2024-8573: Environmental monitoring standards require AQI sensors to maintain calibration within ±5% accuracy. Sensors exceeding deviation thresholds must be recalibrated within 72 hours.,27,llama-3-embed,smartcity_idx_air_quality,"air_quality,zone-c-residential,policy_document",0.936,DOC-972,1,en,2024-03-07
CHK-0084,analytics_summary,traffic,Zone-A-Downtown,TRA-007,2024-03-18T13:00:00,"Quarterly performance report: Zone-A-Downtown smart city sensors achieved 98.5% uptime. traffic data completeness: 99.1%. Predictive model accuracy for anomaly detection: 91.3% precision, 88.7% recall.",24,llama-3-embed,smartcity_idx_traffic,"traffic,zone-a-downtown,analytics_summary",0.957,DOC-929,2,en,2024-02-03
CHK-0085,maintenance_log,traffic,Zone-D-Industrial,TRA-004,2024-09-03T02:00:00,Calibration log for traffic sensor TRA-004: Routine calibration completed. Sensor accuracy verified at 0.92% confidence. Next scheduled maintenance in 60 days.,21,llama-3-embed,smartcity_idx_traffic,"traffic,zone-d-industrial,maintenance_log",0.945,DOC-912,6,en,2024-10-14
CHK-0086,analytics_summary,energy,Zone-E-Airport,ENE-003,2024-08-05T23:00:00,"Monthly summary — energy domain, Zone-E-Airport: 95th percentile readings remain below alert thresholds. Correlation analysis reveals strong relationship between weather conditions and sensor variance.",24,llama-3-embed,smartcity_idx_energy,"energy,zone-e-airport,analytics_summary",0.953,DOC-811,7,en,2024-06-03
CHK-0087,analytics_summary,traffic,Zone-E-Airport,TRA-004,2024-08-17T21:00:00,"Quarterly performance report: Zone-E-Airport smart city sensors achieved 98.5% uptime. traffic data completeness: 99.1%. Predictive model accuracy for anomaly detection: 91.3% precision, 88.7% recall.",24,llama-3-embed,smartcity_idx_traffic,"traffic,zone-e-airport,analytics_summary",0.87,DOC-195,8,en,2024-10-28
CHK-0088,incident_report,traffic,Zone-D-Industrial,TRA-004,2024-04-03T07:00:00,Incident #4675: Anomalous traffic readings detected in Zone-D-Industrial at 2024-04-03T07:00:00. Values exceeded normal operating range by >3 standard deviations. Automated alert triggered. Investigation initiated by city operations team.,28,llama-3-embed,smartcity_idx_traffic,"traffic,zone-d-industrial,incident_report",0.725,DOC-765,6,en,2024-12-03
CHK-0089,analytics_summary,air_quality,Zone-E-Airport,AIR-008,2024-01-25T06:00:00,Weekly analytics digest for Zone-E-Airport: air_quality metrics averaged within normal bounds. Peak readings occurred during rush hours. Trend analysis shows 3.2% improvement in efficiency versus prior week.,27,llama-3-embed,smartcity_idx_air_quality,"air_quality,zone-e-airport,analytics_summary",0.815,DOC-299,5,en,2024-06-04
CHK-0090,policy_document,energy,Zone-D-Industrial,ENE-008,2024-06-20T12:00:00,Smart City Operational Policy: All energy sensors in Zone-D-Industrial must transmit data every 2.5 hours. Anomaly thresholds trigger automated alerts to city operations center. Maintenance windows are scheduled bi-monthly.,29,llama-3-embed,smartcity_idx_energy,"energy,zone-d-industrial,policy_document",0.618,DOC-861,6,en,2024-09-27
CHK-0091,maintenance_log,traffic,Zone-D-Industrial,TRA-001,2024-08-06T05:00:00,Maintenance ticket #4165: Sensor TRA-001 in Zone-D-Industrial flagged for battery replacement. Battery level dropped to 68%. Technician dispatched on schedule. Service restored within 4 hours.,25,llama-3-embed,smartcity_idx_traffic,"traffic,zone-d-industrial,maintenance_log",0.869,DOC-685,8,en,2024-10-19
CHK-0092,analytics_summary,traffic,Zone-D-Industrial,TRA-004,2024-10-28T02:00:00,Weekly analytics digest for Zone-D-Industrial: traffic metrics averaged within normal bounds. Peak readings occurred during rush hours. Trend analysis shows 3.2% improvement in efficiency versus prior week.,27,llama-3-embed,smartcity_idx_traffic,"traffic,zone-d-industrial,analytics_summary",0.732,DOC-584,9,en,2024-02-15
CHK-0093,analytics_summary,traffic,Zone-E-Airport,TRA-001,2024-09-05T12:00:00,"Quarterly performance report: Zone-E-Airport smart city sensors achieved 98.5% uptime. traffic data completeness: 99.1%. Predictive model accuracy for anomaly detection: 91.3% precision, 88.7% recall.",24,llama-3-embed,smartcity_idx_traffic,"traffic,zone-e-airport,analytics_summary",0.856,DOC-121,5,en,2024-05-12
CHK-0094,incident_report,energy,Zone-B-Midtown,ENE-008,2024-10-28T09:00:00,"Anomaly report for sensor ENE-008: Spike in energy metrics detected. Possible causes include equipment malfunction, environmental event, or cyber intrusion. Forensic analysis pending.",23,llama-3-embed,smartcity_idx_energy,"energy,zone-b-midtown,incident_report",0.691,DOC-931,3,en,2024-06-01
CHK-0095,sensor_report,energy,Zone-B-Midtown,ENE-001,2024-06-17T13:00:00,Sensor ENE-001 in Zone-B-Midtown recorded energy readings at 2024-06-17T13:00:00. The measured values indicate critical conditions. Data quality score was 0.97. No anomalies detected during this period.,26,llama-3-embed,smartcity_idx_energy,"energy,zone-b-midtown,sensor_report",0.738,DOC-827,3,en,2024-10-05
CHK-0096,sensor_report,air_quality,Zone-A-Downtown,AIR-006,2024-07-02T10:00:00,Sensor AIR-006 in Zone-A-Downtown recorded air_quality readings at 2024-07-02T10:00:00. The measured values indicate critical conditions. Data quality score was 0.96. No anomalies detected during this period.,26,llama-3-embed,smartcity_idx_air_quality,"air_quality,zone-a-downtown,sensor_report",0.698,DOC-155,5,en,2024-02-18
CHK-0097,sensor_report,energy,Zone-E-Airport,ENE-002,2024-05-17T03:00:00,Sensor ENE-002 in Zone-E-Airport recorded energy readings at 2024-05-17T03:00:00. The measured values indicate elevated conditions. Data quality score was 0.98. No anomalies detected during this period.,26,llama-3-embed,smartcity_idx_energy,"energy,zone-e-airport,sensor_report",0.927,DOC-469,2,en,2024-06-17
CHK-0098,maintenance_log,traffic,Zone-D-Industrial,TRA-004,2024-10-25T15:00:00,Calibration log for traffic sensor TRA-004: Routine calibration completed. Sensor accuracy verified at 0.96% confidence. Next scheduled maintenance in 60 days.,21,llama-3-embed,smartcity_idx_traffic,"traffic,zone-d-industrial,maintenance_log",0.84,DOC-265,10,en,2024-01-03
CHK-0099,policy_document,air_quality,Zone-C-Residential,AIR-008,2024-09-07T18:00:00,Smart City Operational Policy: All air_quality sensors in Zone-C-Residential must transmit data every 2.5 hours. Anomaly thresholds trigger automated alerts to city operations center. Maintenance windows are scheduled bi-monthly.,29,llama-3-embed,smartcity_idx_air_quality,"air_quality,zone-c-residential,policy_document",0.799,DOC-444,5,en,2024-08-28
CHK-0100,sensor_report,air_quality,Zone-A-Downtown,AIR-001,2024-06-13T08:00:00,IoT telemetry batch from AIR-001 covers a 2.5-hour window ending 2024-06-13T08:00:00. Zone Zone-A-Downtown shows critical air_quality patterns consistent with seasonal norms.,21,llama-3-embed,smartcity_idx_air_quality,"air_quality,zone-a-downtown,sensor_report",0.961,DOC-695,1,en,2024-02-11
CHK-0101,analytics_summary,air_quality,Zone-C-Residential,AIR-004,2024-03-08T22:00:00,Weekly analytics digest for Zone-C-Residential: air_quality metrics averaged within normal bounds. Peak readings occurred during rush hours. Trend analysis shows 3.2% improvement in efficiency versus prior week.,27,llama-3-embed,smartcity_idx_air_quality,"air_quality,zone-c-residential,analytics_summary",0.89,DOC-103,6,en,2024-01-14
CHK-0102,incident_report,air_quality,Zone-C-Residential,AIR-006,2024-04-18T07:00:00,"Anomaly report for sensor AIR-006: Spike in air_quality metrics detected. Possible causes include equipment malfunction, environmental event, or cyber intrusion. Forensic analysis pending.",23,llama-3-embed,smartcity_idx_air_quality,"air_quality,zone-c-residential,incident_report",0.956,DOC-209,6,en,2024-01-01
CHK-0103,sensor_report,air_quality,Zone-A-Downtown,AIR-001,2024-11-13T05:00:00,IoT telemetry batch from AIR-001 covers a 2.5-hour window ending 2024-11-13T05:00:00. Zone Zone-A-Downtown shows normal air_quality patterns consistent with seasonal norms.,21,llama-3-embed,smartcity_idx_air_quality,"air_quality,zone-a-downtown,sensor_report",0.74,DOC-694,7,en,2024-03-09
CHK-0104,incident_report,energy,Zone-B-Midtown,ENE-005,2024-07-15T08:00:00,"Anomaly report for sensor ENE-005: Spike in energy metrics detected. Possible causes include equipment malfunction, environmental event, or cyber intrusion. Forensic analysis pending.",23,llama-3-embed,smartcity_idx_energy,"energy,zone-b-midtown,incident_report",0.879,DOC-664,3,en,2024-06-07
CHK-0105,analytics_summary,energy,Zone-E-Airport,ENE-005,2024-08-17T09:00:00,Weekly analytics digest for Zone-E-Airport: energy metrics averaged within normal bounds. Peak readings occurred during rush hours. Trend analysis shows 3.2% improvement in efficiency versus prior week.,27,llama-3-embed,smartcity_idx_energy,"energy,zone-e-airport,analytics_summary",0.67,DOC-198,5,en,2024-01-10
CHK-0106,incident_report,traffic,Zone-E-Airport,TRA-008,2024-02-13T05:00:00,Incident #1877: Anomalous traffic readings detected in Zone-E-Airport at 2024-02-13T05:00:00. Values exceeded normal operating range by >3 standard deviations. Automated alert triggered. Investigation initiated by city operations team.,28,llama-3-embed,smartcity_idx_traffic,"traffic,zone-e-airport,incident_report",0.611,DOC-605,10,en,2024-09-22
CHK-0107,analytics_summary,traffic,Zone-B-Midtown,TRA-002,2024-01-11T15:00:00,Weekly analytics digest for Zone-B-Midtown: traffic metrics averaged within normal bounds. Peak readings occurred during rush hours. Trend analysis shows 3.2% improvement in efficiency versus prior week.,27,llama-3-embed,smartcity_idx_traffic,"traffic,zone-b-midtown,analytics_summary",0.881,DOC-439,10,en,2024-07-04
CHK-0108,sensor_report,energy,Zone-A-Downtown,ENE-003,2024-04-18T06:00:00,IoT telemetry batch from ENE-003 covers a 2.5-hour window ending 2024-04-18T06:00:00. Zone Zone-A-Downtown shows elevated energy patterns consistent with seasonal norms.,21,llama-3-embed,smartcity_idx_energy,"energy,zone-a-downtown,sensor_report",0.944,DOC-619,4,en,2024-12-12
CHK-0109,policy_document,traffic,Zone-C-Residential,TRA-001,2024-06-11T08:00:00,Energy grid management protocol: Peak demand events in Zone-C-Residential exceeding 200kW trigger load-balancing routines. Renewable energy targets mandate a minimum 30% green energy mix by Q4 2024.,27,llama-3-embed,smartcity_idx_traffic,"traffic,zone-c-residential,policy_document",0.762,DOC-999,4,en,2024-06-10
CHK-0110,incident_report,air_quality,Zone-C-Residential,AIR-002,2024-10-13T20:00:00,Critical event log: Zone-C-Residential experienced elevated air_quality anomaly at 2024-10-13T20:00:00. Sensor AIR-002 captured the event. Emergency response protocol activated. Situation resolved within 2 hours.,24,llama-3-embed,smartcity_idx_air_quality,"air_quality,zone-c-residential,incident_report",0.933,DOC-242,3,en,2024-07-15
CHK-0111,maintenance_log,energy,Zone-A-Downtown,ENE-003,2024-08-16T12:00:00,Maintenance ticket #8909: Sensor ENE-003 in Zone-A-Downtown flagged for battery replacement. Battery level dropped to 98%. Technician dispatched on schedule. Service restored within 4 hours.,25,llama-3-embed,smartcity_idx_energy,"energy,zone-a-downtown,maintenance_log",0.704,DOC-979,2,en,2024-10-22
CHK-0112,policy_document,energy,Zone-D-Industrial,ENE-003,2024-08-18T12:00:00,Smart City Operational Policy: All energy sensors in Zone-D-Industrial must transmit data every 2.5 hours. Anomaly thresholds trigger automated alerts to city operations center. Maintenance windows are scheduled bi-monthly.,29,llama-3-embed,smartcity_idx_energy,"energy,zone-d-industrial,policy_document",0.993,DOC-693,1,en,2024-01-14
CHK-0113,incident_report,air_quality,Zone-C-Residential,AIR-006,2024-11-13T03:00:00,Incident #8030: Anomalous air_quality readings detected in Zone-C-Residential at 2024-11-13T03:00:00. Values exceeded normal operating range by >3 standard deviations. Automated alert triggered. Investigation initiated by city operations team.,28,llama-3-embed,smartcity_idx_air_quality,"air_quality,zone-c-residential,incident_report",0.781,DOC-956,3,en,2024-11-02
CHK-0114,incident_report,energy,Zone-A-Downtown,ENE-001,2024-02-02T12:00:00,Critical event log: Zone-A-Downtown experienced elevated energy anomaly at 2024-02-02T12:00:00. Sensor ENE-001 captured the event. Emergency response protocol activated. Situation resolved within 2 hours.,24,llama-3-embed,smartcity_idx_energy,"energy,zone-a-downtown,incident_report",0.877,DOC-331,6,en,2024-11-17
CHK-0115,maintenance_log,traffic,Zone-E-Airport,TRA-005,2024-12-01T01:00:00,Field service report: Zone-E-Airport sensor cluster underwent firmware upgrade. All traffic sensors updated to firmware v2.4.1. Downtime: 15 minutes. Data continuity maintained.,22,llama-3-embed,smartcity_idx_traffic,"traffic,zone-e-airport,maintenance_log",0.779,DOC-701,9,en,2024-03-15
CHK-0116,sensor_report,traffic,Zone-A-Downtown,TRA-007,2024-05-26T05:00:00,Sensor TRA-007 in Zone-A-Downtown recorded traffic readings at 2024-05-26T05:00:00. The measured values indicate optimal conditions. Data quality score was 0.96. No anomalies detected during this period.,26,llama-3-embed,smartcity_idx_traffic,"traffic,zone-a-downtown,sensor_report",0.94,DOC-127,3,en,2024-05-08
CHK-0117,analytics_summary,traffic,Zone-D-Industrial,TRA-001,2024-10-27T17:00:00,"Quarterly performance report: Zone-D-Industrial smart city sensors achieved 98.5% uptime. traffic data completeness: 99.1%. Predictive model accuracy for anomaly detection: 91.3% precision, 88.7% recall.",24,llama-3-embed,smartcity_idx_traffic,"traffic,zone-d-industrial,analytics_summary",0.971,DOC-256,6,en,2024-05-10
CHK-0118,policy_document,traffic,Zone-C-Residential,TRA-002,2024-03-23T21:00:00,Energy grid management protocol: Peak demand events in Zone-C-Residential exceeding 200kW trigger load-balancing routines. Renewable energy targets mandate a minimum 30% green energy mix by Q4 2024.,27,llama-3-embed,smartcity_idx_traffic,"traffic,zone-c-residential,policy_document",0.968,DOC-596,9,en,2024-01-05
CHK-0119,analytics_summary,energy,Zone-B-Midtown,ENE-005,2024-12-11T00:00:00,"Monthly summary — energy domain, Zone-B-Midtown: 95th percentile readings remain below alert thresholds. Correlation analysis reveals strong relationship between weather conditions and sensor variance.",24,llama-3-embed,smartcity_idx_energy,"energy,zone-b-midtown,analytics_summary",0.676,DOC-236,5,en,2024-07-17
CHK-0120,incident_report,air_quality,Zone-E-Airport,AIR-002,2024-04-12T12:00:00,Incident #4906: Anomalous air_quality readings detected in Zone-E-Airport at 2024-04-12T12:00:00. Values exceeded normal operating range by >3 standard deviations. Automated alert triggered. Investigation initiated by city operations team.,28,llama-3-embed,smartcity_idx_air_quality,"air_quality,zone-e-airport,incident_report",0.84,DOC-719,10,en,2024-08-17
CHK-0121,incident_report,air_quality,Zone-A-Downtown,AIR-005,2024-04-23T01:00:00,"Anomaly report for sensor AIR-005: Spike in air_quality metrics detected. Possible causes include equipment malfunction, environmental event, or cyber intrusion. Forensic analysis pending.",23,llama-3-embed,smartcity_idx_air_quality,"air_quality,zone-a-downtown,incident_report",0.603,DOC-886,4,en,2024-05-14
CHK-0122,policy_document,traffic,Zone-D-Industrial,TRA-001,2024-11-24T05:00:00,City of SmartMetro Regulation 2024-4993: Environmental monitoring standards require AQI sensors to maintain calibration within ±5% accuracy. Sensors exceeding deviation thresholds must be recalibrated within 72 hours.,27,llama-3-embed,smartcity_idx_traffic,"traffic,zone-d-industrial,policy_document",0.857,DOC-473,9,en,2024-07-26
CHK-0123,policy_document,traffic,Zone-B-Midtown,TRA-001,2024-12-10T15:00:00,Energy grid management protocol: Peak demand events in Zone-B-Midtown exceeding 200kW trigger load-balancing routines. Renewable energy targets mandate a minimum 30% green energy mix by Q4 2024.,27,llama-3-embed,smartcity_idx_traffic,"traffic,zone-b-midtown,policy_document",0.866,DOC-759,1,en,2024-09-27
CHK-0124,policy_document,traffic,Zone-D-Industrial,TRA-002,2024-08-28T06:00:00,Smart City Operational Policy: All traffic sensors in Zone-D-Industrial must transmit data every 2.5 hours. Anomaly thresholds trigger automated alerts to city operations center. Maintenance windows are scheduled bi-monthly.,29,llama-3-embed,smartcity_idx_traffic,"traffic,zone-d-industrial,policy_document",0.927,DOC-171,7,en,2024-04-19
CHK-0125,maintenance_log,energy,Zone-C-Residential,ENE-002,2024-02-28T05:00:00,Calibration log for energy sensor ENE-002: Routine calibration completed. Sensor accuracy verified at 0.92% confidence. Next scheduled maintenance in 60 days.,21,llama-3-embed,smartcity_idx_energy,"energy,zone-c-residential,maintenance_log",0.693,DOC-801,7,en,2024-04-15
CHK-0126,incident_report,traffic,Zone-D-Industrial,TRA-005,2024-09-03T04:00:00,Critical event log: Zone-D-Industrial experienced elevated traffic anomaly at 2024-09-03T04:00:00. Sensor TRA-005 captured the event. Emergency response protocol activated. Situation resolved within 2 hours.,24,llama-3-embed,smartcity_idx_traffic,"traffic,zone-d-industrial,incident_report",0.845,DOC-876,6,en,2024-01-11
CHK-0127,sensor_report,air_quality,Zone-B-Midtown,AIR-004,2024-04-01T01:00:00,Sensor AIR-004 in Zone-B-Midtown recorded air_quality readings at 2024-04-01T01:00:00. The measured values indicate optimal conditions. Data quality score was 0.91. No anomalies detected during this period.,26,llama-3-embed,smartcity_idx_air_quality,"air_quality,zone-b-midtown,sensor_report",0.861,DOC-581,10,en,2024-04-10
CHK-0128,maintenance_log,traffic,Zone-A-Downtown,TRA-002,2024-04-25T14:00:00,Maintenance ticket #7314: Sensor TRA-002 in Zone-A-Downtown flagged for battery replacement. Battery level dropped to 93%. Technician dispatched on schedule. Service restored within 4 hours.,25,llama-3-embed,smartcity_idx_traffic,"traffic,zone-a-downtown,maintenance_log",0.931,DOC-125,5,en,2024-06-23
CHK-0129,sensor_report,energy,Zone-D-Industrial,ENE-004,2024-05-14T10:00:00,IoT telemetry batch from ENE-004 covers a 2.5-hour window ending 2024-05-14T10:00:00. Zone Zone-D-Industrial shows critical energy patterns consistent with seasonal norms.,21,llama-3-embed,smartcity_idx_energy,"energy,zone-d-industrial,sensor_report",0.757,DOC-973,4,en,2024-07-21
CHK-0130,incident_report,energy,Zone-A-Downtown,ENE-007,2024-11-15T05:00:00,Critical event log: Zone-A-Downtown experienced elevated energy anomaly at 2024-11-15T05:00:00. Sensor ENE-007 captured the event. Emergency response protocol activated. Situation resolved within 2 hours.,24,llama-3-embed,smartcity_idx_energy,"energy,zone-a-downtown,incident_report",0.889,DOC-252,1,en,2024-11-24
CHK-0131,analytics_summary,traffic,Zone-C-Residential,TRA-007,2024-02-26T09:00:00,Weekly analytics digest for Zone-C-Residential: traffic metrics averaged within normal bounds. Peak readings occurred during rush hours. Trend analysis shows 3.2% improvement in efficiency versus prior week.,27,llama-3-embed,smartcity_idx_traffic,"traffic,zone-c-residential,analytics_summary",0.958,DOC-962,5,en,2024-10-09
CHK-0132,incident_report,energy,Zone-A-Downtown,ENE-005,2024-04-13T17:00:00,Critical event log: Zone-A-Downtown experienced elevated energy anomaly at 2024-04-13T17:00:00. Sensor ENE-005 captured the event. Emergency response protocol activated. Situation resolved within 2 hours.,24,llama-3-embed,smartcity_idx_energy,"energy,zone-a-downtown,incident_report",0.665,DOC-355,1,en,2024-08-01
CHK-0133,analytics_summary,air_quality,Zone-B-Midtown,AIR-005,2024-11-25T17:00:00,"Monthly summary — air_quality domain, Zone-B-Midtown: 95th percentile readings remain below alert thresholds. Correlation analysis reveals strong relationship between weather conditions and sensor variance.",24,llama-3-embed,smartcity_idx_air_quality,"air_quality,zone-b-midtown,analytics_summary",0.956,DOC-971,4,en,2024-05-23
CHK-0134,policy_document,traffic,Zone-E-Airport,TRA-005,2024-08-27T18:00:00,Energy grid management protocol: Peak demand events in Zone-E-Airport exceeding 200kW trigger load-balancing routines. Renewable energy targets mandate a minimum 30% green energy mix by Q4 2024.,27,llama-3-embed,smartcity_idx_traffic,"traffic,zone-e-airport,policy_document",0.921,DOC-639,3,en,2024-02-12
CHK-0135,sensor_report,traffic,Zone-B-Midtown,TRA-007,2024-01-18T03:00:00,Automated report from traffic sensor TRA-007 deployed in Zone-B-Midtown. Timestamp: 2024-01-18T03:00:00. Sensor battery level at 69%. Readings are within acceptable operational thresholds.,22,llama-3-embed,smartcity_idx_traffic,"traffic,zone-b-midtown,sensor_report",0.72,DOC-943,1,en,2024-08-04
CHK-0136,incident_report,air_quality,Zone-B-Midtown,AIR-004,2024-06-07T04:00:00,"Anomaly report for sensor AIR-004: Spike in air_quality metrics detected. Possible causes include equipment malfunction, environmental event, or cyber intrusion. Forensic analysis pending.",23,llama-3-embed,smartcity_idx_air_quality,"air_quality,zone-b-midtown,incident_report",0.996,DOC-819,8,en,2024-10-16
CHK-0137,analytics_summary,air_quality,Zone-A-Downtown,AIR-002,2024-10-27T11:00:00,"Monthly summary — air_quality domain, Zone-A-Downtown: 95th percentile readings remain below alert thresholds. Correlation analysis reveals strong relationship between weather conditions and sensor variance.",24,llama-3-embed,smartcity_idx_air_quality,"air_quality,zone-a-downtown,analytics_summary",0.945,DOC-861,4,en,2024-02-01
CHK-0138,analytics_summary,traffic,Zone-C-Residential,TRA-006,2024-03-24T16:00:00,"Monthly summary — traffic domain, Zone-C-Residential: 95th percentile readings remain below alert thresholds. Correlation analysis reveals strong relationship between weather conditions and sensor variance.",24,llama-3-embed,smartcity_idx_traffic,"traffic,zone-c-residential,analytics_summary",0.663,DOC-155,4,en,2024-10-22
CHK-0139,maintenance_log,air_quality,Zone-B-Midtown,AIR-002,2024-11-07T12:00:00,Field service report: Zone-B-Midtown sensor cluster underwent firmware upgrade. All air_quality sensors updated to firmware v2.4.1. Downtime: 15 minutes. Data continuity maintained.,22,llama-3-embed,smartcity_idx_air_quality,"air_quality,zone-b-midtown,maintenance_log",0.714,DOC-967,5,en,2024-07-15
CHK-0140,analytics_summary,air_quality,Zone-C-Residential,AIR-005,2024-10-07T07:00:00,Weekly analytics digest for Zone-C-Residential: air_quality metrics averaged within normal bounds. Peak readings occurred during rush hours. Trend analysis shows 3.2% improvement in efficiency versus prior week.,27,llama-3-embed,smartcity_idx_air_quality,"air_quality,zone-c-residential,analytics_summary",0.709,DOC-964,8,en,2024-01-25
CHK-0141,policy_document,traffic,Zone-D-Industrial,TRA-007,2024-09-08T21:00:00,City of SmartMetro Regulation 2024-8156: Environmental monitoring standards require AQI sensors to maintain calibration within ±5% accuracy. Sensors exceeding deviation thresholds must be recalibrated within 72 hours.,27,llama-3-embed,smartcity_idx_traffic,"traffic,zone-d-industrial,policy_document",0.982,DOC-362,6,en,2024-03-07
CHK-0142,policy_document,energy,Zone-E-Airport,ENE-008,2024-10-17T22:00:00,Energy grid management protocol: Peak demand events in Zone-E-Airport exceeding 200kW trigger load-balancing routines. Renewable energy targets mandate a minimum 30% green energy mix by Q4 2024.,27,llama-3-embed,smartcity_idx_energy,"energy,zone-e-airport,policy_document",0.719,DOC-717,1,en,2024-07-20
CHK-0143,incident_report,air_quality,Zone-E-Airport,AIR-008,2024-09-19T20:00:00,Critical event log: Zone-E-Airport experienced elevated air_quality anomaly at 2024-09-19T20:00:00. Sensor AIR-008 captured the event. Emergency response protocol activated. Situation resolved within 2 hours.,24,llama-3-embed,smartcity_idx_air_quality,"air_quality,zone-e-airport,incident_report",0.837,DOC-874,3,en,2024-06-09
CHK-0144,maintenance_log,traffic,Zone-B-Midtown,TRA-004,2024-12-05T13:00:00,Calibration log for traffic sensor TRA-004: Routine calibration completed. Sensor accuracy verified at 0.91% confidence. Next scheduled maintenance in 60 days.,21,llama-3-embed,smartcity_idx_traffic,"traffic,zone-b-midtown,maintenance_log",0.983,DOC-632,3,en,2024-10-04
CHK-0145,sensor_report,energy,Zone-D-Industrial,ENE-006,2024-05-05T00:00:00,Automated report from energy sensor ENE-006 deployed in Zone-D-Industrial. Timestamp: 2024-05-05T00:00:00. Sensor battery level at 48%. Readings are within acceptable operational thresholds.,22,llama-3-embed,smartcity_idx_energy,"energy,zone-d-industrial,sensor_report",0.679,DOC-401,3,en,2024-09-16
CHK-0146,analytics_summary,traffic,Zone-C-Residential,TRA-002,2024-08-26T05:00:00,"Monthly summary — traffic domain, Zone-C-Residential: 95th percentile readings remain below alert thresholds. Correlation analysis reveals strong relationship between weather conditions and sensor variance.",24,llama-3-embed,smartcity_idx_traffic,"traffic,zone-c-residential,analytics_summary",0.673,DOC-189,8,en,2024-02-05
CHK-0147,incident_report,energy,Zone-E-Airport,ENE-005,2024-12-28T16:00:00,Critical event log: Zone-E-Airport experienced elevated energy anomaly at 2024-12-28T16:00:00. Sensor ENE-005 captured the event. Emergency response protocol activated. Situation resolved within 2 hours.,24,llama-3-embed,smartcity_idx_energy,"energy,zone-e-airport,incident_report",0.976,DOC-304,2,en,2024-03-15
CHK-0148,analytics_summary,traffic,Zone-E-Airport,TRA-004,2024-09-20T07:00:00,"Monthly summary — traffic domain, Zone-E-Airport: 95th percentile readings remain below alert thresholds. Correlation analysis reveals strong relationship between weather conditions and sensor variance.",24,llama-3-embed,smartcity_idx_traffic,"traffic,zone-e-airport,analytics_summary",0.955,DOC-889,9,en,2024-08-15
CHK-0149,maintenance_log,energy,Zone-A-Downtown,ENE-004,2024-02-13T03:00:00,Calibration log for energy sensor ENE-004: Routine calibration completed. Sensor accuracy verified at 0.98% confidence. Next scheduled maintenance in 60 days.,21,llama-3-embed,smartcity_idx_energy,"energy,zone-a-downtown,maintenance_log",0.98,DOC-570,7,en,2024-12-28
CHK-0150,analytics_summary,air_quality,Zone-C-Residential,AIR-001,2024-09-07T15:00:00,Weekly analytics digest for Zone-C-Residential: air_quality metrics averaged within normal bounds. Peak readings occurred during rush hours. Trend analysis shows 3.2% improvement in efficiency versus prior week.,27,llama-3-embed,smartcity_idx_air_quality,"air_quality,zone-c-residential,analytics_summary",0.838,DOC-231,5,en,2024-11-10
CHK-0151,analytics_summary,traffic,Zone-C-Residential,TRA-008,2024-09-09T10:00:00,"Quarterly performance report: Zone-C-Residential smart city sensors achieved 98.5% uptime. traffic data completeness: 99.1%. Predictive model accuracy for anomaly detection: 91.3% precision, 88.7% recall.",24,llama-3-embed,smartcity_idx_traffic,"traffic,zone-c-residential,analytics_summary",0.829,DOC-986,5,en,2024-10-14
CHK-0152,sensor_report,air_quality,Zone-D-Industrial,AIR-002,2024-11-05T07:00:00,IoT telemetry batch from AIR-002 covers a 2.5-hour window ending 2024-11-05T07:00:00. Zone Zone-D-Industrial shows critical air_quality patterns consistent with seasonal norms.,21,llama-3-embed,smartcity_idx_air_quality,"air_quality,zone-d-industrial,sensor_report",0.848,DOC-523,1,en,2024-08-23
CHK-0153,policy_document,air_quality,Zone-A-Downtown,AIR-004,2024-01-27T00:00:00,Smart City Operational Policy: All air_quality sensors in Zone-A-Downtown must transmit data every 2.5 hours. Anomaly thresholds trigger automated alerts to city operations center. Maintenance windows are scheduled bi-monthly.,29,llama-3-embed,smartcity_idx_air_quality,"air_quality,zone-a-downtown,policy_document",0.948,DOC-557,2,en,2024-02-03
CHK-0154,sensor_report,energy,Zone-A-Downtown,ENE-005,2024-05-16T09:00:00,IoT telemetry batch from ENE-005 covers a 2.5-hour window ending 2024-05-16T09:00:00. Zone Zone-A-Downtown shows optimal energy patterns consistent with seasonal norms.,21,llama-3-embed,smartcity_idx_energy,"energy,zone-a-downtown,sensor_report",0.87,DOC-527,8,en,2024-05-28
CHK-0155,sensor_report,traffic,Zone-A-Downtown,TRA-005,2024-11-14T18:00:00,IoT telemetry batch from TRA-005 covers a 2.5-hour window ending 2024-11-14T18:00:00. Zone Zone-A-Downtown shows optimal traffic patterns consistent with seasonal norms.,21,llama-3-embed,smartcity_idx_traffic,"traffic,zone-a-downtown,sensor_report",0.84,DOC-308,1,en,2024-09-23
CHK-0156,analytics_summary,traffic,Zone-A-Downtown,TRA-007,2024-09-04T18:00:00,"Monthly summary — traffic domain, Zone-A-Downtown: 95th percentile readings remain below alert thresholds. Correlation analysis reveals strong relationship between weather conditions and sensor variance.",24,llama-3-embed,smartcity_idx_traffic,"traffic,zone-a-downtown,analytics_summary",0.901,DOC-239,1,en,2024-03-27
CHK-0157,sensor_report,traffic,Zone-C-Residential,TRA-007,2024-11-12T22:00:00,Automated report from traffic sensor TRA-007 deployed in Zone-C-Residential. Timestamp: 2024-11-12T22:00:00. Sensor battery level at 88%. Readings are within acceptable operational thresholds.,22,llama-3-embed,smartcity_idx_traffic,"traffic,zone-c-residential,sensor_report",0.867,DOC-306,8,en,2024-11-25
CHK-0158,sensor_report,energy,Zone-D-Industrial,ENE-003,2024-02-23T20:00:00,Automated report from energy sensor ENE-003 deployed in Zone-D-Industrial. Timestamp: 2024-02-23T20:00:00. Sensor battery level at 43%. Readings are within acceptable operational thresholds.,22,llama-3-embed,smartcity_idx_energy,"energy,zone-d-industrial,sensor_report",0.852,DOC-181,5,en,2024-07-16
CHK-0159,sensor_report,air_quality,Zone-B-Midtown,AIR-002,2024-12-03T22:00:00,Sensor AIR-002 in Zone-B-Midtown recorded air_quality readings at 2024-12-03T22:00:00. The measured values indicate critical conditions. Data quality score was 0.94. No anomalies detected during this period.,26,llama-3-embed,smartcity_idx_air_quality,"air_quality,zone-b-midtown,sensor_report",0.932,DOC-220,9,en,2024-06-22
CHK-0160,maintenance_log,air_quality,Zone-C-Residential,AIR-003,2024-07-06T18:00:00,Field service report: Zone-C-Residential sensor cluster underwent firmware upgrade. All air_quality sensors updated to firmware v2.4.1. Downtime: 15 minutes. Data continuity maintained.,22,llama-3-embed,smartcity_idx_air_quality,"air_quality,zone-c-residential,maintenance_log",0.891,DOC-835,4,en,2024-07-26
CHK-0161,sensor_report,energy,Zone-A-Downtown,ENE-005,2024-04-27T08:00:00,IoT telemetry batch from ENE-005 covers a 2.5-hour window ending 2024-04-27T08:00:00. Zone Zone-A-Downtown shows normal energy patterns consistent with seasonal norms.,21,llama-3-embed,smartcity_idx_energy,"energy,zone-a-downtown,sensor_report",0.709,DOC-194,7,en,2024-03-02
CHK-0162,sensor_report,air_quality,Zone-B-Midtown,AIR-001,2024-08-01T02:00:00,Automated report from air_quality sensor AIR-001 deployed in Zone-B-Midtown. Timestamp: 2024-08-01T02:00:00. Sensor battery level at 66%. Readings are within acceptable operational thresholds.,22,llama-3-embed,smartcity_idx_air_quality,"air_quality,zone-b-midtown,sensor_report",0.845,DOC-512,3,en,2024-05-08
CHK-0163,sensor_report,traffic,Zone-A-Downtown,TRA-006,2024-11-21T19:00:00,Automated report from traffic sensor TRA-006 deployed in Zone-A-Downtown. Timestamp: 2024-11-21T19:00:00. Sensor battery level at 78%. Readings are within acceptable operational thresholds.,22,llama-3-embed,smartcity_idx_traffic,"traffic,zone-a-downtown,sensor_report",0.726,DOC-787,4,en,2024-11-15
CHK-0164,policy_document,energy,Zone-A-Downtown,ENE-001,2024-11-02T09:00:00,Energy grid management protocol: Peak demand events in Zone-A-Downtown exceeding 200kW trigger load-balancing routines. Renewable energy targets mandate a minimum 30% green energy mix by Q4 2024.,27,llama-3-embed,smartcity_idx_energy,"energy,zone-a-downtown,policy_document",0.994,DOC-365,9,en,2024-07-20
CHK-0165,policy_document,air_quality,Zone-C-Residential,AIR-004,2024-05-04T20:00:00,Energy grid management protocol: Peak demand events in Zone-C-Residential exceeding 200kW trigger load-balancing routines. Renewable energy targets mandate a minimum 30% green energy mix by Q4 2024.,27,llama-3-embed,smartcity_idx_air_quality,"air_quality,zone-c-residential,policy_document",0.915,DOC-107,1,en,2024-02-24
CHK-0166,analytics_summary,energy,Zone-B-Midtown,ENE-008,2024-10-03T09:00:00,Weekly analytics digest for Zone-B-Midtown: energy metrics averaged within normal bounds. Peak readings occurred during rush hours. Trend analysis shows 3.2% improvement in efficiency versus prior week.,27,llama-3-embed,smartcity_idx_energy,"energy,zone-b-midtown,analytics_summary",0.837,DOC-553,10,en,2024-03-25
CHK-0167,incident_report,energy,Zone-B-Midtown,ENE-004,2024-05-02T18:00:00,"Anomaly report for sensor ENE-004: Spike in energy metrics detected. Possible causes include equipment malfunction, environmental event, or cyber intrusion. Forensic analysis pending.",23,llama-3-embed,smartcity_idx_energy,"energy,zone-b-midtown,incident_report",0.902,DOC-433,3,en,2024-07-03
CHK-0168,incident_report,energy,Zone-B-Midtown,ENE-004,2024-02-25T10:00:00,Incident #1690: Anomalous energy readings detected in Zone-B-Midtown at 2024-02-25T10:00:00. Values exceeded normal operating range by >3 standard deviations. Automated alert triggered. Investigation initiated by city operations team.,28,llama-3-embed,smartcity_idx_energy,"energy,zone-b-midtown,incident_report",0.864,DOC-577,3,en,2024-04-08
CHK-0169,maintenance_log,air_quality,Zone-E-Airport,AIR-003,2024-04-14T15:00:00,Field service report: Zone-E-Airport sensor cluster underwent firmware upgrade. All air_quality sensors updated to firmware v2.4.1. Downtime: 15 minutes. Data continuity maintained.,22,llama-3-embed,smartcity_idx_air_quality,"air_quality,zone-e-airport,maintenance_log",0.707,DOC-660,2,en,2024-11-03
CHK-0170,policy_document,air_quality,Zone-D-Industrial,AIR-007,2024-01-23T17:00:00,Smart City Operational Policy: All air_quality sensors in Zone-D-Industrial must transmit data every 2.5 hours. Anomaly thresholds trigger automated alerts to city operations center. Maintenance windows are scheduled bi-monthly.,29,llama-3-embed,smartcity_idx_air_quality,"air_quality,zone-d-industrial,policy_document",0.633,DOC-405,7,en,2024-02-19
CHK-0171,maintenance_log,air_quality,Zone-E-Airport,AIR-001,2024-06-21T16:00:00,Calibration log for air_quality sensor AIR-001: Routine calibration completed. Sensor accuracy verified at 0.95% confidence. Next scheduled maintenance in 60 days.,21,llama-3-embed,smartcity_idx_air_quality,"air_quality,zone-e-airport,maintenance_log",0.94,DOC-119,9,en,2024-04-05
CHK-0172,analytics_summary,energy,Zone-E-Airport,ENE-002,2024-01-01T17:00:00,"Quarterly performance report: Zone-E-Airport smart city sensors achieved 98.5% uptime. energy data completeness: 99.1%. Predictive model accuracy for anomaly detection: 91.3% precision, 88.7% recall.",24,llama-3-embed,smartcity_idx_energy,"energy,zone-e-airport,analytics_summary",0.664,DOC-109,6,en,2024-05-24
CHK-0173,incident_report,traffic,Zone-D-Industrial,TRA-001,2024-07-10T23:00:00,Critical event log: Zone-D-Industrial experienced elevated traffic anomaly at 2024-07-10T23:00:00. Sensor TRA-001 captured the event. Emergency response protocol activated. Situation resolved within 2 hours.,24,llama-3-embed,smartcity_idx_traffic,"traffic,zone-d-industrial,incident_report",0.648,DOC-920,9,en,2024-12-26
CHK-0174,analytics_summary,traffic,Zone-C-Residential,TRA-004,2024-05-18T13:00:00,Weekly analytics digest for Zone-C-Residential: traffic metrics averaged within normal bounds. Peak readings occurred during rush hours. Trend analysis shows 3.2% improvement in efficiency versus prior week.,27,llama-3-embed,smartcity_idx_traffic,"traffic,zone-c-residential,analytics_summary",0.846,DOC-677,10,en,2024-08-16
CHK-0175,maintenance_log,traffic,Zone-E-Airport,TRA-008,2024-04-15T12:00:00,Maintenance ticket #9111: Sensor TRA-008 in Zone-E-Airport flagged for battery replacement. Battery level dropped to 88%. Technician dispatched on schedule. Service restored within 4 hours.,25,llama-3-embed,smartcity_idx_traffic,"traffic,zone-e-airport,maintenance_log",0.886,DOC-339,7,en,2024-05-02
CHK-0176,analytics_summary,traffic,Zone-E-Airport,TRA-005,2024-04-26T05:00:00,"Monthly summary — traffic domain, Zone-E-Airport: 95th percentile readings remain below alert thresholds. Correlation analysis reveals strong relationship between weather conditions and sensor variance.",24,llama-3-embed,smartcity_idx_traffic,"traffic,zone-e-airport,analytics_summary",0.751,DOC-400,5,en,2024-06-08
CHK-0177,incident_report,energy,Zone-E-Airport,ENE-005,2024-01-15T15:00:00,"Anomaly report for sensor ENE-005: Spike in energy metrics detected. Possible causes include equipment malfunction, environmental event, or cyber intrusion. Forensic analysis pending.",23,llama-3-embed,smartcity_idx_energy,"energy,zone-e-airport,incident_report",0.946,DOC-167,7,en,2024-05-19
CHK-0178,maintenance_log,air_quality,Zone-A-Downtown,AIR-007,2024-10-14T10:00:00,Field service report: Zone-A-Downtown sensor cluster underwent firmware upgrade. All air_quality sensors updated to firmware v2.4.1. Downtime: 15 minutes. Data continuity maintained.,22,llama-3-embed,smartcity_idx_air_quality,"air_quality,zone-a-downtown,maintenance_log",0.709,DOC-776,6,en,2024-02-01
CHK-0179,sensor_report,traffic,Zone-B-Midtown,TRA-001,2024-10-13T13:00:00,Automated report from traffic sensor TRA-001 deployed in Zone-B-Midtown. Timestamp: 2024-10-13T13:00:00. Sensor battery level at 82%. Readings are within acceptable operational thresholds.,22,llama-3-embed,smartcity_idx_traffic,"traffic,zone-b-midtown,sensor_report",0.711,DOC-229,9,en,2024-08-16
CHK-0180,policy_document,air_quality,Zone-B-Midtown,AIR-001,2024-10-25T13:00:00,Energy grid management protocol: Peak demand events in Zone-B-Midtown exceeding 200kW trigger load-balancing routines. Renewable energy targets mandate a minimum 30% green energy mix by Q4 2024.,27,llama-3-embed,smartcity_idx_air_quality,"air_quality,zone-b-midtown,policy_document",0.858,DOC-650,9,en,2024-10-10
CHK-0181,maintenance_log,air_quality,Zone-D-Industrial,AIR-001,2024-01-01T21:00:00,Field service report: Zone-D-Industrial sensor cluster underwent firmware upgrade. All air_quality sensors updated to firmware v2.4.1. Downtime: 15 minutes. Data continuity maintained.,22,llama-3-embed,smartcity_idx_air_quality,"air_quality,zone-d-industrial,maintenance_log",0.949,DOC-532,4,en,2024-10-08
CHK-0182,maintenance_log,energy,Zone-D-Industrial,ENE-002,2024-09-03T21:00:00,Field service report: Zone-D-Industrial sensor cluster underwent firmware upgrade. All energy sensors updated to firmware v2.4.1. Downtime: 15 minutes. Data continuity maintained.,22,llama-3-embed,smartcity_idx_energy,"energy,zone-d-industrial,maintenance_log",0.89,DOC-375,2,en,2024-12-04
CHK-0183,maintenance_log,traffic,Zone-E-Airport,TRA-003,2024-12-09T05:00:00,Field service report: Zone-E-Airport sensor cluster underwent firmware upgrade. All traffic sensors updated to firmware v2.4.1. Downtime: 15 minutes. Data continuity maintained.,22,llama-3-embed,smartcity_idx_traffic,"traffic,zone-e-airport,maintenance_log",0.826,DOC-660,7,en,2024-10-25
CHK-0184,sensor_report,air_quality,Zone-B-Midtown,AIR-008,2024-04-10T18:00:00,Automated report from air_quality sensor AIR-008 deployed in Zone-B-Midtown. Timestamp: 2024-04-10T18:00:00. Sensor battery level at 22%. Readings are within acceptable operational thresholds.,22,llama-3-embed,smartcity_idx_air_quality,"air_quality,zone-b-midtown,sensor_report",0.62,DOC-313,6,en,2024-12-02
CHK-0185,incident_report,traffic,Zone-E-Airport,TRA-008,2024-10-21T07:00:00,Incident #3816: Anomalous traffic readings detected in Zone-E-Airport at 2024-10-21T07:00:00. Values exceeded normal operating range by >3 standard deviations. Automated alert triggered. Investigation initiated by city operations team.,28,llama-3-embed,smartcity_idx_traffic,"traffic,zone-e-airport,incident_report",0.648,DOC-207,2,en,2024-04-01
CHK-0186,maintenance_log,energy,Zone-E-Airport,ENE-003,2024-06-28T23:00:00,Field service report: Zone-E-Airport sensor cluster underwent firmware upgrade. All energy sensors updated to firmware v2.4.1. Downtime: 15 minutes. Data continuity maintained.,22,llama-3-embed,smartcity_idx_energy,"energy,zone-e-airport,maintenance_log",0.984,DOC-750,3,en,2024-03-17
CHK-0187,maintenance_log,energy,Zone-E-Airport,ENE-008,2024-02-13T20:00:00,Calibration log for energy sensor ENE-008: Routine calibration completed. Sensor accuracy verified at 0.97% confidence. Next scheduled maintenance in 60 days.,21,llama-3-embed,smartcity_idx_energy,"energy,zone-e-airport,maintenance_log",0.607,DOC-108,9,en,2024-08-04
CHK-0188,maintenance_log,traffic,Zone-C-Residential,TRA-008,2024-06-01T17:00:00,Maintenance ticket #1557: Sensor TRA-008 in Zone-C-Residential flagged for battery replacement. Battery level dropped to 69%. Technician dispatched on schedule. Service restored within 4 hours.,25,llama-3-embed,smartcity_idx_traffic,"traffic,zone-c-residential,maintenance_log",0.986,DOC-948,5,en,2024-12-11
CHK-0189,policy_document,energy,Zone-A-Downtown,ENE-006,2024-02-09T04:00:00,Smart City Operational Policy: All energy sensors in Zone-A-Downtown must transmit data every 2.5 hours. Anomaly thresholds trigger automated alerts to city operations center. Maintenance windows are scheduled bi-monthly.,29,llama-3-embed,smartcity_idx_energy,"energy,zone-a-downtown,policy_document",0.875,DOC-703,8,en,2024-07-09
CHK-0190,sensor_report,air_quality,Zone-E-Airport,AIR-004,2024-10-12T18:00:00,Automated report from air_quality sensor AIR-004 deployed in Zone-E-Airport. Timestamp: 2024-10-12T18:00:00. Sensor battery level at 41%. Readings are within acceptable operational thresholds.,22,llama-3-embed,smartcity_idx_air_quality,"air_quality,zone-e-airport,sensor_report",0.886,DOC-500,9,en,2024-11-24
CHK-0191,policy_document,air_quality,Zone-A-Downtown,AIR-006,2024-06-19T02:00:00,Energy grid management protocol: Peak demand events in Zone-A-Downtown exceeding 200kW trigger load-balancing routines. Renewable energy targets mandate a minimum 30% green energy mix by Q4 2024.,27,llama-3-embed,smartcity_idx_air_quality,"air_quality,zone-a-downtown,policy_document",0.725,DOC-131,5,en,2024-01-23
CHK-0192,incident_report,energy,Zone-E-Airport,ENE-001,2024-06-17T10:00:00,Critical event log: Zone-E-Airport experienced elevated energy anomaly at 2024-06-17T10:00:00. Sensor ENE-001 captured the event. Emergency response protocol activated. Situation resolved within 2 hours.,24,llama-3-embed,smartcity_idx_energy,"energy,zone-e-airport,incident_report",0.954,DOC-762,8,en,2024-02-03
CHK-0193,analytics_summary,traffic,Zone-A-Downtown,TRA-008,2024-08-05T09:00:00,"Quarterly performance report: Zone-A-Downtown smart city sensors achieved 98.5% uptime. traffic data completeness: 99.1%. Predictive model accuracy for anomaly detection: 91.3% precision, 88.7% recall.",24,llama-3-embed,smartcity_idx_traffic,"traffic,zone-a-downtown,analytics_summary",0.628,DOC-821,4,en,2024-04-02
CHK-0194,analytics_summary,energy,Zone-E-Airport,ENE-008,2024-06-15T23:00:00,"Quarterly performance report: Zone-E-Airport smart city sensors achieved 98.5% uptime. energy data completeness: 99.1%. Predictive model accuracy for anomaly detection: 91.3% precision, 88.7% recall.",24,llama-3-embed,smartcity_idx_energy,"energy,zone-e-airport,analytics_summary",0.738,DOC-952,4,en,2024-09-21
CHK-0195,incident_report,air_quality,Zone-B-Midtown,AIR-008,2024-02-06T21:00:00,Critical event log: Zone-B-Midtown experienced elevated air_quality anomaly at 2024-02-06T21:00:00. Sensor AIR-008 captured the event. Emergency response protocol activated. Situation resolved within 2 hours.,24,llama-3-embed,smartcity_idx_air_quality,"air_quality,zone-b-midtown,incident_report",0.914,DOC-404,8,en,2024-04-28
CHK-0196,analytics_summary,air_quality,Zone-D-Industrial,AIR-001,2024-04-14T01:00:00,"Monthly summary — air_quality domain, Zone-D-Industrial: 95th percentile readings remain below alert thresholds. Correlation analysis reveals strong relationship between weather conditions and sensor variance.",24,llama-3-embed,smartcity_idx_air_quality,"air_quality,zone-d-industrial,analytics_summary",0.807,DOC-816,7,en,2024-08-27
CHK-0197,maintenance_log,energy,Zone-C-Residential,ENE-001,2024-07-26T01:00:00,Field service report: Zone-C-Residential sensor cluster underwent firmware upgrade. All energy sensors updated to firmware v2.4.1. Downtime: 15 minutes. Data continuity maintained.,22,llama-3-embed,smartcity_idx_energy,"energy,zone-c-residential,maintenance_log",0.81,DOC-438,10,en,2024-01-26
CHK-0198,maintenance_log,traffic,Zone-E-Airport,TRA-001,2024-04-13T12:00:00,Maintenance ticket #1962: Sensor TRA-001 in Zone-E-Airport flagged for battery replacement. Battery level dropped to 92%. Technician dispatched on schedule. Service restored within 4 hours.,25,llama-3-embed,smartcity_idx_traffic,"traffic,zone-e-airport,maintenance_log",0.938,DOC-858,4,en,2024-02-04
CHK-0199,policy_document,energy,Zone-D-Industrial,ENE-005,2024-10-17T03:00:00,Energy grid management protocol: Peak demand events in Zone-D-Industrial exceeding 200kW trigger load-balancing routines. Renewable energy targets mandate a minimum 30% green energy mix by Q4 2024.,27,llama-3-embed,smartcity_idx_energy,"energy,zone-d-industrial,policy_document",0.85,DOC-221,2,en,2024-02-25
CHK-0200,policy_document,air_quality,Zone-A-Downtown,AIR-005,2024-07-17T06:00:00,City of SmartMetro Regulation 2024-9540: Environmental monitoring standards require AQI sensors to maintain calibration within ±5% accuracy. Sensors exceeding deviation thresholds must be recalibrated within 72 hours.,27,llama-3-embed,smartcity_idx_air_quality,"air_quality,zone-a-downtown,policy_document",0.782,DOC-851,2,en,2024-02-19
CHK-0201,sensor_report,traffic,Zone-C-Residential,TRA-005,2024-06-19T02:00:00,Automated report from traffic sensor TRA-005 deployed in Zone-C-Residential. Timestamp: 2024-06-19T02:00:00. Sensor battery level at 94%. Readings are within acceptable operational thresholds.,22,llama-3-embed,smartcity_idx_traffic,"traffic,zone-c-residential,sensor_report",0.764,DOC-471,1,en,2024-08-16
CHK-0202,incident_report,energy,Zone-C-Residential,ENE-005,2024-02-05T19:00:00,Critical event log: Zone-C-Residential experienced elevated energy anomaly at 2024-02-05T19:00:00. Sensor ENE-005 captured the event. Emergency response protocol activated. Situation resolved within 2 hours.,24,llama-3-embed,smartcity_idx_energy,"energy,zone-c-residential,incident_report",0.8,DOC-164,2,en,2024-08-26
CHK-0203,analytics_summary,air_quality,Zone-B-Midtown,AIR-003,2024-08-22T05:00:00,"Quarterly performance report: Zone-B-Midtown smart city sensors achieved 98.5% uptime. air_quality data completeness: 99.1%. Predictive model accuracy for anomaly detection: 91.3% precision, 88.7% recall.",24,llama-3-embed,smartcity_idx_air_quality,"air_quality,zone-b-midtown,analytics_summary",0.66,DOC-346,2,en,2024-05-14
CHK-0204,incident_report,air_quality,Zone-E-Airport,AIR-008,2024-06-20T01:00:00,"Anomaly report for sensor AIR-008: Spike in air_quality metrics detected. Possible causes include equipment malfunction, environmental event, or cyber intrusion. Forensic analysis pending.",23,llama-3-embed,smartcity_idx_air_quality,"air_quality,zone-e-airport,incident_report",0.675,DOC-854,4,en,2024-10-05
CHK-0205,policy_document,traffic,Zone-D-Industrial,TRA-005,2024-04-16T08:00:00,Smart City Operational Policy: All traffic sensors in Zone-D-Industrial must transmit data every 2.5 hours. Anomaly thresholds trigger automated alerts to city operations center. Maintenance windows are scheduled bi-monthly.,29,llama-3-embed,smartcity_idx_traffic,"traffic,zone-d-industrial,policy_document",0.969,DOC-925,10,en,2024-09-27
CHK-0206,sensor_report,air_quality,Zone-E-Airport,AIR-004,2024-06-13T04:00:00,Sensor AIR-004 in Zone-E-Airport recorded air_quality readings at 2024-06-13T04:00:00. The measured values indicate elevated conditions. Data quality score was 0.99. No anomalies detected during this period.,26,llama-3-embed,smartcity_idx_air_quality,"air_quality,zone-e-airport,sensor_report",0.655,DOC-852,5,en,2024-05-28
CHK-0207,policy_document,energy,Zone-E-Airport,ENE-005,2024-07-28T10:00:00,City of SmartMetro Regulation 2024-5337: Environmental monitoring standards require AQI sensors to maintain calibration within ±5% accuracy. Sensors exceeding deviation thresholds must be recalibrated within 72 hours.,27,llama-3-embed,smartcity_idx_energy,"energy,zone-e-airport,policy_document",0.637,DOC-129,4,en,2024-02-24
CHK-0208,incident_report,energy,Zone-A-Downtown,ENE-006,2024-09-23T23:00:00,Critical event log: Zone-A-Downtown experienced elevated energy anomaly at 2024-09-23T23:00:00. Sensor ENE-006 captured the event. Emergency response protocol activated. Situation resolved within 2 hours.,24,llama-3-embed,smartcity_idx_energy,"energy,zone-a-downtown,incident_report",0.741,DOC-320,2,en,2024-03-09
CHK-0209,maintenance_log,air_quality,Zone-E-Airport,AIR-006,2024-10-16T07:00:00,Calibration log for air_quality sensor AIR-006: Routine calibration completed. Sensor accuracy verified at 0.96% confidence. Next scheduled maintenance in 60 days.,21,llama-3-embed,smartcity_idx_air_quality,"air_quality,zone-e-airport,maintenance_log",0.795,DOC-328,6,en,2024-10-14
CHK-0210,maintenance_log,energy,Zone-C-Residential,ENE-002,2024-05-15T07:00:00,Field service report: Zone-C-Residential sensor cluster underwent firmware upgrade. All energy sensors updated to firmware v2.4.1. Downtime: 15 minutes. Data continuity maintained.,22,llama-3-embed,smartcity_idx_energy,"energy,zone-c-residential,maintenance_log",0.687,DOC-356,5,en,2024-03-16
CHK-0211,sensor_report,traffic,Zone-E-Airport,TRA-004,2024-08-27T00:00:00,IoT telemetry batch from TRA-004 covers a 2.5-hour window ending 2024-08-27T00:00:00. Zone Zone-E-Airport shows normal traffic patterns consistent with seasonal norms.,21,llama-3-embed,smartcity_idx_traffic,"traffic,zone-e-airport,sensor_report",0.978,DOC-241,6,en,2024-02-09
CHK-0212,incident_report,traffic,Zone-B-Midtown,TRA-008,2024-03-24T00:00:00,"Anomaly report for sensor TRA-008: Spike in traffic metrics detected. Possible causes include equipment malfunction, environmental event, or cyber intrusion. Forensic analysis pending.",23,llama-3-embed,smartcity_idx_traffic,"traffic,zone-b-midtown,incident_report",0.645,DOC-911,6,en,2024-08-17
CHK-0213,analytics_summary,energy,Zone-D-Industrial,ENE-005,2024-08-24T06:00:00,Weekly analytics digest for Zone-D-Industrial: energy metrics averaged within normal bounds. Peak readings occurred during rush hours. Trend analysis shows 3.2% improvement in efficiency versus prior week.,27,llama-3-embed,smartcity_idx_energy,"energy,zone-d-industrial,analytics_summary",0.88,DOC-805,2,en,2024-07-22
CHK-0214,maintenance_log,air_quality,Zone-E-Airport,AIR-008,2024-10-13T05:00:00,Maintenance ticket #4482: Sensor AIR-008 in Zone-E-Airport flagged for battery replacement. Battery level dropped to 68%. Technician dispatched on schedule. Service restored within 4 hours.,25,llama-3-embed,smartcity_idx_air_quality,"air_quality,zone-e-airport,maintenance_log",0.603,DOC-473,4,en,2024-03-24
CHK-0215,incident_report,air_quality,Zone-B-Midtown,AIR-001,2024-08-10T20:00:00,Incident #9284: Anomalous air_quality readings detected in Zone-B-Midtown at 2024-08-10T20:00:00. Values exceeded normal operating range by >3 standard deviations. Automated alert triggered. Investigation initiated by city operations team.,28,llama-3-embed,smartcity_idx_air_quality,"air_quality,zone-b-midtown,incident_report",0.856,DOC-399,5,en,2024-03-26
CHK-0216,maintenance_log,energy,Zone-B-Midtown,ENE-003,2024-12-22T21:00:00,Calibration log for energy sensor ENE-003: Routine calibration completed. Sensor accuracy verified at 0.88% confidence. Next scheduled maintenance in 60 days.,21,llama-3-embed,smartcity_idx_energy,"energy,zone-b-midtown,maintenance_log",0.924,DOC-152,9,en,2024-02-19
CHK-0217,policy_document,energy,Zone-D-Industrial,ENE-002,2024-01-07T23:00:00,Energy grid management protocol: Peak demand events in Zone-D-Industrial exceeding 200kW trigger load-balancing routines. Renewable energy targets mandate a minimum 30% green energy mix by Q4 2024.,27,llama-3-embed,smartcity_idx_energy,"energy,zone-d-industrial,policy_document",0.69,DOC-381,1,en,2024-09-12
CHK-0218,maintenance_log,energy,Zone-C-Residential,ENE-003,2024-07-23T12:00:00,Maintenance ticket #1983: Sensor ENE-003 in Zone-C-Residential flagged for battery replacement. Battery level dropped to 60%. Technician dispatched on schedule. Service restored within 4 hours.,25,llama-3-embed,smartcity_idx_energy,"energy,zone-c-residential,maintenance_log",0.867,DOC-854,6,en,2024-01-17
CHK-0219,maintenance_log,air_quality,Zone-E-Airport,AIR-004,2024-08-24T14:00:00,Field service report: Zone-E-Airport sensor cluster underwent firmware upgrade. All air_quality sensors updated to firmware v2.4.1. Downtime: 15 minutes. Data continuity maintained.,22,llama-3-embed,smartcity_idx_air_quality,"air_quality,zone-e-airport,maintenance_log",0.64,DOC-964,10,en,2024-03-25
CHK-0220,incident_report,energy,Zone-D-Industrial,ENE-008,2024-03-22T14:00:00,"Anomaly report for sensor ENE-008: Spike in energy metrics detected. Possible causes include equipment malfunction, environmental event, or cyber intrusion. Forensic analysis pending.",23,llama-3-embed,smartcity_idx_energy,"energy,zone-d-industrial,incident_report",0.881,DOC-269,1,en,2024-10-01
CHK-0221,policy_document,air_quality,Zone-E-Airport,AIR-007,2024-05-10T05:00:00,Energy grid management protocol: Peak demand events in Zone-E-Airport exceeding 200kW trigger load-balancing routines. Renewable energy targets mandate a minimum 30% green energy mix by Q4 2024.,27,llama-3-embed,smartcity_idx_air_quality,"air_quality,zone-e-airport,policy_document",0.866,DOC-836,3,en,2024-06-01
CHK-0222,policy_document,energy,Zone-E-Airport,ENE-008,2024-12-05T04:00:00,City of SmartMetro Regulation 2024-5506: Environmental monitoring standards require AQI sensors to maintain calibration within ±5% accuracy. Sensors exceeding deviation thresholds must be recalibrated within 72 hours.,27,llama-3-embed,smartcity_idx_energy,"energy,zone-e-airport,policy_document",0.95,DOC-792,4,en,2024-01-20
CHK-0223,policy_document,energy,Zone-E-Airport,ENE-005,2024-09-26T11:00:00,Energy grid management protocol: Peak demand events in Zone-E-Airport exceeding 200kW trigger load-balancing routines. Renewable energy targets mandate a minimum 30% green energy mix by Q4 2024.,27,llama-3-embed,smartcity_idx_energy,"energy,zone-e-airport,policy_document",0.946,DOC-113,1,en,2024-02-22
CHK-0224,incident_report,traffic,Zone-C-Residential,TRA-006,2024-11-24T07:00:00,Incident #8754: Anomalous traffic readings detected in Zone-C-Residential at 2024-11-24T07:00:00. Values exceeded normal operating range by >3 standard deviations. Automated alert triggered. Investigation initiated by city operations team.,28,llama-3-embed,smartcity_idx_traffic,"traffic,zone-c-residential,incident_report",0.668,DOC-205,5,en,2024-07-09
CHK-0225,maintenance_log,energy,Zone-D-Industrial,ENE-002,2024-04-03T11:00:00,Field service report: Zone-D-Industrial sensor cluster underwent firmware upgrade. All energy sensors updated to firmware v2.4.1. Downtime: 15 minutes. Data continuity maintained.,22,llama-3-embed,smartcity_idx_energy,"energy,zone-d-industrial,maintenance_log",0.969,DOC-514,1,en,2024-04-08
CHK-0226,policy_document,traffic,Zone-A-Downtown,TRA-008,2024-02-25T03:00:00,Smart City Operational Policy: All traffic sensors in Zone-A-Downtown must transmit data every 2.5 hours. Anomaly thresholds trigger automated alerts to city operations center. Maintenance windows are scheduled bi-monthly.,29,llama-3-embed,smartcity_idx_traffic,"traffic,zone-a-downtown,policy_document",0.926,DOC-472,6,en,2024-02-12
CHK-0227,policy_document,energy,Zone-C-Residential,ENE-004,2024-06-13T15:00:00,Energy grid management protocol: Peak demand events in Zone-C-Residential exceeding 200kW trigger load-balancing routines. Renewable energy targets mandate a minimum 30% green energy mix by Q4 2024.,27,llama-3-embed,smartcity_idx_energy,"energy,zone-c-residential,policy_document",0.651,DOC-474,10,en,2024-06-17
CHK-0228,analytics_summary,air_quality,Zone-D-Industrial,AIR-004,2024-12-16T08:00:00,"Quarterly performance report: Zone-D-Industrial smart city sensors achieved 98.5% uptime. air_quality data completeness: 99.1%. Predictive model accuracy for anomaly detection: 91.3% precision, 88.7% recall.",24,llama-3-embed,smartcity_idx_air_quality,"air_quality,zone-d-industrial,analytics_summary",0.66,DOC-141,5,en,2024-08-23
CHK-0229,sensor_report,traffic,Zone-D-Industrial,TRA-005,2024-05-13T20:00:00,IoT telemetry batch from TRA-005 covers a 2.5-hour window ending 2024-05-13T20:00:00. Zone Zone-D-Industrial shows normal traffic patterns consistent with seasonal norms.,21,llama-3-embed,smartcity_idx_traffic,"traffic,zone-d-industrial,sensor_report",0.746,DOC-119,2,en,2024-02-19
CHK-0230,incident_report,energy,Zone-D-Industrial,ENE-008,2024-04-13T20:00:00,"Anomaly report for sensor ENE-008: Spike in energy metrics detected. Possible causes include equipment malfunction, environmental event, or cyber intrusion. Forensic analysis pending.",23,llama-3-embed,smartcity_idx_energy,"energy,zone-d-industrial,incident_report",0.879,DOC-158,10,en,2024-03-08
CHK-0231,incident_report,energy,Zone-E-Airport,ENE-004,2024-02-01T11:00:00,Incident #3342: Anomalous energy readings detected in Zone-E-Airport at 2024-02-01T11:00:00. Values exceeded normal operating range by >3 standard deviations. Automated alert triggered. Investigation initiated by city operations team.,28,llama-3-embed,smartcity_idx_energy,"energy,zone-e-airport,incident_report",0.716,DOC-842,6,en,2024-06-19
CHK-0232,maintenance_log,traffic,Zone-D-Industrial,TRA-008,2024-02-13T08:00:00,Calibration log for traffic sensor TRA-008: Routine calibration completed. Sensor accuracy verified at 0.9% confidence. Next scheduled maintenance in 60 days.,21,llama-3-embed,smartcity_idx_traffic,"traffic,zone-d-industrial,maintenance_log",0.608,DOC-500,9,en,2024-06-08
CHK-0233,incident_report,energy,Zone-B-Midtown,ENE-008,2024-03-06T00:00:00,"Anomaly report for sensor ENE-008: Spike in energy metrics detected. Possible causes include equipment malfunction, environmental event, or cyber intrusion. Forensic analysis pending.",23,llama-3-embed,smartcity_idx_energy,"energy,zone-b-midtown,incident_report",0.949,DOC-185,3,en,2024-04-24
CHK-0234,sensor_report,traffic,Zone-B-Midtown,TRA-006,2024-03-07T16:00:00,IoT telemetry batch from TRA-006 covers a 2.5-hour window ending 2024-03-07T16:00:00. Zone Zone-B-Midtown shows critical traffic patterns consistent with seasonal norms.,21,llama-3-embed,smartcity_idx_traffic,"traffic,zone-b-midtown,sensor_report",0.944,DOC-561,2,en,2024-10-17
CHK-0235,analytics_summary,air_quality,Zone-C-Residential,AIR-006,2024-09-07T07:00:00,Weekly analytics digest for Zone-C-Residential: air_quality metrics averaged within normal bounds. Peak readings occurred during rush hours. Trend analysis shows 3.2% improvement in efficiency versus prior week.,27,llama-3-embed,smartcity_idx_air_quality,"air_quality,zone-c-residential,analytics_summary",0.7,DOC-994,5,en,2024-07-16
CHK-0236,policy_document,energy,Zone-D-Industrial,ENE-007,2024-11-26T14:00:00,Energy grid management protocol: Peak demand events in Zone-D-Industrial exceeding 200kW trigger load-balancing routines. Renewable energy targets mandate a minimum 30% green energy mix by Q4 2024.,27,llama-3-embed,smartcity_idx_energy,"energy,zone-d-industrial,policy_document",0.88,DOC-539,3,en,2024-04-09
CHK-0237,policy_document,air_quality,Zone-D-Industrial,AIR-001,2024-11-08T03:00:00,City of SmartMetro Regulation 2024-3070: Environmental monitoring standards require AQI sensors to maintain calibration within ±5% accuracy. Sensors exceeding deviation thresholds must be recalibrated within 72 hours.,27,llama-3-embed,smartcity_idx_air_quality,"air_quality,zone-d-industrial,policy_document",0.793,DOC-588,8,en,2024-03-04
CHK-0238,analytics_summary,energy,Zone-B-Midtown,ENE-003,2024-09-14T07:00:00,"Quarterly performance report: Zone-B-Midtown smart city sensors achieved 98.5% uptime. energy data completeness: 99.1%. Predictive model accuracy for anomaly detection: 91.3% precision, 88.7% recall.",24,llama-3-embed,smartcity_idx_energy,"energy,zone-b-midtown,analytics_summary",0.852,DOC-470,6,en,2024-05-14
CHK-0239,analytics_summary,energy,Zone-B-Midtown,ENE-007,2024-12-06T09:00:00,"Monthly summary — energy domain, Zone-B-Midtown: 95th percentile readings remain below alert thresholds. Correlation analysis reveals strong relationship between weather conditions and sensor variance.",24,llama-3-embed,smartcity_idx_energy,"energy,zone-b-midtown,analytics_summary",0.782,DOC-143,7,en,2024-04-02
CHK-0240,policy_document,traffic,Zone-B-Midtown,TRA-008,2024-10-12T13:00:00,Energy grid management protocol: Peak demand events in Zone-B-Midtown exceeding 200kW trigger load-balancing routines. Renewable energy targets mandate a minimum 30% green energy mix by Q4 2024.,27,llama-3-embed,smartcity_idx_traffic,"traffic,zone-b-midtown,policy_document",0.608,DOC-590,6,en,2024-12-03
CHK-0241,maintenance_log,air_quality,Zone-A-Downtown,AIR-003,2024-05-11T10:00:00,Maintenance ticket #7916: Sensor AIR-003 in Zone-A-Downtown flagged for battery replacement. Battery level dropped to 67%. Technician dispatched on schedule. Service restored within 4 hours.,25,llama-3-embed,smartcity_idx_air_quality,"air_quality,zone-a-downtown,maintenance_log",0.639,DOC-935,9,en,2024-12-28
CHK-0242,maintenance_log,energy,Zone-E-Airport,ENE-007,2024-08-05T14:00:00,Field service report: Zone-E-Airport sensor cluster underwent firmware upgrade. All energy sensors updated to firmware v2.4.1. Downtime: 15 minutes. Data continuity maintained.,22,llama-3-embed,smartcity_idx_energy,"energy,zone-e-airport,maintenance_log",0.721,DOC-653,8,en,2024-05-16
CHK-0243,maintenance_log,energy,Zone-D-Industrial,ENE-006,2024-11-08T23:00:00,Maintenance ticket #8577: Sensor ENE-006 in Zone-D-Industrial flagged for battery replacement. Battery level dropped to 68%. Technician dispatched on schedule. Service restored within 4 hours.,25,llama-3-embed,smartcity_idx_energy,"energy,zone-d-industrial,maintenance_log",0.753,DOC-229,4,en,2024-10-19
CHK-0244,maintenance_log,energy,Zone-D-Industrial,ENE-003,2024-01-04T11:00:00,Maintenance ticket #8397: Sensor ENE-003 in Zone-D-Industrial flagged for battery replacement. Battery level dropped to 54%. Technician dispatched on schedule. Service restored within 4 hours.,25,llama-3-embed,smartcity_idx_energy,"energy,zone-d-industrial,maintenance_log",0.917,DOC-192,9,en,2024-03-08
CHK-0245,sensor_report,traffic,Zone-A-Downtown,TRA-004,2024-07-03T03:00:00,IoT telemetry batch from TRA-004 covers a 2.5-hour window ending 2024-07-03T03:00:00. Zone Zone-A-Downtown shows critical traffic patterns consistent with seasonal norms.,21,llama-3-embed,smartcity_idx_traffic,"traffic,zone-a-downtown,sensor_report",0.813,DOC-873,2,en,2024-04-07
CHK-0246,incident_report,traffic,Zone-C-Residential,TRA-003,2024-01-10T06:00:00,"Anomaly report for sensor TRA-003: Spike in traffic metrics detected. Possible causes include equipment malfunction, environmental event, or cyber intrusion. Forensic analysis pending.",23,llama-3-embed,smartcity_idx_traffic,"traffic,zone-c-residential,incident_report",0.798,DOC-547,10,en,2024-03-16
CHK-0247,incident_report,energy,Zone-B-Midtown,ENE-003,2024-05-20T09:00:00,Critical event log: Zone-B-Midtown experienced elevated energy anomaly at 2024-05-20T09:00:00. Sensor ENE-003 captured the event. Emergency response protocol activated. Situation resolved within 2 hours.,24,llama-3-embed,smartcity_idx_energy,"energy,zone-b-midtown,incident_report",0.636,DOC-376,10,en,2024-01-10
CHK-0248,maintenance_log,energy,Zone-B-Midtown,ENE-008,2024-04-20T23:00:00,Calibration log for energy sensor ENE-008: Routine calibration completed. Sensor accuracy verified at 0.94% confidence. Next scheduled maintenance in 60 days.,21,llama-3-embed,smartcity_idx_energy,"energy,zone-b-midtown,maintenance_log",0.884,DOC-881,2,en,2024-07-12
CHK-0249,analytics_summary,energy,Zone-B-Midtown,ENE-001,2024-03-07T07:00:00,Weekly analytics digest for Zone-B-Midtown: energy metrics averaged within normal bounds. Peak readings occurred during rush hours. Trend analysis shows 3.2% improvement in efficiency versus prior week.,27,llama-3-embed,smartcity_idx_energy,"energy,zone-b-midtown,analytics_summary",0.713,DOC-387,9,en,2024-11-18
CHK-0250,policy_document,energy,Zone-C-Residential,ENE-004,2024-06-11T14:00:00,Energy grid management protocol: Peak demand events in Zone-C-Residential exceeding 200kW trigger load-balancing routines. Renewable energy targets mandate a minimum 30% green energy mix by Q4 2024.,27,llama-3-embed,smartcity_idx_energy,"energy,zone-c-residential,policy_document",0.629,DOC-488,4,en,2024-11-28
CHK-0251,maintenance_log,traffic,Zone-B-Midtown,TRA-007,2024-10-24T21:00:00,Field service report: Zone-B-Midtown sensor cluster underwent firmware upgrade. All traffic sensors updated to firmware v2.4.1. Downtime: 15 minutes. Data continuity maintained.,22,llama-3-embed,smartcity_idx_traffic,"traffic,zone-b-midtown,maintenance_log",0.917,DOC-364,4,en,2024-08-06
CHK-0252,maintenance_log,air_quality,Zone-D-Industrial,AIR-003,2024-08-05T01:00:00,Field service report: Zone-D-Industrial sensor cluster underwent firmware upgrade. All air_quality sensors updated to firmware v2.4.1. Downtime: 15 minutes. Data continuity maintained.,22,llama-3-embed,smartcity_idx_air_quality,"air_quality,zone-d-industrial,maintenance_log",0.681,DOC-726,1,en,2024-04-28
CHK-0253,policy_document,energy,Zone-B-Midtown,ENE-002,2024-11-18T17:00:00,City of SmartMetro Regulation 2024-8425: Environmental monitoring standards require AQI sensors to maintain calibration within ±5% accuracy. Sensors exceeding deviation thresholds must be recalibrated within 72 hours.,27,llama-3-embed,smartcity_idx_energy,"energy,zone-b-midtown,policy_document",0.855,DOC-486,1,en,2024-12-24
CHK-0254,maintenance_log,traffic,Zone-D-Industrial,TRA-005,2024-04-05T06:00:00,Maintenance ticket #7074: Sensor TRA-005 in Zone-D-Industrial flagged for battery replacement. Battery level dropped to 93%. Technician dispatched on schedule. Service restored within 4 hours.,25,llama-3-embed,smartcity_idx_traffic,"traffic,zone-d-industrial,maintenance_log",0.676,DOC-920,9,en,2024-05-06
CHK-0255,policy_document,traffic,Zone-B-Midtown,TRA-004,2024-12-04T08:00:00,City of SmartMetro Regulation 2024-4837: Environmental monitoring standards require AQI sensors to maintain calibration within ±5% accuracy. Sensors exceeding deviation thresholds must be recalibrated within 72 hours.,27,llama-3-embed,smartcity_idx_traffic,"traffic,zone-b-midtown,policy_document",0.934,DOC-418,5,en,2024-03-01
CHK-0256,sensor_report,air_quality,Zone-B-Midtown,AIR-007,2024-04-09T03:00:00,Sensor AIR-007 in Zone-B-Midtown recorded air_quality readings at 2024-04-09T03:00:00. The measured values indicate critical conditions. Data quality score was 0.92. No anomalies detected during this period.,26,llama-3-embed,smartcity_idx_air_quality,"air_quality,zone-b-midtown,sensor_report",0.725,DOC-147,4,en,2024-03-24
CHK-0257,incident_report,traffic,Zone-C-Residential,TRA-002,2024-04-07T04:00:00,Incident #9286: Anomalous traffic readings detected in Zone-C-Residential at 2024-04-07T04:00:00. Values exceeded normal operating range by >3 standard deviations. Automated alert triggered. Investigation initiated by city operations team.,28,llama-3-embed,smartcity_idx_traffic,"traffic,zone-c-residential,incident_report",0.735,DOC-339,9,en,2024-06-27
CHK-0258,policy_document,air_quality,Zone-E-Airport,AIR-006,2024-02-21T05:00:00,City of SmartMetro Regulation 2024-4554: Environmental monitoring standards require AQI sensors to maintain calibration within ±5% accuracy. Sensors exceeding deviation thresholds must be recalibrated within 72 hours.,27,llama-3-embed,smartcity_idx_air_quality,"air_quality,zone-e-airport,policy_document",0.78,DOC-475,6,en,2024-09-10
CHK-0259,maintenance_log,traffic,Zone-D-Industrial,TRA-007,2024-09-11T12:00:00,Field service report: Zone-D-Industrial sensor cluster underwent firmware upgrade. All traffic sensors updated to firmware v2.4.1. Downtime: 15 minutes. Data continuity maintained.,22,llama-3-embed,smartcity_idx_traffic,"traffic,zone-d-industrial,maintenance_log",0.714,DOC-840,8,en,2024-05-24
CHK-0260,maintenance_log,traffic,Zone-A-Downtown,TRA-006,2024-01-07T11:00:00,Field service report: Zone-A-Downtown sensor cluster underwent firmware upgrade. All traffic sensors updated to firmware v2.4.1. Downtime: 15 minutes. Data continuity maintained.,22,llama-3-embed,smartcity_idx_traffic,"traffic,zone-a-downtown,maintenance_log",0.667,DOC-195,5,en,2024-11-19
CHK-0261,sensor_report,air_quality,Zone-B-Midtown,AIR-003,2024-09-22T23:00:00,IoT telemetry batch from AIR-003 covers a 2.5-hour window ending 2024-09-22T23:00:00. Zone Zone-B-Midtown shows optimal air_quality patterns consistent with seasonal norms.,21,llama-3-embed,smartcity_idx_air_quality,"air_quality,zone-b-midtown,sensor_report",0.836,DOC-702,3,en,2024-03-20
CHK-0262,maintenance_log,air_quality,Zone-C-Residential,AIR-004,2024-01-07T08:00:00,Field service report: Zone-C-Residential sensor cluster underwent firmware upgrade. All air_quality sensors updated to firmware v2.4.1. Downtime: 15 minutes. Data continuity maintained.,22,llama-3-embed,smartcity_idx_air_quality,"air_quality,zone-c-residential,maintenance_log",0.911,DOC-894,5,en,2024-02-15
CHK-0263,incident_report,air_quality,Zone-A-Downtown,AIR-006,2024-10-23T07:00:00,"Anomaly report for sensor AIR-006: Spike in air_quality metrics detected. Possible causes include equipment malfunction, environmental event, or cyber intrusion. Forensic analysis pending.",23,llama-3-embed,smartcity_idx_air_quality,"air_quality,zone-a-downtown,incident_report",0.683,DOC-657,2,en,2024-06-13
CHK-0264,analytics_summary,traffic,Zone-D-Industrial,TRA-003,2024-02-06T09:00:00,"Quarterly performance report: Zone-D-Industrial smart city sensors achieved 98.5% uptime. traffic data completeness: 99.1%. Predictive model accuracy for anomaly detection: 91.3% precision, 88.7% recall.",24,llama-3-embed,smartcity_idx_traffic,"traffic,zone-d-industrial,analytics_summary",0.882,DOC-181,3,en,2024-07-04
CHK-0265,incident_report,traffic,Zone-E-Airport,TRA-001,2024-02-24T20:00:00,Critical event log: Zone-E-Airport experienced elevated traffic anomaly at 2024-02-24T20:00:00. Sensor TRA-001 captured the event. Emergency response protocol activated. Situation resolved within 2 hours.,24,llama-3-embed,smartcity_idx_traffic,"traffic,zone-e-airport,incident_report",0.93,DOC-846,3,en,2024-03-19
CHK-0266,incident_report,air_quality,Zone-C-Residential,AIR-007,2024-05-28T22:00:00,Critical event log: Zone-C-Residential experienced elevated air_quality anomaly at 2024-05-28T22:00:00. Sensor AIR-007 captured the event. Emergency response protocol activated. Situation resolved within 2 hours.,24,llama-3-embed,smartcity_idx_air_quality,"air_quality,zone-c-residential,incident_report",0.953,DOC-692,6,en,2024-12-09
CHK-0267,analytics_summary,energy,Zone-B-Midtown,ENE-004,2024-05-12T03:00:00,"Monthly summary — energy domain, Zone-B-Midtown: 95th percentile readings remain below alert thresholds. Correlation analysis reveals strong relationship between weather conditions and sensor variance.",24,llama-3-embed,smartcity_idx_energy,"energy,zone-b-midtown,analytics_summary",0.821,DOC-207,9,en,2024-12-07
CHK-0268,sensor_report,air_quality,Zone-C-Residential,AIR-005,2024-06-21T06:00:00,Automated report from air_quality sensor AIR-005 deployed in Zone-C-Residential. Timestamp: 2024-06-21T06:00:00. Sensor battery level at 79%. Readings are within acceptable operational thresholds.,22,llama-3-embed,smartcity_idx_air_quality,"air_quality,zone-c-residential,sensor_report",0.774,DOC-920,7,en,2024-05-20
CHK-0269,analytics_summary,air_quality,Zone-A-Downtown,AIR-005,2024-01-24T08:00:00,Weekly analytics digest for Zone-A-Downtown: air_quality metrics averaged within normal bounds. Peak readings occurred during rush hours. Trend analysis shows 3.2% improvement in efficiency versus prior week.,27,llama-3-embed,smartcity_idx_air_quality,"air_quality,zone-a-downtown,analytics_summary",0.661,DOC-978,7,en,2024-07-07
CHK-0270,incident_report,energy,Zone-A-Downtown,ENE-006,2024-09-16T23:00:00,Incident #5631: Anomalous energy readings detected in Zone-A-Downtown at 2024-09-16T23:00:00. Values exceeded normal operating range by >3 standard deviations. Automated alert triggered. Investigation initiated by city operations team.,28,llama-3-embed,smartcity_idx_energy,"energy,zone-a-downtown,incident_report",0.742,DOC-662,8,en,2024-09-08
CHK-0271,sensor_report,traffic,Zone-D-Industrial,TRA-006,2024-05-02T19:00:00,Sensor TRA-006 in Zone-D-Industrial recorded traffic readings at 2024-05-02T19:00:00. The measured values indicate normal conditions. Data quality score was 0.97. No anomalies detected during this period.,26,llama-3-embed,smartcity_idx_traffic,"traffic,zone-d-industrial,sensor_report",0.619,DOC-216,5,en,2024-10-27
CHK-0272,incident_report,energy,Zone-C-Residential,ENE-004,2024-12-24T20:00:00,Critical event log: Zone-C-Residential experienced elevated energy anomaly at 2024-12-24T20:00:00. Sensor ENE-004 captured the event. Emergency response protocol activated. Situation resolved within 2 hours.,24,llama-3-embed,smartcity_idx_energy,"energy,zone-c-residential,incident_report",0.913,DOC-446,3,en,2024-02-04
CHK-0273,maintenance_log,energy,Zone-C-Residential,ENE-006,2024-10-08T05:00:00,Calibration log for energy sensor ENE-006: Routine calibration completed. Sensor accuracy verified at 0.89% confidence. Next scheduled maintenance in 60 days.,21,llama-3-embed,smartcity_idx_energy,"energy,zone-c-residential,maintenance_log",0.775,DOC-385,6,en,2024-03-05
CHK-0274,incident_report,air_quality,Zone-A-Downtown,AIR-004,2024-06-15T23:00:00,"Anomaly report for sensor AIR-004: Spike in air_quality metrics detected. Possible causes include equipment malfunction, environmental event, or cyber intrusion. Forensic analysis pending.",23,llama-3-embed,smartcity_idx_air_quality,"air_quality,zone-a-downtown,incident_report",0.682,DOC-825,9,en,2024-01-07
CHK-0275,incident_report,traffic,Zone-D-Industrial,TRA-001,2024-02-12T07:00:00,Incident #5695: Anomalous traffic readings detected in Zone-D-Industrial at 2024-02-12T07:00:00. Values exceeded normal operating range by >3 standard deviations. Automated alert triggered. Investigation initiated by city operations team.,28,llama-3-embed,smartcity_idx_traffic,"traffic,zone-d-industrial,incident_report",0.869,DOC-284,4,en,2024-07-20
CHK-0276,maintenance_log,traffic,Zone-A-Downtown,TRA-008,2024-08-05T22:00:00,Maintenance ticket #2505: Sensor TRA-008 in Zone-A-Downtown flagged for battery replacement. Battery level dropped to 46%. Technician dispatched on schedule. Service restored within 4 hours.,25,llama-3-embed,smartcity_idx_traffic,"traffic,zone-a-downtown,maintenance_log",0.735,DOC-574,5,en,2024-02-03
CHK-0277,incident_report,energy,Zone-E-Airport,ENE-007,2024-01-06T08:00:00,Critical event log: Zone-E-Airport experienced elevated energy anomaly at 2024-01-06T08:00:00. Sensor ENE-007 captured the event. Emergency response protocol activated. Situation resolved within 2 hours.,24,llama-3-embed,smartcity_idx_energy,"energy,zone-e-airport,incident_report",0.658,DOC-233,3,en,2024-05-03
CHK-0278,analytics_summary,air_quality,Zone-C-Residential,AIR-002,2024-10-01T16:00:00,"Monthly summary — air_quality domain, Zone-C-Residential: 95th percentile readings remain below alert thresholds. Correlation analysis reveals strong relationship between weather conditions and sensor variance.",24,llama-3-embed,smartcity_idx_air_quality,"air_quality,zone-c-residential,analytics_summary",0.737,DOC-153,3,en,2024-12-14
CHK-0279,policy_document,air_quality,Zone-D-Industrial,AIR-002,2024-10-03T14:00:00,City of SmartMetro Regulation 2024-4294: Environmental monitoring standards require AQI sensors to maintain calibration within ±5% accuracy. Sensors exceeding deviation thresholds must be recalibrated within 72 hours.,27,llama-3-embed,smartcity_idx_air_quality,"air_quality,zone-d-industrial,policy_document",0.71,DOC-960,4,en,2024-07-25
CHK-0280,policy_document,traffic,Zone-B-Midtown,TRA-001,2024-03-26T19:00:00,Energy grid management protocol: Peak demand events in Zone-B-Midtown exceeding 200kW trigger load-balancing routines. Renewable energy targets mandate a minimum 30% green energy mix by Q4 2024.,27,llama-3-embed,smartcity_idx_traffic,"traffic,zone-b-midtown,policy_document",0.724,DOC-930,9,en,2024-05-05
CHK-0281,analytics_summary,air_quality,Zone-E-Airport,AIR-002,2024-10-24T17:00:00,"Monthly summary — air_quality domain, Zone-E-Airport: 95th percentile readings remain below alert thresholds. Correlation analysis reveals strong relationship between weather conditions and sensor variance.",24,llama-3-embed,smartcity_idx_air_quality,"air_quality,zone-e-airport,analytics_summary",0.757,DOC-693,10,en,2024-09-20
CHK-0282,sensor_report,air_quality,Zone-E-Airport,AIR-006,2024-10-16T08:00:00,IoT telemetry batch from AIR-006 covers a 2.5-hour window ending 2024-10-16T08:00:00. Zone Zone-E-Airport shows critical air_quality patterns consistent with seasonal norms.,21,llama-3-embed,smartcity_idx_air_quality,"air_quality,zone-e-airport,sensor_report",0.898,DOC-496,6,en,2024-12-03
CHK-0283,incident_report,energy,Zone-C-Residential,ENE-004,2024-09-21T06:00:00,Incident #4941: Anomalous energy readings detected in Zone-C-Residential at 2024-09-21T06:00:00. Values exceeded normal operating range by >3 standard deviations. Automated alert triggered. Investigation initiated by city operations team.,28,llama-3-embed,smartcity_idx_energy,"energy,zone-c-residential,incident_report",0.607,DOC-962,5,en,2024-12-12
CHK-0284,policy_document,energy,Zone-A-Downtown,ENE-002,2024-04-17T06:00:00,Smart City Operational Policy: All energy sensors in Zone-A-Downtown must transmit data every 2.5 hours. Anomaly thresholds trigger automated alerts to city operations center. Maintenance windows are scheduled bi-monthly.,29,llama-3-embed,smartcity_idx_energy,"energy,zone-a-downtown,policy_document",0.706,DOC-554,7,en,2024-10-07
CHK-0285,analytics_summary,energy,Zone-C-Residential,ENE-006,2024-06-06T05:00:00,"Quarterly performance report: Zone-C-Residential smart city sensors achieved 98.5% uptime. energy data completeness: 99.1%. Predictive model accuracy for anomaly detection: 91.3% precision, 88.7% recall.",24,llama-3-embed,smartcity_idx_energy,"energy,zone-c-residential,analytics_summary",0.656,DOC-952,8,en,2024-03-06
CHK-0286,sensor_report,energy,Zone-B-Midtown,ENE-004,2024-06-22T21:00:00,Sensor ENE-004 in Zone-B-Midtown recorded energy readings at 2024-06-22T21:00:00. The measured values indicate elevated conditions. Data quality score was 0.93. No anomalies detected during this period.,26,llama-3-embed,smartcity_idx_energy,"energy,zone-b-midtown,sensor_report",0.641,DOC-159,4,en,2024-04-08
CHK-0287,incident_report,energy,Zone-A-Downtown,ENE-001,2024-05-06T09:00:00,Incident #2918: Anomalous energy readings detected in Zone-A-Downtown at 2024-05-06T09:00:00. Values exceeded normal operating range by >3 standard deviations. Automated alert triggered. Investigation initiated by city operations team.,28,llama-3-embed,smartcity_idx_energy,"energy,zone-a-downtown,incident_report",0.839,DOC-409,2,en,2024-09-22
CHK-0288,analytics_summary,energy,Zone-A-Downtown,ENE-002,2024-11-12T17:00:00,Weekly analytics digest for Zone-A-Downtown: energy metrics averaged within normal bounds. Peak readings occurred during rush hours. Trend analysis shows 3.2% improvement in efficiency versus prior week.,27,llama-3-embed,smartcity_idx_energy,"energy,zone-a-downtown,analytics_summary",0.85,DOC-685,2,en,2024-11-24
CHK-0289,analytics_summary,traffic,Zone-E-Airport,TRA-008,2024-06-13T13:00:00,Weekly analytics digest for Zone-E-Airport: traffic metrics averaged within normal bounds. Peak readings occurred during rush hours. Trend analysis shows 3.2% improvement in efficiency versus prior week.,27,llama-3-embed,smartcity_idx_traffic,"traffic,zone-e-airport,analytics_summary",0.782,DOC-757,2,en,2024-08-11
CHK-0290,policy_document,traffic,Zone-C-Residential,TRA-008,2024-04-12T13:00:00,Energy grid management protocol: Peak demand events in Zone-C-Residential exceeding 200kW trigger load-balancing routines. Renewable energy targets mandate a minimum 30% green energy mix by Q4 2024.,27,llama-3-embed,smartcity_idx_traffic,"traffic,zone-c-residential,policy_document",0.716,DOC-981,7,en,2024-04-14
CHK-0291,maintenance_log,energy,Zone-C-Residential,ENE-003,2024-06-15T11:00:00,Calibration log for energy sensor ENE-003: Routine calibration completed. Sensor accuracy verified at 0.91% confidence. Next scheduled maintenance in 60 days.,21,llama-3-embed,smartcity_idx_energy,"energy,zone-c-residential,maintenance_log",0.948,DOC-568,3,en,2024-06-01
CHK-0292,sensor_report,air_quality,Zone-B-Midtown,AIR-006,2024-10-10T17:00:00,Automated report from air_quality sensor AIR-006 deployed in Zone-B-Midtown. Timestamp: 2024-10-10T17:00:00. Sensor battery level at 92%. Readings are within acceptable operational thresholds.,22,llama-3-embed,smartcity_idx_air_quality,"air_quality,zone-b-midtown,sensor_report",0.81,DOC-203,8,en,2024-05-23
CHK-0293,analytics_summary,traffic,Zone-D-Industrial,TRA-002,2024-05-12T12:00:00,Weekly analytics digest for Zone-D-Industrial: traffic metrics averaged within normal bounds. Peak readings occurred during rush hours. Trend analysis shows 3.2% improvement in efficiency versus prior week.,27,llama-3-embed,smartcity_idx_traffic,"traffic,zone-d-industrial,analytics_summary",0.711,DOC-432,8,en,2024-06-17
CHK-0294,maintenance_log,air_quality,Zone-B-Midtown,AIR-001,2024-11-18T00:00:00,Maintenance ticket #2307: Sensor AIR-001 in Zone-B-Midtown flagged for battery replacement. Battery level dropped to 55%. Technician dispatched on schedule. Service restored within 4 hours.,25,llama-3-embed,smartcity_idx_air_quality,"air_quality,zone-b-midtown,maintenance_log",0.996,DOC-986,8,en,2024-12-16
CHK-0295,policy_document,air_quality,Zone-B-Midtown,AIR-004,2024-08-09T07:00:00,Smart City Operational Policy: All air_quality sensors in Zone-B-Midtown must transmit data every 2.5 hours. Anomaly thresholds trigger automated alerts to city operations center. Maintenance windows are scheduled bi-monthly.,29,llama-3-embed,smartcity_idx_air_quality,"air_quality,zone-b-midtown,policy_document",0.702,DOC-908,6,en,2024-06-27
CHK-0296,analytics_summary,air_quality,Zone-C-Residential,AIR-002,2024-05-12T04:00:00,"Quarterly performance report: Zone-C-Residential smart city sensors achieved 98.5% uptime. air_quality data completeness: 99.1%. Predictive model accuracy for anomaly detection: 91.3% precision, 88.7% recall.",24,llama-3-embed,smartcity_idx_air_quality,"air_quality,zone-c-residential,analytics_summary",0.864,DOC-630,1,en,2024-02-10
CHK-0297,sensor_report,traffic,Zone-C-Residential,TRA-006,2024-08-15T15:00:00,Automated report from traffic sensor TRA-006 deployed in Zone-C-Residential. Timestamp: 2024-08-15T15:00:00. Sensor battery level at 53%. Readings are within acceptable operational thresholds.,22,llama-3-embed,smartcity_idx_traffic,"traffic,zone-c-residential,sensor_report",0.819,DOC-776,9,en,2024-07-25
CHK-0298,sensor_report,air_quality,Zone-D-Industrial,AIR-005,2024-06-01T01:00:00,IoT telemetry batch from AIR-005 covers a 2.5-hour window ending 2024-06-01T01:00:00. Zone Zone-D-Industrial shows optimal air_quality patterns consistent with seasonal norms.,21,llama-3-embed,smartcity_idx_air_quality,"air_quality,zone-d-industrial,sensor_report",0.663,DOC-409,2,en,2024-12-08
CHK-0299,sensor_report,energy,Zone-B-Midtown,ENE-007,2024-06-12T09:00:00,Automated report from energy sensor ENE-007 deployed in Zone-B-Midtown. Timestamp: 2024-06-12T09:00:00. Sensor battery level at 55%. Readings are within acceptable operational thresholds.,22,llama-3-embed,smartcity_idx_energy,"energy,zone-b-midtown,sensor_report",0.626,DOC-563,5,en,2024-11-08
CHK-0300,incident_report,air_quality,Zone-E-Airport,AIR-002,2024-12-25T07:00:00,"Anomaly report for sensor AIR-002: Spike in air_quality metrics detected. Possible causes include equipment malfunction, environmental event, or cyber intrusion. Forensic analysis pending.",23,llama-3-embed,smartcity_idx_air_quality,"air_quality,zone-e-airport,incident_report",0.867,DOC-699,2,en,2024-12-10
CHK-0301,sensor_report,traffic,Zone-A-Downtown,TRA-006,2024-08-13T21:00:00,Automated report from traffic sensor TRA-006 deployed in Zone-A-Downtown. Timestamp: 2024-08-13T21:00:00. Sensor battery level at 57%. Readings are within acceptable operational thresholds.,22,llama-3-embed,smartcity_idx_traffic,"traffic,zone-a-downtown,sensor_report",0.982,DOC-625,1,en,2024-07-21
CHK-0302,incident_report,energy,Zone-B-Midtown,ENE-007,2024-07-08T06:00:00,"Anomaly report for sensor ENE-007: Spike in energy metrics detected. Possible causes include equipment malfunction, environmental event, or cyber intrusion. Forensic analysis pending.",23,llama-3-embed,smartcity_idx_energy,"energy,zone-b-midtown,incident_report",0.801,DOC-445,4,en,2024-05-05
CHK-0303,analytics_summary,air_quality,Zone-A-Downtown,AIR-007,2024-05-02T22:00:00,Weekly analytics digest for Zone-A-Downtown: air_quality metrics averaged within normal bounds. Peak readings occurred during rush hours. Trend analysis shows 3.2% improvement in efficiency versus prior week.,27,llama-3-embed,smartcity_idx_air_quality,"air_quality,zone-a-downtown,analytics_summary",0.798,DOC-996,9,en,2024-01-11
CHK-0304,incident_report,energy,Zone-C-Residential,ENE-001,2024-11-21T04:00:00,"Anomaly report for sensor ENE-001: Spike in energy metrics detected. Possible causes include equipment malfunction, environmental event, or cyber intrusion. Forensic analysis pending.",23,llama-3-embed,smartcity_idx_energy,"energy,zone-c-residential,incident_report",0.601,DOC-739,8,en,2024-01-28
CHK-0305,maintenance_log,traffic,Zone-E-Airport,TRA-002,2024-04-22T19:00:00,Calibration log for traffic sensor TRA-002: Routine calibration completed. Sensor accuracy verified at 0.98% confidence. Next scheduled maintenance in 60 days.,21,llama-3-embed,smartcity_idx_traffic,"traffic,zone-e-airport,maintenance_log",0.882,DOC-722,2,en,2024-11-12
CHK-0306,incident_report,traffic,Zone-D-Industrial,TRA-003,2024-07-21T12:00:00,"Anomaly report for sensor TRA-003: Spike in traffic metrics detected. Possible causes include equipment malfunction, environmental event, or cyber intrusion. Forensic analysis pending.",23,llama-3-embed,smartcity_idx_traffic,"traffic,zone-d-industrial,incident_report",0.683,DOC-924,6,en,2024-08-13
CHK-0307,sensor_report,air_quality,Zone-A-Downtown,AIR-001,2024-04-19T04:00:00,Sensor AIR-001 in Zone-A-Downtown recorded air_quality readings at 2024-04-19T04:00:00. The measured values indicate elevated conditions. Data quality score was 0.91. No anomalies detected during this period.,26,llama-3-embed,smartcity_idx_air_quality,"air_quality,zone-a-downtown,sensor_report",0.804,DOC-458,4,en,2024-01-16
CHK-0308,incident_report,traffic,Zone-C-Residential,TRA-001,2024-06-04T16:00:00,"Anomaly report for sensor TRA-001: Spike in traffic metrics detected. Possible causes include equipment malfunction, environmental event, or cyber intrusion. Forensic analysis pending.",23,llama-3-embed,smartcity_idx_traffic,"traffic,zone-c-residential,incident_report",0.765,DOC-846,2,en,2024-03-02
CHK-0309,policy_document,energy,Zone-E-Airport,ENE-008,2024-11-23T11:00:00,Energy grid management protocol: Peak demand events in Zone-E-Airport exceeding 200kW trigger load-balancing routines. Renewable energy targets mandate a minimum 30% green energy mix by Q4 2024.,27,llama-3-embed,smartcity_idx_energy,"energy,zone-e-airport,policy_document",0.787,DOC-838,5,en,2024-04-15
CHK-0310,analytics_summary,energy,Zone-C-Residential,ENE-004,2024-05-16T03:00:00,"Monthly summary — energy domain, Zone-C-Residential: 95th percentile readings remain below alert thresholds. Correlation analysis reveals strong relationship between weather conditions and sensor variance.",24,llama-3-embed,smartcity_idx_energy,"energy,zone-c-residential,analytics_summary",0.939,DOC-428,2,en,2024-01-06
CHK-0311,policy_document,traffic,Zone-B-Midtown,TRA-005,2024-09-05T06:00:00,Energy grid management protocol: Peak demand events in Zone-B-Midtown exceeding 200kW trigger load-balancing routines. Renewable energy targets mandate a minimum 30% green energy mix by Q4 2024.,27,llama-3-embed,smartcity_idx_traffic,"traffic,zone-b-midtown,policy_document",0.888,DOC-262,7,en,2024-01-13
CHK-0312,maintenance_log,air_quality,Zone-A-Downtown,AIR-007,2024-11-11T01:00:00,Calibration log for air_quality sensor AIR-007: Routine calibration completed. Sensor accuracy verified at 0.92% confidence. Next scheduled maintenance in 60 days.,21,llama-3-embed,smartcity_idx_air_quality,"air_quality,zone-a-downtown,maintenance_log",0.93,DOC-192,9,en,2024-11-11
CHK-0313,policy_document,energy,Zone-A-Downtown,ENE-007,2024-04-10T13:00:00,Smart City Operational Policy: All energy sensors in Zone-A-Downtown must transmit data every 2.5 hours. Anomaly thresholds trigger automated alerts to city operations center. Maintenance windows are scheduled bi-monthly.,29,llama-3-embed,smartcity_idx_energy,"energy,zone-a-downtown,policy_document",0.823,DOC-194,2,en,2024-01-02
CHK-0314,analytics_summary,energy,Zone-A-Downtown,ENE-006,2024-02-09T13:00:00,Weekly analytics digest for Zone-A-Downtown: energy metrics averaged within normal bounds. Peak readings occurred during rush hours. Trend analysis shows 3.2% improvement in efficiency versus prior week.,27,llama-3-embed,smartcity_idx_energy,"energy,zone-a-downtown,analytics_summary",0.91,DOC-886,2,en,2024-06-03
CHK-0315,incident_report,traffic,Zone-C-Residential,TRA-008,2024-04-23T21:00:00,Critical event log: Zone-C-Residential experienced elevated traffic anomaly at 2024-04-23T21:00:00. Sensor TRA-008 captured the event. Emergency response protocol activated. Situation resolved within 2 hours.,24,llama-3-embed,smartcity_idx_traffic,"traffic,zone-c-residential,incident_report",0.756,DOC-187,3,en,2024-11-14
CHK-0316,policy_document,energy,Zone-C-Residential,ENE-008,2024-08-19T05:00:00,City of SmartMetro Regulation 2024-9691: Environmental monitoring standards require AQI sensors to maintain calibration within ±5% accuracy. Sensors exceeding deviation thresholds must be recalibrated within 72 hours.,27,llama-3-embed,smartcity_idx_energy,"energy,zone-c-residential,policy_document",0.781,DOC-643,9,en,2024-10-26
CHK-0317,policy_document,air_quality,Zone-B-Midtown,AIR-008,2024-04-14T04:00:00,Energy grid management protocol: Peak demand events in Zone-B-Midtown exceeding 200kW trigger load-balancing routines. Renewable energy targets mandate a minimum 30% green energy mix by Q4 2024.,27,llama-3-embed,smartcity_idx_air_quality,"air_quality,zone-b-midtown,policy_document",0.694,DOC-452,8,en,2024-12-08
CHK-0318,analytics_summary,energy,Zone-E-Airport,ENE-004,2024-11-24T08:00:00,"Monthly summary — energy domain, Zone-E-Airport: 95th percentile readings remain below alert thresholds. Correlation analysis reveals strong relationship between weather conditions and sensor variance.",24,llama-3-embed,smartcity_idx_energy,"energy,zone-e-airport,analytics_summary",0.69,DOC-364,4,en,2024-12-17
CHK-0319,sensor_report,traffic,Zone-C-Residential,TRA-001,2024-08-22T16:00:00,Automated report from traffic sensor TRA-001 deployed in Zone-C-Residential. Timestamp: 2024-08-22T16:00:00. Sensor battery level at 56%. Readings are within acceptable operational thresholds.,22,llama-3-embed,smartcity_idx_traffic,"traffic,zone-c-residential,sensor_report",0.994,DOC-395,9,en,2024-12-28
CHK-0320,sensor_report,air_quality,Zone-C-Residential,AIR-007,2024-09-21T02:00:00,Sensor AIR-007 in Zone-C-Residential recorded air_quality readings at 2024-09-21T02:00:00. The measured values indicate elevated conditions. Data quality score was 0.94. No anomalies detected during this period.,26,llama-3-embed,smartcity_idx_air_quality,"air_quality,zone-c-residential,sensor_report",0.849,DOC-342,7,en,2024-12-19
CHK-0321,analytics_summary,energy,Zone-E-Airport,ENE-002,2024-05-07T04:00:00,"Monthly summary — energy domain, Zone-E-Airport: 95th percentile readings remain below alert thresholds. Correlation analysis reveals strong relationship between weather conditions and sensor variance.",24,llama-3-embed,smartcity_idx_energy,"energy,zone-e-airport,analytics_summary",0.669,DOC-796,6,en,2024-01-16
CHK-0322,maintenance_log,air_quality,Zone-E-Airport,AIR-001,2024-12-04T19:00:00,Calibration log for air_quality sensor AIR-001: Routine calibration completed. Sensor accuracy verified at 0.94% confidence. Next scheduled maintenance in 60 days.,21,llama-3-embed,smartcity_idx_air_quality,"air_quality,zone-e-airport,maintenance_log",0.957,DOC-941,9,en,2024-12-19
CHK-0323,incident_report,energy,Zone-B-Midtown,ENE-001,2024-10-22T00:00:00,"Anomaly report for sensor ENE-001: Spike in energy metrics detected. Possible causes include equipment malfunction, environmental event, or cyber intrusion. Forensic analysis pending.",23,llama-3-embed,smartcity_idx_energy,"energy,zone-b-midtown,incident_report",0.895,DOC-783,10,en,2024-06-02
CHK-0324,maintenance_log,traffic,Zone-B-Midtown,TRA-002,2024-10-18T21:00:00,Calibration log for traffic sensor TRA-002: Routine calibration completed. Sensor accuracy verified at 0.98% confidence. Next scheduled maintenance in 60 days.,21,llama-3-embed,smartcity_idx_traffic,"traffic,zone-b-midtown,maintenance_log",0.748,DOC-677,5,en,2024-08-28
CHK-0325,policy_document,energy,Zone-E-Airport,ENE-003,2024-10-28T04:00:00,City of SmartMetro Regulation 2024-2506: Environmental monitoring standards require AQI sensors to maintain calibration within ±5% accuracy. Sensors exceeding deviation thresholds must be recalibrated within 72 hours.,27,llama-3-embed,smartcity_idx_energy,"energy,zone-e-airport,policy_document",0.657,DOC-525,5,en,2024-07-02
CHK-0326,sensor_report,energy,Zone-E-Airport,ENE-003,2024-03-05T02:00:00,Automated report from energy sensor ENE-003 deployed in Zone-E-Airport. Timestamp: 2024-03-05T02:00:00. Sensor battery level at 24%. Readings are within acceptable operational thresholds.,22,llama-3-embed,smartcity_idx_energy,"energy,zone-e-airport,sensor_report",0.714,DOC-162,4,en,2024-04-14
CHK-0327,policy_document,traffic,Zone-C-Residential,TRA-002,2024-06-12T06:00:00,Smart City Operational Policy: All traffic sensors in Zone-C-Residential must transmit data every 2.5 hours. Anomaly thresholds trigger automated alerts to city operations center. Maintenance windows are scheduled bi-monthly.,29,llama-3-embed,smartcity_idx_traffic,"traffic,zone-c-residential,policy_document",0.971,DOC-550,4,en,2024-03-15
CHK-0328,sensor_report,energy,Zone-A-Downtown,ENE-008,2024-12-23T09:00:00,IoT telemetry batch from ENE-008 covers a 2.5-hour window ending 2024-12-23T09:00:00. Zone Zone-A-Downtown shows critical energy patterns consistent with seasonal norms.,21,llama-3-embed,smartcity_idx_energy,"energy,zone-a-downtown,sensor_report",0.831,DOC-417,4,en,2024-03-25
CHK-0329,policy_document,energy,Zone-A-Downtown,ENE-007,2024-08-27T03:00:00,Energy grid management protocol: Peak demand events in Zone-A-Downtown exceeding 200kW trigger load-balancing routines. Renewable energy targets mandate a minimum 30% green energy mix by Q4 2024.,27,llama-3-embed,smartcity_idx_energy,"energy,zone-a-downtown,policy_document",0.653,DOC-118,6,en,2024-08-12
CHK-0330,policy_document,air_quality,Zone-D-Industrial,AIR-001,2024-03-11T08:00:00,Smart City Operational Policy: All air_quality sensors in Zone-D-Industrial must transmit data every 2.5 hours. Anomaly thresholds trigger automated alerts to city operations center. Maintenance windows are scheduled bi-monthly.,29,llama-3-embed,smartcity_idx_air_quality,"air_quality,zone-d-industrial,policy_document",0.963,DOC-793,7,en,2024-04-20
CHK-0331,analytics_summary,air_quality,Zone-C-Residential,AIR-008,2024-07-12T10:00:00,"Monthly summary — air_quality domain, Zone-C-Residential: 95th percentile readings remain below alert thresholds. Correlation analysis reveals strong relationship between weather conditions and sensor variance.",24,llama-3-embed,smartcity_idx_air_quality,"air_quality,zone-c-residential,analytics_summary",0.746,DOC-435,6,en,2024-12-06
CHK-0332,analytics_summary,air_quality,Zone-E-Airport,AIR-007,2024-12-25T06:00:00,"Monthly summary — air_quality domain, Zone-E-Airport: 95th percentile readings remain below alert thresholds. Correlation analysis reveals strong relationship between weather conditions and sensor variance.",24,llama-3-embed,smartcity_idx_air_quality,"air_quality,zone-e-airport,analytics_summary",0.611,DOC-382,7,en,2024-09-22
CHK-0333,analytics_summary,traffic,Zone-E-Airport,TRA-005,2024-06-24T07:00:00,"Monthly summary — traffic domain, Zone-E-Airport: 95th percentile readings remain below alert thresholds. Correlation analysis reveals strong relationship between weather conditions and sensor variance.",24,llama-3-embed,smartcity_idx_traffic,"traffic,zone-e-airport,analytics_summary",0.661,DOC-947,8,en,2024-10-17
CHK-0334,incident_report,traffic,Zone-B-Midtown,TRA-007,2024-12-01T18:00:00,"Anomaly report for sensor TRA-007: Spike in traffic metrics detected. Possible causes include equipment malfunction, environmental event, or cyber intrusion. Forensic analysis pending.",23,llama-3-embed,smartcity_idx_traffic,"traffic,zone-b-midtown,incident_report",0.772,DOC-571,2,en,2024-09-01
CHK-0335,sensor_report,air_quality,Zone-A-Downtown,AIR-007,2024-10-03T21:00:00,Automated report from air_quality sensor AIR-007 deployed in Zone-A-Downtown. Timestamp: 2024-10-03T21:00:00. Sensor battery level at 49%. Readings are within acceptable operational thresholds.,22,llama-3-embed,smartcity_idx_air_quality,"air_quality,zone-a-downtown,sensor_report",0.793,DOC-134,1,en,2024-01-11
CHK-0336,sensor_report,energy,Zone-A-Downtown,ENE-006,2024-07-24T15:00:00,IoT telemetry batch from ENE-006 covers a 2.5-hour window ending 2024-07-24T15:00:00. Zone Zone-A-Downtown shows critical energy patterns consistent with seasonal norms.,21,llama-3-embed,smartcity_idx_energy,"energy,zone-a-downtown,sensor_report",0.634,DOC-885,6,en,2024-11-15
CHK-0337,policy_document,traffic,Zone-D-Industrial,TRA-005,2024-04-05T12:00:00,City of SmartMetro Regulation 2024-2781: Environmental monitoring standards require AQI sensors to maintain calibration within ±5% accuracy. Sensors exceeding deviation thresholds must be recalibrated within 72 hours.,27,llama-3-embed,smartcity_idx_traffic,"traffic,zone-d-industrial,policy_document",0.609,DOC-954,1,en,2024-06-21
CHK-0338,policy_document,traffic,Zone-B-Midtown,TRA-001,2024-03-16T04:00:00,City of SmartMetro Regulation 2024-6840: Environmental monitoring standards require AQI sensors to maintain calibration within ±5% accuracy. Sensors exceeding deviation thresholds must be recalibrated within 72 hours.,27,llama-3-embed,smartcity_idx_traffic,"traffic,zone-b-midtown,policy_document",0.709,DOC-590,10,en,2024-08-15
CHK-0339,incident_report,energy,Zone-E-Airport,ENE-007,2024-04-21T01:00:00,Critical event log: Zone-E-Airport experienced elevated energy anomaly at 2024-04-21T01:00:00. Sensor ENE-007 captured the event. Emergency response protocol activated. Situation resolved within 2 hours.,24,llama-3-embed,smartcity_idx_energy,"energy,zone-e-airport,incident_report",0.886,DOC-608,4,en,2024-11-11
CHK-0340,sensor_report,air_quality,Zone-A-Downtown,AIR-002,2024-03-13T02:00:00,IoT telemetry batch from AIR-002 covers a 2.5-hour window ending 2024-03-13T02:00:00. Zone Zone-A-Downtown shows normal air_quality patterns consistent with seasonal norms.,21,llama-3-embed,smartcity_idx_air_quality,"air_quality,zone-a-downtown,sensor_report",0.84,DOC-405,3,en,2024-03-15
CHK-0341,maintenance_log,air_quality,Zone-C-Residential,AIR-007,2024-08-12T21:00:00,Maintenance ticket #7880: Sensor AIR-007 in Zone-C-Residential flagged for battery replacement. Battery level dropped to 31%. Technician dispatched on schedule. Service restored within 4 hours.,25,llama-3-embed,smartcity_idx_air_quality,"air_quality,zone-c-residential,maintenance_log",0.888,DOC-103,8,en,2024-05-01
CHK-0342,sensor_report,energy,Zone-C-Residential,ENE-008,2024-06-09T15:00:00,Sensor ENE-008 in Zone-C-Residential recorded energy readings at 2024-06-09T15:00:00. The measured values indicate optimal conditions. Data quality score was 0.93. No anomalies detected during this period.,26,llama-3-embed,smartcity_idx_energy,"energy,zone-c-residential,sensor_report",0.793,DOC-893,6,en,2024-02-01
CHK-0343,maintenance_log,traffic,Zone-E-Airport,TRA-004,2024-11-03T07:00:00,Calibration log for traffic sensor TRA-004: Routine calibration completed. Sensor accuracy verified at 0.96% confidence. Next scheduled maintenance in 60 days.,21,llama-3-embed,smartcity_idx_traffic,"traffic,zone-e-airport,maintenance_log",0.84,DOC-470,10,en,2024-07-08
CHK-0344,analytics_summary,energy,Zone-B-Midtown,ENE-004,2024-11-09T20:00:00,"Quarterly performance report: Zone-B-Midtown smart city sensors achieved 98.5% uptime. energy data completeness: 99.1%. Predictive model accuracy for anomaly detection: 91.3% precision, 88.7% recall.",24,llama-3-embed,smartcity_idx_energy,"energy,zone-b-midtown,analytics_summary",0.753,DOC-280,7,en,2024-01-22
CHK-0345,analytics_summary,traffic,Zone-D-Industrial,TRA-004,2024-09-14T21:00:00,"Quarterly performance report: Zone-D-Industrial smart city sensors achieved 98.5% uptime. traffic data completeness: 99.1%. Predictive model accuracy for anomaly detection: 91.3% precision, 88.7% recall.",24,llama-3-embed,smartcity_idx_traffic,"traffic,zone-d-industrial,analytics_summary",0.859,DOC-708,8,en,2024-11-19
CHK-0346,maintenance_log,energy,Zone-A-Downtown,ENE-003,2024-02-20T08:00:00,Maintenance ticket #5585: Sensor ENE-003 in Zone-A-Downtown flagged for battery replacement. Battery level dropped to 64%. Technician dispatched on schedule. Service restored within 4 hours.,25,llama-3-embed,smartcity_idx_energy,"energy,zone-a-downtown,maintenance_log",0.83,DOC-312,8,en,2024-05-09
CHK-0347,analytics_summary,air_quality,Zone-D-Industrial,AIR-006,2024-12-09T11:00:00,"Quarterly performance report: Zone-D-Industrial smart city sensors achieved 98.5% uptime. air_quality data completeness: 99.1%. Predictive model accuracy for anomaly detection: 91.3% precision, 88.7% recall.",24,llama-3-embed,smartcity_idx_air_quality,"air_quality,zone-d-industrial,analytics_summary",0.693,DOC-799,9,en,2024-08-07
CHK-0348,incident_report,energy,Zone-A-Downtown,ENE-004,2024-01-22T07:00:00,"Anomaly report for sensor ENE-004: Spike in energy metrics detected. Possible causes include equipment malfunction, environmental event, or cyber intrusion. Forensic analysis pending.",23,llama-3-embed,smartcity_idx_energy,"energy,zone-a-downtown,incident_report",0.673,DOC-657,4,en,2024-04-27
CHK-0349,incident_report,air_quality,Zone-E-Airport,AIR-004,2024-02-24T19:00:00,"Anomaly report for sensor AIR-004: Spike in air_quality metrics detected. Possible causes include equipment malfunction, environmental event, or cyber intrusion. Forensic analysis pending.",23,llama-3-embed,smartcity_idx_air_quality,"air_quality,zone-e-airport,incident_report",0.806,DOC-328,2,en,2024-02-16
CHK-0350,maintenance_log,traffic,Zone-D-Industrial,TRA-001,2024-04-24T20:00:00,Calibration log for traffic sensor TRA-001: Routine calibration completed. Sensor accuracy verified at 0.94% confidence. Next scheduled maintenance in 60 days.,21,llama-3-embed,smartcity_idx_traffic,"traffic,zone-d-industrial,maintenance_log",0.835,DOC-119,4,en,2024-02-26
CHK-0351,analytics_summary,energy,Zone-E-Airport,ENE-005,2024-09-19T06:00:00,"Monthly summary — energy domain, Zone-E-Airport: 95th percentile readings remain below alert thresholds. Correlation analysis reveals strong relationship between weather conditions and sensor variance.",24,llama-3-embed,smartcity_idx_energy,"energy,zone-e-airport,analytics_summary",0.645,DOC-285,9,en,2024-02-02
CHK-0352,maintenance_log,traffic,Zone-D-Industrial,TRA-001,2024-02-18T19:00:00,Field service report: Zone-D-Industrial sensor cluster underwent firmware upgrade. All traffic sensors updated to firmware v2.4.1. Downtime: 15 minutes. Data continuity maintained.,22,llama-3-embed,smartcity_idx_traffic,"traffic,zone-d-industrial,maintenance_log",0.932,DOC-290,6,en,2024-12-02
CHK-0353,maintenance_log,air_quality,Zone-B-Midtown,AIR-001,2024-02-22T15:00:00,Maintenance ticket #3386: Sensor AIR-001 in Zone-B-Midtown flagged for battery replacement. Battery level dropped to 46%. Technician dispatched on schedule. Service restored within 4 hours.,25,llama-3-embed,smartcity_idx_air_quality,"air_quality,zone-b-midtown,maintenance_log",0.735,DOC-412,8,en,2024-05-08
CHK-0354,maintenance_log,air_quality,Zone-C-Residential,AIR-002,2024-04-02T18:00:00,Field service report: Zone-C-Residential sensor cluster underwent firmware upgrade. All air_quality sensors updated to firmware v2.4.1. Downtime: 15 minutes. Data continuity maintained.,22,llama-3-embed,smartcity_idx_air_quality,"air_quality,zone-c-residential,maintenance_log",0.691,DOC-519,10,en,2024-07-19
CHK-0355,incident_report,energy,Zone-C-Residential,ENE-008,2024-07-14T08:00:00,Critical event log: Zone-C-Residential experienced elevated energy anomaly at 2024-07-14T08:00:00. Sensor ENE-008 captured the event. Emergency response protocol activated. Situation resolved within 2 hours.,24,llama-3-embed,smartcity_idx_energy,"energy,zone-c-residential,incident_report",0.708,DOC-656,7,en,2024-07-07
CHK-0356,maintenance_log,air_quality,Zone-B-Midtown,AIR-002,2024-12-01T18:00:00,Maintenance ticket #3277: Sensor AIR-002 in Zone-B-Midtown flagged for battery replacement. Battery level dropped to 93%. Technician dispatched on schedule. Service restored within 4 hours.,25,llama-3-embed,smartcity_idx_air_quality,"air_quality,zone-b-midtown,maintenance_log",0.976,DOC-653,2,en,2024-07-16
CHK-0357,incident_report,air_quality,Zone-C-Residential,AIR-006,2024-05-04T13:00:00,Incident #3283: Anomalous air_quality readings detected in Zone-C-Residential at 2024-05-04T13:00:00. Values exceeded normal operating range by >3 standard deviations. Automated alert triggered. Investigation initiated by city operations team.,28,llama-3-embed,smartcity_idx_air_quality,"air_quality,zone-c-residential,incident_report",0.927,DOC-560,6,en,2024-04-18
CHK-0358,maintenance_log,traffic,Zone-D-Industrial,TRA-007,2024-02-08T13:00:00,Calibration log for traffic sensor TRA-007: Routine calibration completed. Sensor accuracy verified at 0.93% confidence. Next scheduled maintenance in 60 days.,21,llama-3-embed,smartcity_idx_traffic,"traffic,zone-d-industrial,maintenance_log",0.793,DOC-846,1,en,2024-01-26
CHK-0359,analytics_summary,air_quality,Zone-E-Airport,AIR-002,2024-07-27T16:00:00,"Monthly summary — air_quality domain, Zone-E-Airport: 95th percentile readings remain below alert thresholds. Correlation analysis reveals strong relationship between weather conditions and sensor variance.",24,llama-3-embed,smartcity_idx_air_quality,"air_quality,zone-e-airport,analytics_summary",0.745,DOC-815,1,en,2024-10-13
CHK-0360,sensor_report,traffic,Zone-A-Downtown,TRA-005,2024-12-05T19:00:00,IoT telemetry batch from TRA-005 covers a 2.5-hour window ending 2024-12-05T19:00:00. Zone Zone-A-Downtown shows normal traffic patterns consistent with seasonal norms.,21,llama-3-embed,smartcity_idx_traffic,"traffic,zone-a-downtown,sensor_report",0.714,DOC-511,9,en,2024-09-19
CHK-0361,incident_report,energy,Zone-E-Airport,ENE-007,2024-10-21T13:00:00,Incident #2644: Anomalous energy readings detected in Zone-E-Airport at 2024-10-21T13:00:00. Values exceeded normal operating range by >3 standard deviations. Automated alert triggered. Investigation initiated by city operations team.,28,llama-3-embed,smartcity_idx_energy,"energy,zone-e-airport,incident_report",0.666,DOC-938,3,en,2024-10-08
CHK-0362,incident_report,energy,Zone-E-Airport,ENE-008,2024-04-14T00:00:00,Incident #8430: Anomalous energy readings detected in Zone-E-Airport at 2024-04-14T00:00:00. Values exceeded normal operating range by >3 standard deviations. Automated alert triggered. Investigation initiated by city operations team.,28,llama-3-embed,smartcity_idx_energy,"energy,zone-e-airport,incident_report",0.791,DOC-516,6,en,2024-04-05
CHK-0363,incident_report,air_quality,Zone-D-Industrial,AIR-007,2024-10-12T05:00:00,Incident #6183: Anomalous air_quality readings detected in Zone-D-Industrial at 2024-10-12T05:00:00. Values exceeded normal operating range by >3 standard deviations. Automated alert triggered. Investigation initiated by city operations team.,28,llama-3-embed,smartcity_idx_air_quality,"air_quality,zone-d-industrial,incident_report",0.71,DOC-419,7,en,2024-06-25
CHK-0364,policy_document,air_quality,Zone-B-Midtown,AIR-007,2024-02-22T14:00:00,Energy grid management protocol: Peak demand events in Zone-B-Midtown exceeding 200kW trigger load-balancing routines. Renewable energy targets mandate a minimum 30% green energy mix by Q4 2024.,27,llama-3-embed,smartcity_idx_air_quality,"air_quality,zone-b-midtown,policy_document",0.606,DOC-267,8,en,2024-04-16
CHK-0365,sensor_report,air_quality,Zone-A-Downtown,AIR-007,2024-11-09T10:00:00,Automated report from air_quality sensor AIR-007 deployed in Zone-A-Downtown. Timestamp: 2024-11-09T10:00:00. Sensor battery level at 52%. Readings are within acceptable operational thresholds.,22,llama-3-embed,smartcity_idx_air_quality,"air_quality,zone-a-downtown,sensor_report",0.665,DOC-872,6,en,2024-09-24
CHK-0366,analytics_summary,energy,Zone-C-Residential,ENE-007,2024-03-12T05:00:00,Weekly analytics digest for Zone-C-Residential: energy metrics averaged within normal bounds. Peak readings occurred during rush hours. Trend analysis shows 3.2% improvement in efficiency versus prior week.,27,llama-3-embed,smartcity_idx_energy,"energy,zone-c-residential,analytics_summary",0.726,DOC-642,10,en,2024-11-28
CHK-0367,sensor_report,traffic,Zone-E-Airport,TRA-007,2024-03-18T15:00:00,IoT telemetry batch from TRA-007 covers a 2.5-hour window ending 2024-03-18T15:00:00. Zone Zone-E-Airport shows elevated traffic patterns consistent with seasonal norms.,21,llama-3-embed,smartcity_idx_traffic,"traffic,zone-e-airport,sensor_report",0.808,DOC-670,4,en,2024-08-26
CHK-0368,maintenance_log,traffic,Zone-B-Midtown,TRA-005,2024-01-25T19:00:00,Calibration log for traffic sensor TRA-005: Routine calibration completed. Sensor accuracy verified at 0.88% confidence. Next scheduled maintenance in 60 days.,21,llama-3-embed,smartcity_idx_traffic,"traffic,zone-b-midtown,maintenance_log",0.815,DOC-394,9,en,2024-04-11
CHK-0369,sensor_report,air_quality,Zone-B-Midtown,AIR-002,2024-11-10T05:00:00,IoT telemetry batch from AIR-002 covers a 2.5-hour window ending 2024-11-10T05:00:00. Zone Zone-B-Midtown shows normal air_quality patterns consistent with seasonal norms.,21,llama-3-embed,smartcity_idx_air_quality,"air_quality,zone-b-midtown,sensor_report",0.982,DOC-170,6,en,2024-06-26
CHK-0370,incident_report,energy,Zone-D-Industrial,ENE-006,2024-09-07T14:00:00,Critical event log: Zone-D-Industrial experienced elevated energy anomaly at 2024-09-07T14:00:00. Sensor ENE-006 captured the event. Emergency response protocol activated. Situation resolved within 2 hours.,24,llama-3-embed,smartcity_idx_energy,"energy,zone-d-industrial,incident_report",0.724,DOC-386,2,en,2024-09-28
CHK-0371,sensor_report,energy,Zone-E-Airport,ENE-003,2024-05-04T17:00:00,Automated report from energy sensor ENE-003 deployed in Zone-E-Airport. Timestamp: 2024-05-04T17:00:00. Sensor battery level at 70%. Readings are within acceptable operational thresholds.,22,llama-3-embed,smartcity_idx_energy,"energy,zone-e-airport,sensor_report",0.834,DOC-436,8,en,2024-12-02
CHK-0372,policy_document,air_quality,Zone-C-Residential,AIR-006,2024-01-28T09:00:00,City of SmartMetro Regulation 2024-8344: Environmental monitoring standards require AQI sensors to maintain calibration within ±5% accuracy. Sensors exceeding deviation thresholds must be recalibrated within 72 hours.,27,llama-3-embed,smartcity_idx_air_quality,"air_quality,zone-c-residential,policy_document",0.866,DOC-477,6,en,2024-06-24
CHK-0373,policy_document,air_quality,Zone-D-Industrial,AIR-002,2024-07-06T12:00:00,Energy grid management protocol: Peak demand events in Zone-D-Industrial exceeding 200kW trigger load-balancing routines. Renewable energy targets mandate a minimum 30% green energy mix by Q4 2024.,27,llama-3-embed,smartcity_idx_air_quality,"air_quality,zone-d-industrial,policy_document",0.876,DOC-119,5,en,2024-03-24
CHK-0374,analytics_summary,traffic,Zone-D-Industrial,TRA-003,2024-02-02T20:00:00,Weekly analytics digest for Zone-D-Industrial: traffic metrics averaged within normal bounds. Peak readings occurred during rush hours. Trend analysis shows 3.2% improvement in efficiency versus prior week.,27,llama-3-embed,smartcity_idx_traffic,"traffic,zone-d-industrial,analytics_summary",0.805,DOC-774,1,en,2024-04-28
CHK-0375,sensor_report,energy,Zone-E-Airport,ENE-004,2024-10-14T03:00:00,Sensor ENE-004 in Zone-E-Airport recorded energy readings at 2024-10-14T03:00:00. The measured values indicate optimal conditions. Data quality score was 0.94. No anomalies detected during this period.,26,llama-3-embed,smartcity_idx_energy,"energy,zone-e-airport,sensor_report",0.774,DOC-544,5,en,2024-03-07
CHK-0376,maintenance_log,air_quality,Zone-D-Industrial,AIR-008,2024-07-20T16:00:00,Calibration log for air_quality sensor AIR-008: Routine calibration completed. Sensor accuracy verified at 0.89% confidence. Next scheduled maintenance in 60 days.,21,llama-3-embed,smartcity_idx_air_quality,"air_quality,zone-d-industrial,maintenance_log",0.949,DOC-388,7,en,2024-06-16
CHK-0377,analytics_summary,traffic,Zone-B-Midtown,TRA-004,2024-12-24T22:00:00,"Quarterly performance report: Zone-B-Midtown smart city sensors achieved 98.5% uptime. traffic data completeness: 99.1%. Predictive model accuracy for anomaly detection: 91.3% precision, 88.7% recall.",24,llama-3-embed,smartcity_idx_traffic,"traffic,zone-b-midtown,analytics_summary",0.875,DOC-655,4,en,2024-04-06
CHK-0378,maintenance_log,air_quality,Zone-C-Residential,AIR-001,2024-07-06T11:00:00,Calibration log for air_quality sensor AIR-001: Routine calibration completed. Sensor accuracy verified at 0.93% confidence. Next scheduled maintenance in 60 days.,21,llama-3-embed,smartcity_idx_air_quality,"air_quality,zone-c-residential,maintenance_log",0.771,DOC-750,1,en,2024-04-02
CHK-0379,incident_report,air_quality,Zone-A-Downtown,AIR-008,2024-05-03T21:00:00,Critical event log: Zone-A-Downtown experienced elevated air_quality anomaly at 2024-05-03T21:00:00. Sensor AIR-008 captured the event. Emergency response protocol activated. Situation resolved within 2 hours.,24,llama-3-embed,smartcity_idx_air_quality,"air_quality,zone-a-downtown,incident_report",0.841,DOC-434,1,en,2024-01-18
CHK-0380,incident_report,traffic,Zone-A-Downtown,TRA-002,2024-01-25T21:00:00,Critical event log: Zone-A-Downtown experienced elevated traffic anomaly at 2024-01-25T21:00:00. Sensor TRA-002 captured the event. Emergency response protocol activated. Situation resolved within 2 hours.,24,llama-3-embed,smartcity_idx_traffic,"traffic,zone-a-downtown,incident_report",0.641,DOC-575,9,en,2024-09-10
CHK-0381,maintenance_log,air_quality,Zone-C-Residential,AIR-002,2024-10-24T10:00:00,Maintenance ticket #9739: Sensor AIR-002 in Zone-C-Residential flagged for battery replacement. Battery level dropped to 68%. Technician dispatched on schedule. Service restored within 4 hours.,25,llama-3-embed,smartcity_idx_air_quality,"air_quality,zone-c-residential,maintenance_log",0.636,DOC-590,6,en,2024-10-09
CHK-0382,policy_document,air_quality,Zone-A-Downtown,AIR-005,2024-07-12T04:00:00,Smart City Operational Policy: All air_quality sensors in Zone-A-Downtown must transmit data every 2.5 hours. Anomaly thresholds trigger automated alerts to city operations center. Maintenance windows are scheduled bi-monthly.,29,llama-3-embed,smartcity_idx_air_quality,"air_quality,zone-a-downtown,policy_document",0.958,DOC-351,1,en,2024-04-10
CHK-0383,policy_document,energy,Zone-E-Airport,ENE-001,2024-05-06T15:00:00,City of SmartMetro Regulation 2024-6668: Environmental monitoring standards require AQI sensors to maintain calibration within ±5% accuracy. Sensors exceeding deviation thresholds must be recalibrated within 72 hours.,27,llama-3-embed,smartcity_idx_energy,"energy,zone-e-airport,policy_document",0.636,DOC-881,9,en,2024-10-04
CHK-0384,maintenance_log,energy,Zone-D-Industrial,ENE-003,2024-09-07T23:00:00,Maintenance ticket #3805: Sensor ENE-003 in Zone-D-Industrial flagged for battery replacement. Battery level dropped to 24%. Technician dispatched on schedule. Service restored within 4 hours.,25,llama-3-embed,smartcity_idx_energy,"energy,zone-d-industrial,maintenance_log",0.689,DOC-218,3,en,2024-10-18
CHK-0385,analytics_summary,energy,Zone-B-Midtown,ENE-007,2024-09-25T06:00:00,Weekly analytics digest for Zone-B-Midtown: energy metrics averaged within normal bounds. Peak readings occurred during rush hours. Trend analysis shows 3.2% improvement in efficiency versus prior week.,27,llama-3-embed,smartcity_idx_energy,"energy,zone-b-midtown,analytics_summary",0.74,DOC-598,3,en,2024-06-12
CHK-0386,analytics_summary,air_quality,Zone-D-Industrial,AIR-007,2024-10-04T13:00:00,"Quarterly performance report: Zone-D-Industrial smart city sensors achieved 98.5% uptime. air_quality data completeness: 99.1%. Predictive model accuracy for anomaly detection: 91.3% precision, 88.7% recall.",24,llama-3-embed,smartcity_idx_air_quality,"air_quality,zone-d-industrial,analytics_summary",0.605,DOC-536,6,en,2024-10-11
CHK-0387,analytics_summary,traffic,Zone-E-Airport,TRA-007,2024-09-13T20:00:00,"Monthly summary — traffic domain, Zone-E-Airport: 95th percentile readings remain below alert thresholds. Correlation analysis reveals strong relationship between weather conditions and sensor variance.",24,llama-3-embed,smartcity_idx_traffic,"traffic,zone-e-airport,analytics_summary",0.91,DOC-382,3,en,2024-10-07
CHK-0388,incident_report,traffic,Zone-C-Residential,TRA-002,2024-06-15T11:00:00,"Anomaly report for sensor TRA-002: Spike in traffic metrics detected. Possible causes include equipment malfunction, environmental event, or cyber intrusion. Forensic analysis pending.",23,llama-3-embed,smartcity_idx_traffic,"traffic,zone-c-residential,incident_report",0.867,DOC-774,2,en,2024-02-16
CHK-0389,analytics_summary,energy,Zone-C-Residential,ENE-001,2024-02-23T01:00:00,"Monthly summary — energy domain, Zone-C-Residential: 95th percentile readings remain below alert thresholds. Correlation analysis reveals strong relationship between weather conditions and sensor variance.",24,llama-3-embed,smartcity_idx_energy,"energy,zone-c-residential,analytics_summary",0.81,DOC-477,8,en,2024-06-11
CHK-0390,incident_report,air_quality,Zone-E-Airport,AIR-001,2024-08-04T13:00:00,Critical event log: Zone-E-Airport experienced elevated air_quality anomaly at 2024-08-04T13:00:00. Sensor AIR-001 captured the event. Emergency response protocol activated. Situation resolved within 2 hours.,24,llama-3-embed,smartcity_idx_air_quality,"air_quality,zone-e-airport,incident_report",0.686,DOC-935,4,en,2024-02-13
CHK-0391,analytics_summary,energy,Zone-D-Industrial,ENE-007,2024-11-18T18:00:00,Weekly analytics digest for Zone-D-Industrial: energy metrics averaged within normal bounds. Peak readings occurred during rush hours. Trend analysis shows 3.2% improvement in efficiency versus prior week.,27,llama-3-embed,smartcity_idx_energy,"energy,zone-d-industrial,analytics_summary",0.896,DOC-683,1,en,2024-02-05
CHK-0392,sensor_report,energy,Zone-A-Downtown,ENE-002,2024-11-10T23:00:00,Sensor ENE-002 in Zone-A-Downtown recorded energy readings at 2024-11-10T23:00:00. The measured values indicate critical conditions. Data quality score was 0.91. No anomalies detected during this period.,26,llama-3-embed,smartcity_idx_energy,"energy,zone-a-downtown,sensor_report",0.696,DOC-953,8,en,2024-12-15
CHK-0393,incident_report,traffic,Zone-A-Downtown,TRA-008,2024-06-28T14:00:00,Critical event log: Zone-A-Downtown experienced elevated traffic anomaly at 2024-06-28T14:00:00. Sensor TRA-008 captured the event. Emergency response protocol activated. Situation resolved within 2 hours.,24,llama-3-embed,smartcity_idx_traffic,"traffic,zone-a-downtown,incident_report",0.889,DOC-716,9,en,2024-12-20
CHK-0394,policy_document,traffic,Zone-C-Residential,TRA-006,2024-11-21T12:00:00,Energy grid management protocol: Peak demand events in Zone-C-Residential exceeding 200kW trigger load-balancing routines. Renewable energy targets mandate a minimum 30% green energy mix by Q4 2024.,27,llama-3-embed,smartcity_idx_traffic,"traffic,zone-c-residential,policy_document",0.629,DOC-763,5,en,2024-09-25
CHK-0395,sensor_report,air_quality,Zone-A-Downtown,AIR-002,2024-07-01T05:00:00,Sensor AIR-002 in Zone-A-Downtown recorded air_quality readings at 2024-07-01T05:00:00. The measured values indicate normal conditions. Data quality score was 0.96. No anomalies detected during this period.,26,llama-3-embed,smartcity_idx_air_quality,"air_quality,zone-a-downtown,sensor_report",0.928,DOC-634,3,en,2024-04-18
CHK-0396,incident_report,traffic,Zone-B-Midtown,TRA-001,2024-02-21T02:00:00,"Anomaly report for sensor TRA-001: Spike in traffic metrics detected. Possible causes include equipment malfunction, environmental event, or cyber intrusion. Forensic analysis pending.",23,llama-3-embed,smartcity_idx_traffic,"traffic,zone-b-midtown,incident_report",0.636,DOC-713,4,en,2024-02-26
CHK-0397,policy_document,traffic,Zone-B-Midtown,TRA-003,2024-09-27T04:00:00,Energy grid management protocol: Peak demand events in Zone-B-Midtown exceeding 200kW trigger load-balancing routines. Renewable energy targets mandate a minimum 30% green energy mix by Q4 2024.,27,llama-3-embed,smartcity_idx_traffic,"traffic,zone-b-midtown,policy_document",0.805,DOC-260,4,en,2024-12-28
CHK-0398,maintenance_log,air_quality,Zone-B-Midtown,AIR-004,2024-10-10T02:00:00,Maintenance ticket #1588: Sensor AIR-004 in Zone-B-Midtown flagged for battery replacement. Battery level dropped to 99%. Technician dispatched on schedule. Service restored within 4 hours.,25,llama-3-embed,smartcity_idx_air_quality,"air_quality,zone-b-midtown,maintenance_log",0.601,DOC-684,9,en,2024-04-11
CHK-0399,incident_report,traffic,Zone-A-Downtown,TRA-004,2024-04-11T21:00:00,Critical event log: Zone-A-Downtown experienced elevated traffic anomaly at 2024-04-11T21:00:00. Sensor TRA-004 captured the event. Emergency response protocol activated. Situation resolved within 2 hours.,24,llama-3-embed,smartcity_idx_traffic,"traffic,zone-a-downtown,incident_report",0.927,DOC-245,3,en,2024-06-13
CHK-0400,sensor_report,traffic,Zone-E-Airport,TRA-004,2024-03-01T18:00:00,IoT telemetry batch from TRA-004 covers a 2.5-hour window ending 2024-03-01T18:00:00. Zone Zone-E-Airport shows normal traffic patterns consistent with seasonal norms.,21,llama-3-embed,smartcity_idx_traffic,"traffic,zone-e-airport,sensor_report",0.986,DOC-974,1,en,2024-01-07
CHK-0401,maintenance_log,air_quality,Zone-D-Industrial,AIR-004,2024-06-14T00:00:00,Field service report: Zone-D-Industrial sensor cluster underwent firmware upgrade. All air_quality sensors updated to firmware v2.4.1. Downtime: 15 minutes. Data continuity maintained.,22,llama-3-embed,smartcity_idx_air_quality,"air_quality,zone-d-industrial,maintenance_log",0.694,DOC-656,6,en,2024-07-21
CHK-0402,sensor_report,air_quality,Zone-E-Airport,AIR-002,2024-10-05T19:00:00,Sensor AIR-002 in Zone-E-Airport recorded air_quality readings at 2024-10-05T19:00:00. The measured values indicate elevated conditions. Data quality score was 0.97. No anomalies detected during this period.,26,llama-3-embed,smartcity_idx_air_quality,"air_quality,zone-e-airport,sensor_report",0.841,DOC-523,10,en,2024-10-19
CHK-0403,analytics_summary,traffic,Zone-D-Industrial,TRA-001,2024-05-06T06:00:00,"Quarterly performance report: Zone-D-Industrial smart city sensors achieved 98.5% uptime. traffic data completeness: 99.1%. Predictive model accuracy for anomaly detection: 91.3% precision, 88.7% recall.",24,llama-3-embed,smartcity_idx_traffic,"traffic,zone-d-industrial,analytics_summary",0.891,DOC-371,2,en,2024-01-09
CHK-0404,sensor_report,traffic,Zone-A-Downtown,TRA-005,2024-11-02T20:00:00,Automated report from traffic sensor TRA-005 deployed in Zone-A-Downtown. Timestamp: 2024-11-02T20:00:00. Sensor battery level at 69%. Readings are within acceptable operational thresholds.,22,llama-3-embed,smartcity_idx_traffic,"traffic,zone-a-downtown,sensor_report",0.975,DOC-392,1,en,2024-06-25
CHK-0405,sensor_report,air_quality,Zone-E-Airport,AIR-008,2024-01-03T12:00:00,Automated report from air_quality sensor AIR-008 deployed in Zone-E-Airport. Timestamp: 2024-01-03T12:00:00. Sensor battery level at 42%. Readings are within acceptable operational thresholds.,22,llama-3-embed,smartcity_idx_air_quality,"air_quality,zone-e-airport,sensor_report",0.969,DOC-421,7,en,2024-04-26
CHK-0406,sensor_report,air_quality,Zone-A-Downtown,AIR-002,2024-01-09T07:00:00,Automated report from air_quality sensor AIR-002 deployed in Zone-A-Downtown. Timestamp: 2024-01-09T07:00:00. Sensor battery level at 93%. Readings are within acceptable operational thresholds.,22,llama-3-embed,smartcity_idx_air_quality,"air_quality,zone-a-downtown,sensor_report",0.988,DOC-387,2,en,2024-08-12
CHK-0407,policy_document,energy,Zone-B-Midtown,ENE-008,2024-12-06T10:00:00,Energy grid management protocol: Peak demand events in Zone-B-Midtown exceeding 200kW trigger load-balancing routines. Renewable energy targets mandate a minimum 30% green energy mix by Q4 2024.,27,llama-3-embed,smartcity_idx_energy,"energy,zone-b-midtown,policy_document",0.645,DOC-684,6,en,2024-07-06
CHK-0408,incident_report,air_quality,Zone-E-Airport,AIR-008,2024-02-25T00:00:00,Critical event log: Zone-E-Airport experienced elevated air_quality anomaly at 2024-02-25T00:00:00. Sensor AIR-008 captured the event. Emergency response protocol activated. Situation resolved within 2 hours.,24,llama-3-embed,smartcity_idx_air_quality,"air_quality,zone-e-airport,incident_report",0.815,DOC-313,5,en,2024-11-11
CHK-0409,policy_document,air_quality,Zone-A-Downtown,AIR-007,2024-01-10T12:00:00,Smart City Operational Policy: All air_quality sensors in Zone-A-Downtown must transmit data every 2.5 hours. Anomaly thresholds trigger automated alerts to city operations center. Maintenance windows are scheduled bi-monthly.,29,llama-3-embed,smartcity_idx_air_quality,"air_quality,zone-a-downtown,policy_document",0.981,DOC-477,3,en,2024-01-17
CHK-0410,analytics_summary,energy,Zone-A-Downtown,ENE-001,2024-04-18T16:00:00,"Monthly summary — energy domain, Zone-A-Downtown: 95th percentile readings remain below alert thresholds. Correlation analysis reveals strong relationship between weather conditions and sensor variance.",24,llama-3-embed,smartcity_idx_energy,"energy,zone-a-downtown,analytics_summary",0.692,DOC-608,8,en,2024-09-07
CHK-0411,policy_document,traffic,Zone-B-Midtown,TRA-008,2024-01-13T17:00:00,City of SmartMetro Regulation 2024-2725: Environmental monitoring standards require AQI sensors to maintain calibration within ±5% accuracy. Sensors exceeding deviation thresholds must be recalibrated within 72 hours.,27,llama-3-embed,smartcity_idx_traffic,"traffic,zone-b-midtown,policy_document",0.677,DOC-543,6,en,2024-08-08
CHK-0412,policy_document,energy,Zone-C-Residential,ENE-008,2024-02-01T00:00:00,Energy grid management protocol: Peak demand events in Zone-C-Residential exceeding 200kW trigger load-balancing routines. Renewable energy targets mandate a minimum 30% green energy mix by Q4 2024.,27,llama-3-embed,smartcity_idx_energy,"energy,zone-c-residential,policy_document",0.885,DOC-832,2,en,2024-07-07
CHK-0413,maintenance_log,energy,Zone-B-Midtown,ENE-002,2024-04-11T09:00:00,Calibration log for energy sensor ENE-002: Routine calibration completed. Sensor accuracy verified at 0.89% confidence. Next scheduled maintenance in 60 days.,21,llama-3-embed,smartcity_idx_energy,"energy,zone-b-midtown,maintenance_log",0.655,DOC-274,9,en,2024-11-06
CHK-0414,maintenance_log,energy,Zone-D-Industrial,ENE-003,2024-04-02T07:00:00,Calibration log for energy sensor ENE-003: Routine calibration completed. Sensor accuracy verified at 0.89% confidence. Next scheduled maintenance in 60 days.,21,llama-3-embed,smartcity_idx_energy,"energy,zone-d-industrial,maintenance_log",0.904,DOC-636,2,en,2024-07-03
CHK-0415,sensor_report,traffic,Zone-E-Airport,TRA-002,2024-05-06T00:00:00,IoT telemetry batch from TRA-002 covers a 2.5-hour window ending 2024-05-06T00:00:00. Zone Zone-E-Airport shows optimal traffic patterns consistent with seasonal norms.,21,llama-3-embed,smartcity_idx_traffic,"traffic,zone-e-airport,sensor_report",0.683,DOC-256,2,en,2024-06-01
CHK-0416,analytics_summary,traffic,Zone-C-Residential,TRA-004,2024-04-21T17:00:00,Weekly analytics digest for Zone-C-Residential: traffic metrics averaged within normal bounds. Peak readings occurred during rush hours. Trend analysis shows 3.2% improvement in efficiency versus prior week.,27,llama-3-embed,smartcity_idx_traffic,"traffic,zone-c-residential,analytics_summary",0.907,DOC-234,1,en,2024-08-16
CHK-0417,analytics_summary,air_quality,Zone-C-Residential,AIR-008,2024-02-06T03:00:00,"Quarterly performance report: Zone-C-Residential smart city sensors achieved 98.5% uptime. air_quality data completeness: 99.1%. Predictive model accuracy for anomaly detection: 91.3% precision, 88.7% recall.",24,llama-3-embed,smartcity_idx_air_quality,"air_quality,zone-c-residential,analytics_summary",0.966,DOC-959,4,en,2024-06-23
CHK-0418,sensor_report,air_quality,Zone-A-Downtown,AIR-002,2024-01-20T14:00:00,IoT telemetry batch from AIR-002 covers a 2.5-hour window ending 2024-01-20T14:00:00. Zone Zone-A-Downtown shows critical air_quality patterns consistent with seasonal norms.,21,llama-3-embed,smartcity_idx_air_quality,"air_quality,zone-a-downtown,sensor_report",0.601,DOC-232,5,en,2024-04-15
CHK-0419,sensor_report,traffic,Zone-A-Downtown,TRA-008,2024-09-14T13:00:00,Automated report from traffic sensor TRA-008 deployed in Zone-A-Downtown. Timestamp: 2024-09-14T13:00:00. Sensor battery level at 38%. Readings are within acceptable operational thresholds.,22,llama-3-embed,smartcity_idx_traffic,"traffic,zone-a-downtown,sensor_report",0.662,DOC-477,9,en,2024-08-08
CHK-0420,analytics_summary,energy,Zone-C-Residential,ENE-005,2024-02-19T16:00:00,"Monthly summary — energy domain, Zone-C-Residential: 95th percentile readings remain below alert thresholds. Correlation analysis reveals strong relationship between weather conditions and sensor variance.",24,llama-3-embed,smartcity_idx_energy,"energy,zone-c-residential,analytics_summary",0.742,DOC-767,3,en,2024-11-18
CHK-0421,policy_document,energy,Zone-E-Airport,ENE-006,2024-02-25T02:00:00,Smart City Operational Policy: All energy sensors in Zone-E-Airport must transmit data every 2.5 hours. Anomaly thresholds trigger automated alerts to city operations center. Maintenance windows are scheduled bi-monthly.,29,llama-3-embed,smartcity_idx_energy,"energy,zone-e-airport,policy_document",0.819,DOC-818,7,en,2024-01-05
CHK-0422,sensor_report,energy,Zone-A-Downtown,ENE-006,2024-07-15T19:00:00,Automated report from energy sensor ENE-006 deployed in Zone-A-Downtown. Timestamp: 2024-07-15T19:00:00. Sensor battery level at 38%. Readings are within acceptable operational thresholds.,22,llama-3-embed,smartcity_idx_energy,"energy,zone-a-downtown,sensor_report",0.616,DOC-693,5,en,2024-02-23
CHK-0423,sensor_report,traffic,Zone-B-Midtown,TRA-004,2024-01-08T11:00:00,IoT telemetry batch from TRA-004 covers a 2.5-hour window ending 2024-01-08T11:00:00. Zone Zone-B-Midtown shows critical traffic patterns consistent with seasonal norms.,21,llama-3-embed,smartcity_idx_traffic,"traffic,zone-b-midtown,sensor_report",0.64,DOC-268,10,en,2024-08-08
CHK-0424,analytics_summary,traffic,Zone-B-Midtown,TRA-007,2024-12-06T16:00:00,"Quarterly performance report: Zone-B-Midtown smart city sensors achieved 98.5% uptime. traffic data completeness: 99.1%. Predictive model accuracy for anomaly detection: 91.3% precision, 88.7% recall.",24,llama-3-embed,smartcity_idx_traffic,"traffic,zone-b-midtown,analytics_summary",0.691,DOC-314,9,en,2024-11-04
CHK-0425,sensor_report,energy,Zone-A-Downtown,ENE-006,2024-09-23T10:00:00,Sensor ENE-006 in Zone-A-Downtown recorded energy readings at 2024-09-23T10:00:00. The measured values indicate normal conditions. Data quality score was 0.99. No anomalies detected during this period.,26,llama-3-embed,smartcity_idx_energy,"energy,zone-a-downtown,sensor_report",0.972,DOC-737,9,en,2024-10-15
CHK-0426,sensor_report,air_quality,Zone-C-Residential,AIR-002,2024-09-03T22:00:00,Automated report from air_quality sensor AIR-002 deployed in Zone-C-Residential. Timestamp: 2024-09-03T22:00:00. Sensor battery level at 50%. Readings are within acceptable operational thresholds.,22,llama-3-embed,smartcity_idx_air_quality,"air_quality,zone-c-residential,sensor_report",0.749,DOC-485,6,en,2024-03-19
CHK-0427,analytics_summary,air_quality,Zone-D-Industrial,AIR-003,2024-07-18T10:00:00,"Monthly summary — air_quality domain, Zone-D-Industrial: 95th percentile readings remain below alert thresholds. Correlation analysis reveals strong relationship between weather conditions and sensor variance.",24,llama-3-embed,smartcity_idx_air_quality,"air_quality,zone-d-industrial,analytics_summary",0.99,DOC-939,5,en,2024-08-26
CHK-0428,incident_report,energy,Zone-A-Downtown,ENE-002,2024-03-12T03:00:00,Critical event log: Zone-A-Downtown experienced elevated energy anomaly at 2024-03-12T03:00:00. Sensor ENE-002 captured the event. Emergency response protocol activated. Situation resolved within 2 hours.,24,llama-3-embed,smartcity_idx_energy,"energy,zone-a-downtown,incident_report",0.708,DOC-598,9,en,2024-11-13
CHK-0429,policy_document,traffic,Zone-B-Midtown,TRA-006,2024-07-11T04:00:00,Energy grid management protocol: Peak demand events in Zone-B-Midtown exceeding 200kW trigger load-balancing routines. Renewable energy targets mandate a minimum 30% green energy mix by Q4 2024.,27,llama-3-embed,smartcity_idx_traffic,"traffic,zone-b-midtown,policy_document",0.613,DOC-938,2,en,2024-10-23
CHK-0430,maintenance_log,traffic,Zone-B-Midtown,TRA-008,2024-07-01T00:00:00,Field service report: Zone-B-Midtown sensor cluster underwent firmware upgrade. All traffic sensors updated to firmware v2.4.1. Downtime: 15 minutes. Data continuity maintained.,22,llama-3-embed,smartcity_idx_traffic,"traffic,zone-b-midtown,maintenance_log",0.947,DOC-652,2,en,2024-01-17
CHK-0431,maintenance_log,energy,Zone-E-Airport,ENE-001,2024-07-22T06:00:00,Calibration log for energy sensor ENE-001: Routine calibration completed. Sensor accuracy verified at 0.93% confidence. Next scheduled maintenance in 60 days.,21,llama-3-embed,smartcity_idx_energy,"energy,zone-e-airport,maintenance_log",0.681,DOC-271,9,en,2024-07-02
CHK-0432,policy_document,air_quality,Zone-D-Industrial,AIR-001,2024-06-05T20:00:00,City of SmartMetro Regulation 2024-7742: Environmental monitoring standards require AQI sensors to maintain calibration within ±5% accuracy. Sensors exceeding deviation thresholds must be recalibrated within 72 hours.,27,llama-3-embed,smartcity_idx_air_quality,"air_quality,zone-d-industrial,policy_document",0.862,DOC-270,7,en,2024-03-03
CHK-0433,maintenance_log,energy,Zone-E-Airport,ENE-007,2024-09-21T22:00:00,Maintenance ticket #3575: Sensor ENE-007 in Zone-E-Airport flagged for battery replacement. Battery level dropped to 79%. Technician dispatched on schedule. Service restored within 4 hours.,25,llama-3-embed,smartcity_idx_energy,"energy,zone-e-airport,maintenance_log",0.98,DOC-404,5,en,2024-02-10
CHK-0434,policy_document,air_quality,Zone-E-Airport,AIR-007,2024-04-24T05:00:00,City of SmartMetro Regulation 2024-4591: Environmental monitoring standards require AQI sensors to maintain calibration within ±5% accuracy. Sensors exceeding deviation thresholds must be recalibrated within 72 hours.,27,llama-3-embed,smartcity_idx_air_quality,"air_quality,zone-e-airport,policy_document",0.775,DOC-408,4,en,2024-07-06
CHK-0435,maintenance_log,traffic,Zone-D-Industrial,TRA-006,2024-08-24T01:00:00,Field service report: Zone-D-Industrial sensor cluster underwent firmware upgrade. All traffic sensors updated to firmware v2.4.1. Downtime: 15 minutes. Data continuity maintained.,22,llama-3-embed,smartcity_idx_traffic,"traffic,zone-d-industrial,maintenance_log",0.75,DOC-233,6,en,2024-12-27
CHK-0436,policy_document,energy,Zone-B-Midtown,ENE-004,2024-08-05T23:00:00,City of SmartMetro Regulation 2024-4879: Environmental monitoring standards require AQI sensors to maintain calibration within ±5% accuracy. Sensors exceeding deviation thresholds must be recalibrated within 72 hours.,27,llama-3-embed,smartcity_idx_energy,"energy,zone-b-midtown,policy_document",0.79,DOC-137,9,en,2024-09-25
CHK-0437,sensor_report,energy,Zone-C-Residential,ENE-005,2024-11-09T04:00:00,Sensor ENE-005 in Zone-C-Residential recorded energy readings at 2024-11-09T04:00:00. The measured values indicate normal conditions. Data quality score was 0.94. No anomalies detected during this period.,26,llama-3-embed,smartcity_idx_energy,"energy,zone-c-residential,sensor_report",0.625,DOC-185,8,en,2024-10-06
CHK-0438,sensor_report,air_quality,Zone-D-Industrial,AIR-006,2024-11-11T14:00:00,IoT telemetry batch from AIR-006 covers a 2.5-hour window ending 2024-11-11T14:00:00. Zone Zone-D-Industrial shows optimal air_quality patterns consistent with seasonal norms.,21,llama-3-embed,smartcity_idx_air_quality,"air_quality,zone-d-industrial,sensor_report",0.984,DOC-948,1,en,2024-09-08
CHK-0439,incident_report,air_quality,Zone-E-Airport,AIR-002,2024-12-20T17:00:00,"Anomaly report for sensor AIR-002: Spike in air_quality metrics detected. Possible causes include equipment malfunction, environmental event, or cyber intrusion. Forensic analysis pending.",23,llama-3-embed,smartcity_idx_air_quality,"air_quality,zone-e-airport,incident_report",0.987,DOC-723,8,en,2024-01-07
CHK-0440,sensor_report,air_quality,Zone-C-Residential,AIR-007,2024-12-15T23:00:00,Automated report from air_quality sensor AIR-007 deployed in Zone-C-Residential. Timestamp: 2024-12-15T23:00:00. Sensor battery level at 84%. Readings are within acceptable operational thresholds.,22,llama-3-embed,smartcity_idx_air_quality,"air_quality,zone-c-residential,sensor_report",0.628,DOC-500,3,en,2024-06-10
CHK-0441,analytics_summary,air_quality,Zone-E-Airport,AIR-001,2024-06-09T17:00:00,"Quarterly performance report: Zone-E-Airport smart city sensors achieved 98.5% uptime. air_quality data completeness: 99.1%. Predictive model accuracy for anomaly detection: 91.3% precision, 88.7% recall.",24,llama-3-embed,smartcity_idx_air_quality,"air_quality,zone-e-airport,analytics_summary",0.74,DOC-284,5,en,2024-09-06
CHK-0442,analytics_summary,traffic,Zone-B-Midtown,TRA-001,2024-07-12T10:00:00,"Monthly summary — traffic domain, Zone-B-Midtown: 95th percentile readings remain below alert thresholds. Correlation analysis reveals strong relationship between weather conditions and sensor variance.",24,llama-3-embed,smartcity_idx_traffic,"traffic,zone-b-midtown,analytics_summary",0.68,DOC-182,9,en,2024-05-25
CHK-0443,analytics_summary,energy,Zone-E-Airport,ENE-007,2024-04-06T13:00:00,Weekly analytics digest for Zone-E-Airport: energy metrics averaged within normal bounds. Peak readings occurred during rush hours. Trend analysis shows 3.2% improvement in efficiency versus prior week.,27,llama-3-embed,smartcity_idx_energy,"energy,zone-e-airport,analytics_summary",0.945,DOC-305,9,en,2024-04-03
CHK-0444,analytics_summary,energy,Zone-C-Residential,ENE-008,2024-04-16T06:00:00,"Quarterly performance report: Zone-C-Residential smart city sensors achieved 98.5% uptime. energy data completeness: 99.1%. Predictive model accuracy for anomaly detection: 91.3% precision, 88.7% recall.",24,llama-3-embed,smartcity_idx_energy,"energy,zone-c-residential,analytics_summary",0.797,DOC-614,5,en,2024-10-28
CHK-0445,policy_document,air_quality,Zone-D-Industrial,AIR-003,2024-10-05T12:00:00,Energy grid management protocol: Peak demand events in Zone-D-Industrial exceeding 200kW trigger load-balancing routines. Renewable energy targets mandate a minimum 30% green energy mix by Q4 2024.,27,llama-3-embed,smartcity_idx_air_quality,"air_quality,zone-d-industrial,policy_document",0.913,DOC-858,4,en,2024-11-14
CHK-0446,incident_report,traffic,Zone-D-Industrial,TRA-006,2024-03-18T23:00:00,Critical event log: Zone-D-Industrial experienced elevated traffic anomaly at 2024-03-18T23:00:00. Sensor TRA-006 captured the event. Emergency response protocol activated. Situation resolved within 2 hours.,24,llama-3-embed,smartcity_idx_traffic,"traffic,zone-d-industrial,incident_report",0.608,DOC-223,7,en,2024-05-27
CHK-0447,policy_document,energy,Zone-E-Airport,ENE-001,2024-12-04T15:00:00,Energy grid management protocol: Peak demand events in Zone-E-Airport exceeding 200kW trigger load-balancing routines. Renewable energy targets mandate a minimum 30% green energy mix by Q4 2024.,27,llama-3-embed,smartcity_idx_energy,"energy,zone-e-airport,policy_document",0.787,DOC-429,9,en,2024-12-04
CHK-0448,analytics_summary,air_quality,Zone-B-Midtown,AIR-008,2024-01-04T12:00:00,"Monthly summary — air_quality domain, Zone-B-Midtown: 95th percentile readings remain below alert thresholds. Correlation analysis reveals strong relationship between weather conditions and sensor variance.",24,llama-3-embed,smartcity_idx_air_quality,"air_quality,zone-b-midtown,analytics_summary",0.612,DOC-439,10,en,2024-08-28
CHK-0449,policy_document,traffic,Zone-B-Midtown,TRA-008,2024-08-08T06:00:00,Smart City Operational Policy: All traffic sensors in Zone-B-Midtown must transmit data every 2.5 hours. Anomaly thresholds trigger automated alerts to city operations center. Maintenance windows are scheduled bi-monthly.,29,llama-3-embed,smartcity_idx_traffic,"traffic,zone-b-midtown,policy_document",0.798,DOC-701,9,en,2024-04-13
CHK-0450,policy_document,energy,Zone-C-Residential,ENE-003,2024-12-28T07:00:00,Energy grid management protocol: Peak demand events in Zone-C-Residential exceeding 200kW trigger load-balancing routines. Renewable energy targets mandate a minimum 30% green energy mix by Q4 2024.,27,llama-3-embed,smartcity_idx_energy,"energy,zone-c-residential,policy_document",0.636,DOC-788,4,en,2024-02-19
CHK-0451,analytics_summary,energy,Zone-A-Downtown,ENE-008,2024-09-20T11:00:00,"Quarterly performance report: Zone-A-Downtown smart city sensors achieved 98.5% uptime. energy data completeness: 99.1%. Predictive model accuracy for anomaly detection: 91.3% precision, 88.7% recall.",24,llama-3-embed,smartcity_idx_energy,"energy,zone-a-downtown,analytics_summary",0.91,DOC-819,5,en,2024-12-15
CHK-0452,maintenance_log,air_quality,Zone-C-Residential,AIR-008,2024-04-18T08:00:00,Field service report: Zone-C-Residential sensor cluster underwent firmware upgrade. All air_quality sensors updated to firmware v2.4.1. Downtime: 15 minutes. Data continuity maintained.,22,llama-3-embed,smartcity_idx_air_quality,"air_quality,zone-c-residential,maintenance_log",0.845,DOC-318,3,en,2024-09-10
CHK-0453,analytics_summary,air_quality,Zone-E-Airport,AIR-007,2024-09-28T17:00:00,"Monthly summary — air_quality domain, Zone-E-Airport: 95th percentile readings remain below alert thresholds. Correlation analysis reveals strong relationship between weather conditions and sensor variance.",24,llama-3-embed,smartcity_idx_air_quality,"air_quality,zone-e-airport,analytics_summary",0.912,DOC-455,9,en,2024-01-17
CHK-0454,policy_document,air_quality,Zone-B-Midtown,AIR-008,2024-07-09T21:00:00,Energy grid management protocol: Peak demand events in Zone-B-Midtown exceeding 200kW trigger load-balancing routines. Renewable energy targets mandate a minimum 30% green energy mix by Q4 2024.,27,llama-3-embed,smartcity_idx_air_quality,"air_quality,zone-b-midtown,policy_document",0.817,DOC-970,4,en,2024-04-07
CHK-0455,sensor_report,energy,Zone-C-Residential,ENE-003,2024-02-17T04:00:00,IoT telemetry batch from ENE-003 covers a 2.5-hour window ending 2024-02-17T04:00:00. Zone Zone-C-Residential shows normal energy patterns consistent with seasonal norms.,21,llama-3-embed,smartcity_idx_energy,"energy,zone-c-residential,sensor_report",0.816,DOC-403,5,en,2024-03-17
CHK-0456,maintenance_log,traffic,Zone-B-Midtown,TRA-008,2024-08-20T06:00:00,Maintenance ticket #6998: Sensor TRA-008 in Zone-B-Midtown flagged for battery replacement. Battery level dropped to 30%. Technician dispatched on schedule. Service restored within 4 hours.,25,llama-3-embed,smartcity_idx_traffic,"traffic,zone-b-midtown,maintenance_log",0.961,DOC-523,10,en,2024-01-20
CHK-0457,sensor_report,air_quality,Zone-E-Airport,AIR-002,2024-03-01T05:00:00,Sensor AIR-002 in Zone-E-Airport recorded air_quality readings at 2024-03-01T05:00:00. The measured values indicate normal conditions. Data quality score was 0.93. No anomalies detected during this period.,26,llama-3-embed,smartcity_idx_air_quality,"air_quality,zone-e-airport,sensor_report",0.728,DOC-718,1,en,2024-12-05
CHK-0458,policy_document,energy,Zone-A-Downtown,ENE-008,2024-04-20T19:00:00,City of SmartMetro Regulation 2024-1388: Environmental monitoring standards require AQI sensors to maintain calibration within ±5% accuracy. Sensors exceeding deviation thresholds must be recalibrated within 72 hours.,27,llama-3-embed,smartcity_idx_energy,"energy,zone-a-downtown,policy_document",0.69,DOC-806,8,en,2024-02-10
CHK-0459,sensor_report,traffic,Zone-C-Residential,TRA-004,2024-09-05T20:00:00,IoT telemetry batch from TRA-004 covers a 2.5-hour window ending 2024-09-05T20:00:00. Zone Zone-C-Residential shows elevated traffic patterns consistent with seasonal norms.,21,llama-3-embed,smartcity_idx_traffic,"traffic,zone-c-residential,sensor_report",0.623,DOC-418,4,en,2024-01-20
CHK-0460,policy_document,energy,Zone-C-Residential,ENE-004,2024-03-25T07:00:00,City of SmartMetro Regulation 2024-6280: Environmental monitoring standards require AQI sensors to maintain calibration within ±5% accuracy. Sensors exceeding deviation thresholds must be recalibrated within 72 hours.,27,llama-3-embed,smartcity_idx_energy,"energy,zone-c-residential,policy_document",0.842,DOC-473,8,en,2024-09-24
CHK-0461,incident_report,energy,Zone-A-Downtown,ENE-007,2024-05-17T09:00:00,Incident #4622: Anomalous energy readings detected in Zone-A-Downtown at 2024-05-17T09:00:00. Values exceeded normal operating range by >3 standard deviations. Automated alert triggered. Investigation initiated by city operations team.,28,llama-3-embed,smartcity_idx_energy,"energy,zone-a-downtown,incident_report",0.688,DOC-727,2,en,2024-04-06
CHK-0462,analytics_summary,traffic,Zone-A-Downtown,TRA-002,2024-11-27T20:00:00,"Quarterly performance report: Zone-A-Downtown smart city sensors achieved 98.5% uptime. traffic data completeness: 99.1%. Predictive model accuracy for anomaly detection: 91.3% precision, 88.7% recall.",24,llama-3-embed,smartcity_idx_traffic,"traffic,zone-a-downtown,analytics_summary",0.742,DOC-521,10,en,2024-01-08
CHK-0463,analytics_summary,air_quality,Zone-D-Industrial,AIR-003,2024-07-03T04:00:00,"Quarterly performance report: Zone-D-Industrial smart city sensors achieved 98.5% uptime. air_quality data completeness: 99.1%. Predictive model accuracy for anomaly detection: 91.3% precision, 88.7% recall.",24,llama-3-embed,smartcity_idx_air_quality,"air_quality,zone-d-industrial,analytics_summary",0.661,DOC-859,7,en,2024-07-18
CHK-0464,incident_report,energy,Zone-A-Downtown,ENE-001,2024-09-27T04:00:00,Critical event log: Zone-A-Downtown experienced elevated energy anomaly at 2024-09-27T04:00:00. Sensor ENE-001 captured the event. Emergency response protocol activated. Situation resolved within 2 hours.,24,llama-3-embed,smartcity_idx_energy,"energy,zone-a-downtown,incident_report",0.75,DOC-666,6,en,2024-05-06
CHK-0465,incident_report,energy,Zone-D-Industrial,ENE-005,2024-07-18T23:00:00,Incident #3722: Anomalous energy readings detected in Zone-D-Industrial at 2024-07-18T23:00:00. Values exceeded normal operating range by >3 standard deviations. Automated alert triggered. Investigation initiated by city operations team.,28,llama-3-embed,smartcity_idx_energy,"energy,zone-d-industrial,incident_report",0.775,DOC-213,5,en,2024-11-05
CHK-0466,sensor_report,energy,Zone-E-Airport,ENE-005,2024-06-02T13:00:00,IoT telemetry batch from ENE-005 covers a 2.5-hour window ending 2024-06-02T13:00:00. Zone Zone-E-Airport shows elevated energy patterns consistent with seasonal norms.,21,llama-3-embed,smartcity_idx_energy,"energy,zone-e-airport,sensor_report",0.908,DOC-693,7,en,2024-07-06
CHK-0467,policy_document,traffic,Zone-A-Downtown,TRA-006,2024-07-21T16:00:00,City of SmartMetro Regulation 2024-2751: Environmental monitoring standards require AQI sensors to maintain calibration within ±5% accuracy. Sensors exceeding deviation thresholds must be recalibrated within 72 hours.,27,llama-3-embed,smartcity_idx_traffic,"traffic,zone-a-downtown,policy_document",0.905,DOC-760,4,en,2024-08-20
CHK-0468,incident_report,traffic,Zone-E-Airport,TRA-002,2024-04-22T15:00:00,Critical event log: Zone-E-Airport experienced elevated traffic anomaly at 2024-04-22T15:00:00. Sensor TRA-002 captured the event. Emergency response protocol activated. Situation resolved within 2 hours.,24,llama-3-embed,smartcity_idx_traffic,"traffic,zone-e-airport,incident_report",0.981,DOC-122,5,en,2024-02-27
CHK-0469,policy_document,energy,Zone-D-Industrial,ENE-008,2024-10-18T19:00:00,City of SmartMetro Regulation 2024-4802: Environmental monitoring standards require AQI sensors to maintain calibration within ±5% accuracy. Sensors exceeding deviation thresholds must be recalibrated within 72 hours.,27,llama-3-embed,smartcity_idx_energy,"energy,zone-d-industrial,policy_document",0.713,DOC-505,2,en,2024-04-12
CHK-0470,policy_document,traffic,Zone-C-Residential,TRA-004,2024-09-27T23:00:00,Smart City Operational Policy: All traffic sensors in Zone-C-Residential must transmit data every 2.5 hours. Anomaly thresholds trigger automated alerts to city operations center. Maintenance windows are scheduled bi-monthly.,29,llama-3-embed,smartcity_idx_traffic,"traffic,zone-c-residential,policy_document",0.836,DOC-994,9,en,2024-08-11
CHK-0471,policy_document,energy,Zone-E-Airport,ENE-008,2024-01-03T03:00:00,Smart City Operational Policy: All energy sensors in Zone-E-Airport must transmit data every 2.5 hours. Anomaly thresholds trigger automated alerts to city operations center. Maintenance windows are scheduled bi-monthly.,29,llama-3-embed,smartcity_idx_energy,"energy,zone-e-airport,policy_document",0.645,DOC-897,8,en,2024-10-15
CHK-0472,sensor_report,traffic,Zone-B-Midtown,TRA-004,2024-06-01T02:00:00,Sensor TRA-004 in Zone-B-Midtown recorded traffic readings at 2024-06-01T02:00:00. The measured values indicate critical conditions. Data quality score was 0.98. No anomalies detected during this period.,26,llama-3-embed,smartcity_idx_traffic,"traffic,zone-b-midtown,sensor_report",0.887,DOC-652,5,en,2024-01-06
CHK-0473,sensor_report,energy,Zone-B-Midtown,ENE-006,2024-11-21T09:00:00,Sensor ENE-006 in Zone-B-Midtown recorded energy readings at 2024-11-21T09:00:00. The measured values indicate normal conditions. Data quality score was 0.98. No anomalies detected during this period.,26,llama-3-embed,smartcity_idx_energy,"energy,zone-b-midtown,sensor_report",0.821,DOC-730,2,en,2024-06-02
CHK-0474,analytics_summary,traffic,Zone-C-Residential,TRA-006,2024-12-10T10:00:00,"Monthly summary — traffic domain, Zone-C-Residential: 95th percentile readings remain below alert thresholds. Correlation analysis reveals strong relationship between weather conditions and sensor variance.",24,llama-3-embed,smartcity_idx_traffic,"traffic,zone-c-residential,analytics_summary",0.641,DOC-735,2,en,2024-04-23
CHK-0475,analytics_summary,traffic,Zone-B-Midtown,TRA-006,2024-08-02T16:00:00,"Quarterly performance report: Zone-B-Midtown smart city sensors achieved 98.5% uptime. traffic data completeness: 99.1%. Predictive model accuracy for anomaly detection: 91.3% precision, 88.7% recall.",24,llama-3-embed,smartcity_idx_traffic,"traffic,zone-b-midtown,analytics_summary",0.916,DOC-784,4,en,2024-10-27
CHK-0476,sensor_report,energy,Zone-E-Airport,ENE-008,2024-09-18T10:00:00,Sensor ENE-008 in Zone-E-Airport recorded energy readings at 2024-09-18T10:00:00. The measured values indicate normal conditions. Data quality score was 0.89. No anomalies detected during this period.,26,llama-3-embed,smartcity_idx_energy,"energy,zone-e-airport,sensor_report",0.692,DOC-859,5,en,2024-07-24
CHK-0477,policy_document,traffic,Zone-A-Downtown,TRA-006,2024-05-25T11:00:00,Energy grid management protocol: Peak demand events in Zone-A-Downtown exceeding 200kW trigger load-balancing routines. Renewable energy targets mandate a minimum 30% green energy mix by Q4 2024.,27,llama-3-embed,smartcity_idx_traffic,"traffic,zone-a-downtown,policy_document",0.957,DOC-678,5,en,2024-06-10
CHK-0478,analytics_summary,traffic,Zone-B-Midtown,TRA-003,2024-11-22T09:00:00,"Quarterly performance report: Zone-B-Midtown smart city sensors achieved 98.5% uptime. traffic data completeness: 99.1%. Predictive model accuracy for anomaly detection: 91.3% precision, 88.7% recall.",24,llama-3-embed,smartcity_idx_traffic,"traffic,zone-b-midtown,analytics_summary",0.722,DOC-894,10,en,2024-03-06
CHK-0479,policy_document,traffic,Zone-C-Residential,TRA-001,2024-07-04T13:00:00,Smart City Operational Policy: All traffic sensors in Zone-C-Residential must transmit data every 2.5 hours. Anomaly thresholds trigger automated alerts to city operations center. Maintenance windows are scheduled bi-monthly.,29,llama-3-embed,smartcity_idx_traffic,"traffic,zone-c-residential,policy_document",0.896,DOC-711,6,en,2024-05-19
CHK-0480,policy_document,energy,Zone-D-Industrial,ENE-001,2024-11-22T01:00:00,City of SmartMetro Regulation 2024-6196: Environmental monitoring standards require AQI sensors to maintain calibration within ±5% accuracy. Sensors exceeding deviation thresholds must be recalibrated within 72 hours.,27,llama-3-embed,smartcity_idx_energy,"energy,zone-d-industrial,policy_document",0.812,DOC-469,6,en,2024-06-24
CHK-0481,policy_document,air_quality,Zone-B-Midtown,AIR-005,2024-06-17T15:00:00,City of SmartMetro Regulation 2024-3018: Environmental monitoring standards require AQI sensors to maintain calibration within ±5% accuracy. Sensors exceeding deviation thresholds must be recalibrated within 72 hours.,27,llama-3-embed,smartcity_idx_air_quality,"air_quality,zone-b-midtown,policy_document",0.879,DOC-690,1,en,2024-01-17
CHK-0482,maintenance_log,traffic,Zone-C-Residential,TRA-007,2024-08-25T06:00:00,Calibration log for traffic sensor TRA-007: Routine calibration completed. Sensor accuracy verified at 0.89% confidence. Next scheduled maintenance in 60 days.,21,llama-3-embed,smartcity_idx_traffic,"traffic,zone-c-residential,maintenance_log",0.81,DOC-930,3,en,2024-09-13
CHK-0483,sensor_report,traffic,Zone-D-Industrial,TRA-008,2024-11-07T23:00:00,Automated report from traffic sensor TRA-008 deployed in Zone-D-Industrial. Timestamp: 2024-11-07T23:00:00. Sensor battery level at 28%. Readings are within acceptable operational thresholds.,22,llama-3-embed,smartcity_idx_traffic,"traffic,zone-d-industrial,sensor_report",0.651,DOC-323,8,en,2024-12-14
CHK-0484,analytics_summary,air_quality,Zone-A-Downtown,AIR-003,2024-03-24T03:00:00,"Quarterly performance report: Zone-A-Downtown smart city sensors achieved 98.5% uptime. air_quality data completeness: 99.1%. Predictive model accuracy for anomaly detection: 91.3% precision, 88.7% recall.",24,llama-3-embed,smartcity_idx_air_quality,"air_quality,zone-a-downtown,analytics_summary",0.706,DOC-739,2,en,2024-02-01
CHK-0485,sensor_report,air_quality,Zone-A-Downtown,AIR-006,2024-05-22T13:00:00,IoT telemetry batch from AIR-006 covers a 2.5-hour window ending 2024-05-22T13:00:00. Zone Zone-A-Downtown shows normal air_quality patterns consistent with seasonal norms.,21,llama-3-embed,smartcity_idx_air_quality,"air_quality,zone-a-downtown,sensor_report",0.638,DOC-631,7,en,2024-12-22
CHK-0486,policy_document,air_quality,Zone-E-Airport,AIR-004,2024-03-28T23:00:00,Smart City Operational Policy: All air_quality sensors in Zone-E-Airport must transmit data every 2.5 hours. Anomaly thresholds trigger automated alerts to city operations center. Maintenance windows are scheduled bi-monthly.,29,llama-3-embed,smartcity_idx_air_quality,"air_quality,zone-e-airport,policy_document",0.921,DOC-437,3,en,2024-04-13
CHK-0487,analytics_summary,air_quality,Zone-A-Downtown,AIR-003,2024-07-05T14:00:00,"Monthly summary — air_quality domain, Zone-A-Downtown: 95th percentile readings remain below alert thresholds. Correlation analysis reveals strong relationship between weather conditions and sensor variance.",24,llama-3-embed,smartcity_idx_air_quality,"air_quality,zone-a-downtown,analytics_summary",0.796,DOC-923,10,en,2024-02-28
CHK-0488,sensor_report,traffic,Zone-D-Industrial,TRA-005,2024-04-22T11:00:00,Sensor TRA-005 in Zone-D-Industrial recorded traffic readings at 2024-04-22T11:00:00. The measured values indicate critical conditions. Data quality score was 0.99. No anomalies detected during this period.,26,llama-3-embed,smartcity_idx_traffic,"traffic,zone-d-industrial,sensor_report",0.705,DOC-690,7,en,2024-10-23
CHK-0489,analytics_summary,traffic,Zone-D-Industrial,TRA-004,2024-02-19T19:00:00,Weekly analytics digest for Zone-D-Industrial: traffic metrics averaged within normal bounds. Peak readings occurred during rush hours. Trend analysis shows 3.2% improvement in efficiency versus prior week.,27,llama-3-embed,smartcity_idx_traffic,"traffic,zone-d-industrial,analytics_summary",0.997,DOC-904,3,en,2024-01-13
CHK-0490,incident_report,air_quality,Zone-D-Industrial,AIR-005,2024-03-02T19:00:00,"Anomaly report for sensor AIR-005: Spike in air_quality metrics detected. Possible causes include equipment malfunction, environmental event, or cyber intrusion. Forensic analysis pending.",23,llama-3-embed,smartcity_idx_air_quality,"air_quality,zone-d-industrial,incident_report",0.973,DOC-867,2,en,2024-01-23
CHK-0491,maintenance_log,air_quality,Zone-D-Industrial,AIR-002,2024-01-16T00:00:00,Calibration log for air_quality sensor AIR-002: Routine calibration completed. Sensor accuracy verified at 0.98% confidence. Next scheduled maintenance in 60 days.,21,llama-3-embed,smartcity_idx_air_quality,"air_quality,zone-d-industrial,maintenance_log",0.767,DOC-614,5,en,2024-02-27
CHK-0492,analytics_summary,energy,Zone-B-Midtown,ENE-005,2024-11-01T07:00:00,Weekly analytics digest for Zone-B-Midtown: energy metrics averaged within normal bounds. Peak readings occurred during rush hours. Trend analysis shows 3.2% improvement in efficiency versus prior week.,27,llama-3-embed,smartcity_idx_energy,"energy,zone-b-midtown,analytics_summary",0.909,DOC-438,4,en,2024-07-24
CHK-0493,sensor_report,air_quality,Zone-B-Midtown,AIR-001,2024-07-19T12:00:00,Automated report from air_quality sensor AIR-001 deployed in Zone-B-Midtown. Timestamp: 2024-07-19T12:00:00. Sensor battery level at 25%. Readings are within acceptable operational thresholds.,22,llama-3-embed,smartcity_idx_air_quality,"air_quality,zone-b-midtown,sensor_report",0.882,DOC-820,1,en,2024-03-16
CHK-0494,incident_report,traffic,Zone-A-Downtown,TRA-006,2024-09-20T20:00:00,Critical event log: Zone-A-Downtown experienced elevated traffic anomaly at 2024-09-20T20:00:00. Sensor TRA-006 captured the event. Emergency response protocol activated. Situation resolved within 2 hours.,24,llama-3-embed,smartcity_idx_traffic,"traffic,zone-a-downtown,incident_report",0.823,DOC-527,10,en,2024-03-15
CHK-0495,incident_report,energy,Zone-B-Midtown,ENE-007,2024-11-26T01:00:00,"Anomaly report for sensor ENE-007: Spike in energy metrics detected. Possible causes include equipment malfunction, environmental event, or cyber intrusion. Forensic analysis pending.",23,llama-3-embed,smartcity_idx_energy,"energy,zone-b-midtown,incident_report",0.854,DOC-850,9,en,2024-07-03
CHK-0496,policy_document,energy,Zone-D-Industrial,ENE-008,2024-11-25T08:00:00,Energy grid management protocol: Peak demand events in Zone-D-Industrial exceeding 200kW trigger load-balancing routines. Renewable energy targets mandate a minimum 30% green energy mix by Q4 2024.,27,llama-3-embed,smartcity_idx_energy,"energy,zone-d-industrial,policy_document",0.843,DOC-722,8,en,2024-11-04
CHK-0497,incident_report,air_quality,Zone-C-Residential,AIR-001,2024-06-04T07:00:00,Critical event log: Zone-C-Residential experienced elevated air_quality anomaly at 2024-06-04T07:00:00. Sensor AIR-001 captured the event. Emergency response protocol activated. Situation resolved within 2 hours.,24,llama-3-embed,smartcity_idx_air_quality,"air_quality,zone-c-residential,incident_report",0.93,DOC-612,8,en,2024-02-07
CHK-0498,analytics_summary,energy,Zone-E-Airport,ENE-005,2024-01-06T02:00:00,"Quarterly performance report: Zone-E-Airport smart city sensors achieved 98.5% uptime. energy data completeness: 99.1%. Predictive model accuracy for anomaly detection: 91.3% precision, 88.7% recall.",24,llama-3-embed,smartcity_idx_energy,"energy,zone-e-airport,analytics_summary",0.831,DOC-869,3,en,2024-05-12
CHK-0499,incident_report,air_quality,Zone-E-Airport,AIR-005,2024-08-26T22:00:00,Incident #4534: Anomalous air_quality readings detected in Zone-E-Airport at 2024-08-26T22:00:00. Values exceeded normal operating range by >3 standard deviations. Automated alert triggered. Investigation initiated by city operations team.,28,llama-3-embed,smartcity_idx_air_quality,"air_quality,zone-e-airport,incident_report",0.607,DOC-820,8,en,2024-07-19
CHK-0500,policy_document,air_quality,Zone-E-Airport,AIR-002,2024-10-24T17:00:00,Energy grid management protocol: Peak demand events in Zone-E-Airport exceeding 200kW trigger load-balancing routines. Renewable energy targets mandate a minimum 30% green energy mix by Q4 2024.,27,llama-3-embed,smartcity_idx_air_quality,"air_quality,zone-e-airport,policy_document",0.783,DOC-196,5,en,2024-01-07
