record_id,timestamp,sensor_id,zone,domain,weather_condition,vehicle_count,avg_speed_kmh,congestion_index,pedestrian_count,incident_flag,pm25_ugm3,pm10_ugm3,co2_ppm,no2_ppb,aqi_score,air_quality_label,energy_kwh,peak_demand_kw,renewable_pct,outage_flag,sensor_battery_pct,data_quality_score,anomaly_flag
R00001,2024-01-01T00:08:21.936474,TRF-005,Zone-B-Midtown,traffic,Cloudy,63,64.9,0.09,13,0,,,,,,,,,,,24,0.97,0
R00002,2024-01-01T02:30:19.279037,TRF-004,Zone-E-Airport,traffic,Foggy,49,39.6,0.07,26,0,,,,,,,,,,,74,0.95,0
R00003,2024-01-01T04:50:24.901859,TRF-006,Zone-A-Downtown,traffic,Clear,41,62.1,0.1,17,0,,,,,,,,,,,78,0.87,0
R00004,2024-01-01T07:22:42.723758,ENR-006,Zone-E-Airport,energy,Cloudy,,,,,,,,,,,,109.29,121.72,31.1,0,30,0.97,0
R00005,2024-01-01T10:21:19.143796,AQI-007,Zone-C-Residential,air_quality,Foggy,,,,,,12.9,21.2,441.7,22.5,42,Good,,,,,29,1.02,0
R00006,2024-01-01T12:36:32.871620,TRF-004,Zone-B-Midtown,traffic,Foggy,162,54.1,0.33,32,0,,,,,,,,,,,27,0.95,0
R00007,2024-01-01T14:48:55.630973,TRF-004,Zone-E-Airport,traffic,Rainy,127,34.2,0.32,34,0,,,,,,,,,,,37,0.94,0
R00008,2024-01-01T17:14:47.859028,ENR-005,Zone-E-Airport,energy,Foggy,,,,,,,,,,,,110.47,154.58,34.2,0,85,0.9,0
R00009,2024-01-01T20:21:39.970475,TRF-003,Zone-D-Industrial,traffic,Windy,122,30.5,0.42,0,0,,,,,,,,,,,21,0.94,0
R00010,2024-01-01T22:40:49.020277,TRF-005,Zone-C-Residential,traffic,Clear,48,55.7,0.11,6,0,,,,,,,,,,,84,0.95,0
R00011,2024-01-02T00:36:23.078962,ENR-004,Zone-B-Midtown,energy,Rainy,,,,,,,,,,,,24.5,30.91,32.2,0,20,0.91,0
R00012,2024-01-02T03:35:56.200504,ENR-002,Zone-C-Residential,energy,Rainy,,,,,,,,,,,,34.59,38.87,42.9,0,82,0.98,0
R00013,2024-01-02T06:01:57.742210,TRF-008,Zone-E-Airport,traffic,Cloudy,44,62.3,0.07,44,0,,,,,,,,,,,45,0.99,0
R00014,2024-01-02T08:42:46.616302,ENR-006,Zone-D-Industrial,energy,Windy,,,,,,,,,,,,127.64,141.21,33.6,0,90,0.95,0
R00015,2024-01-02T10:34:15.575110,ENR-004,Zone-A-Downtown,energy,Clear,,,,,,,,,,,,99.0,111.0,46.1,0,47,0.99,0
R00016,2024-01-02T13:32:21.242153,AQI-008,Zone-B-Midtown,air_quality,Foggy,,,,,,19.3,34.8,432.6,15.1,41,Good,,,,,32,0.97,0
R00017,2024-01-02T15:33:38.205627,AQI-002,Zone-B-Midtown,air_quality,Cloudy,,,,,,10.1,17.1,430.0,25.0,34,Good,,,,,90,1.02,0
R00018,2024-01-02T18:05:52.471422,ENR-001,Zone-A-Downtown,energy,Cloudy,,,,,,,,,,,,106.78,130.3,30.6,0,27,0.95,0
R00019,2024-01-02T20:53:25.518327,AQI-008,Zone-C-Residential,air_quality,Foggy,,,,,,18.5,37.2,429.2,10.6,44,Good,,,,,39,0.96,0
R00020,2024-01-02T23:03:30.539851,AQI-001,Zone-C-Residential,air_quality,Clear,,,,,,23.2,42.5,452.3,19.0,50,Good,,,,,85,0.97,0
R00021,2024-01-03T02:05:42.126383,ENR-004,Zone-D-Industrial,energy,Clear,,,,,,,,,,,,36.47,46.35,42.5,0,30,0.95,0
R00022,2024-01-03T04:25:09.209695,ENR-006,Zone-C-Residential,energy,Cloudy,,,,,,,,,,,,31.53,35.92,37.2,0,58,0.88,0
R00023,2024-01-03T07:26:08.643435,TRF-002,Zone-A-Downtown,traffic,Windy,207,35.2,0.63,93,0,,,,,,,,,,,67,0.91,0
R00024,2024-01-03T09:17:05.954608,ENR-005,Zone-E-Airport,energy,Windy,,,,,,,,,,,,287.86,373.93,22.3,1,37,0.94,1
R00025,2024-01-03T12:14:32.700062,TRF-005,Zone-E-Airport,traffic,Cloudy,182,59.1,0.52,38,0,,,,,,,,,,,26,0.98,0
R00026,2024-01-03T14:05:32.274484,ENR-005,Zone-A-Downtown,energy,Clear,,,,,,,,,,,,123.04,141.31,65.5,0,76,0.92,0
R00027,2024-01-03T16:30:34.810919,TRF-003,Zone-E-Airport,traffic,Clear,109,50.1,0.26,48,0,,,,,,,,,,,25,0.97,0
R00028,2024-01-03T19:53:56.128691,TRF-004,Zone-A-Downtown,traffic,Rainy,214,32.1,0.51,51,0,,,,,,,,,,,50,1.0,0
R00029,2024-01-03T22:18:38.778192,AQI-001,Zone-B-Midtown,air_quality,Rainy,,,,,,1.6,2.9,396.4,10.7,6,Good,,,,,54,0.98,0
R00030,2024-01-04T00:22:57.150201,TRF-008,Zone-B-Midtown,traffic,Cloudy,63,46.7,0.17,17,0,,,,,,,,,,,23,0.93,0
R00031,2024-01-04T03:09:36.119458,ENR-005,Zone-A-Downtown,energy,Rainy,,,,,,,,,,,,21.95,29.7,29.1,0,62,0.96,0
R00032,2024-01-04T05:58:13.442200,TRF-005,Zone-A-Downtown,traffic,Clear,45,45.1,0.18,0,0,,,,,,,,,,,34,0.98,0
R00033,2024-01-04T07:53:06.703560,ENR-005,Zone-A-Downtown,energy,Foggy,,,,,,,,,,,,310.8,408.96,24.4,1,45,0.94,1
R00034,2024-01-04T10:39:51.255666,TRF-006,Zone-A-Downtown,traffic,Rainy,128,50.6,0.28,33,0,,,,,,,,,,,44,0.91,0
R00035,2024-01-04T12:55:13.606802,AQI-003,Zone-E-Airport,air_quality,Windy,,,,,,17.8,30.3,419.7,13.1,47,Good,,,,,61,0.97,0
R00036,2024-01-04T15:27:53.957485,ENR-004,Zone-E-Airport,energy,Foggy,,,,,,,,,,,,116.61,151.32,25.9,0,56,0.91,0
R00037,2024-01-04T17:50:06.677719,AQI-004,Zone-C-Residential,air_quality,Cloudy,,,,,,16.9,27.1,502.6,33.2,54,Moderate,,,,,29,0.89,0
R00038,2024-01-04T20:34:32.415238,AQI-007,Zone-D-Industrial,air_quality,Foggy,,,,,,32.6,63.9,550.0,25.6,74,Moderate,,,,,74,0.96,0
R00039,2024-01-04T23:11:45.282395,ENR-004,Zone-A-Downtown,energy,Foggy,,,,,,,,,,,,48.17,59.7,17.4,0,60,0.94,0
R00040,2024-01-05T01:57:00.142590,AQI-007,Zone-E-Airport,air_quality,Foggy,,,,,,17.6,29.6,386.0,25.2,50,Good,,,,,82,0.99,0
R00041,2024-01-05T04:07:36.294373,TRF-002,Zone-C-Residential,traffic,Cloudy,41,66.3,0.13,19,0,,,,,,,,,,,39,0.95,0
R00042,2024-01-05T06:24:27.357731,ENR-007,Zone-A-Downtown,energy,Cloudy,,,,,,,,,,,,77.98,94.89,33.0,0,22,0.88,0
R00043,2024-01-05T09:21:24.235316,AQI-007,Zone-D-Industrial,air_quality,Clear,,,,,,25.6,54.4,528.4,31.4,69,Moderate,,,,,97,0.92,0
R00044,2024-01-05T11:53:52.120851,ENR-005,Zone-D-Industrial,energy,Foggy,,,,,,,,,,,,219.47,268.04,42.9,1,41,0.99,1
R00045,2024-01-05T14:28:50.599119,ENR-007,Zone-E-Airport,energy,Windy,,,,,,,,,,,,47.17,53.07,11.9,0,43,0.98,0
R00046,2024-01-05T16:03:01.024681,ENR-004,Zone-D-Industrial,energy,Rainy,,,,,,,,,,,,96.75,134.03,24.5,0,73,0.95,0
R00047,2024-01-05T18:31:09.779833,ENR-006,Zone-B-Midtown,energy,Clear,,,,,,,,,,,,139.9,181.24,45.7,0,45,0.88,0
R00048,2024-01-05T21:50:21.223847,ENR-004,Zone-B-Midtown,energy,Foggy,,,,,,,,,,,,72.09,94.43,27.3,0,67,0.97,0
R00049,2024-01-06T00:14:52.532347,TRF-003,Zone-C-Residential,traffic,Clear,62,66.8,0.13,20,0,,,,,,,,,,,45,0.93,0
R00050,2024-01-06T02:04:33.587320,AQI-004,Zone-A-Downtown,air_quality,Rainy,,,,,,14.7,32.2,411.0,26.9,43,Good,,,,,67,0.92,0
R00051,2024-01-06T04:34:08.244251,ENR-001,Zone-D-Industrial,energy,Foggy,,,,,,,,,,,,45.02,60.71,26.5,0,39,0.91,0
R00052,2024-01-06T07:57:55.705432,TRF-008,Zone-D-Industrial,traffic,Foggy,208,31.8,0.5,61,0,,,,,,,,,,,55,1.02,0
R00053,2024-01-06T10:22:53.872262,TRF-008,Zone-E-Airport,traffic,Windy,101,65.0,0.23,55,0,,,,,,,,,,,65,0.96,0
R00054,2024-01-06T12:52:49.151927,AQI-005,Zone-E-Airport,air_quality,Clear,,,,,,11.0,18.0,421.7,35.2,42,Good,,,,,50,0.93,0
R00055,2024-01-06T14:59:26.956806,AQI-002,Zone-C-Residential,air_quality,Cloudy,,,,,,7.3,12.2,405.2,16.8,26,Good,,,,,87,0.89,0
R00056,2024-01-06T17:33:01.398502,ENR-008,Zone-C-Residential,energy,Rainy,,,,,,,,,,,,211.67,240.5,31.8,0,88,0.96,0
R00057,2024-01-06T20:27:03.159217,AQI-004,Zone-B-Midtown,air_quality,Foggy,,,,,,6.6,12.7,392.9,43.8,34,Good,,,,,49,0.94,0
R00058,2024-01-06T22:21:39.171849,TRF-003,Zone-C-Residential,traffic,Clear,30,49.9,0.15,24,0,,,,,,,,,,,82,0.95,0
R00059,2024-01-07T00:47:03.621578,ENR-006,Zone-B-Midtown,energy,Clear,,,,,,,,,,,,34.76,47.22,47.8,0,82,0.96,0
R00060,2024-01-07T03:04:26.695813,ENR-001,Zone-B-Midtown,energy,Cloudy,,,,,,,,,,,,37.2,43.69,28.7,0,91,0.95,0
R00061,2024-01-07T06:17:26.666987,TRF-007,Zone-D-Industrial,traffic,Foggy,79,46.0,0.17,35,0,,,,,,,,,,,32,0.95,0
R00062,2024-01-07T08:56:51.324721,TRF-004,Zone-C-Residential,traffic,Clear,188,39.0,0.52,60,0,,,,,,,,,,,96,0.94,0
R00063,2024-01-07T10:47:17.177603,TRF-008,Zone-A-Downtown,traffic,Cloudy,121,58.3,0.23,21,0,,,,,,,,,,,74,0.89,0
R00064,2024-01-07T13:06:53.194689,TRF-003,Zone-C-Residential,traffic,Cloudy,132,62.4,0.33,20,0,,,,,,,,,,,56,0.92,0
R00065,2024-01-07T15:48:14.728286,ENR-005,Zone-E-Airport,energy,Windy,,,,,,,,,,,,93.39,104.98,40.3,0,61,0.96,0
R00066,2024-01-07T18:36:13.369107,TRF-004,Zone-E-Airport,traffic,Windy,247,36.6,0.62,66,0,,,,,,,,,,,42,0.91,0
R00067,2024-01-07T21:24:57.862037,TRF-007,Zone-D-Industrial,traffic,Clear,128,47.6,0.34,47,0,,,,,,,,,,,72,0.96,0
R00068,2024-01-07T23:41:37.225226,TRF-007,Zone-E-Airport,traffic,Clear,43,63.1,0.16,14,0,,,,,,,,,,,85,0.95,0
R00069,2024-01-08T02:22:09.722944,ENR-001,Zone-B-Midtown,energy,Windy,,,,,,,,,,,,33.66,44.66,18.1,0,46,0.91,0
R00070,2024-01-08T04:16:01.402458,TRF-005,Zone-D-Industrial,traffic,Foggy,64,52.7,0.16,19,0,,,,,,,,,,,90,0.98,0
R00071,2024-01-08T06:43:28.922374,AQI-002,Zone-D-Industrial,air_quality,Clear,,,,,,28.7,46.1,522.7,21.6,67,Moderate,,,,,73,0.99,0
R00072,2024-01-08T09:14:37.431262,ENR-007,Zone-B-Midtown,energy,Windy,,,,,,,,,,,,55.08,75.12,35.3,0,73,0.93,0
R00073,2024-01-08T11:50:23.550875,AQI-005,Zone-A-Downtown,air_quality,Rainy,,,,,,23.5,46.1,386.3,32.2,65,Moderate,,,,,64,0.93,0
R00074,2024-01-08T14:19:56.783841,AQI-007,Zone-D-Industrial,air_quality,Rainy,,,,,,33.9,59.9,497.3,31.4,83,Moderate,,,,,80,0.93,0
R00075,2024-01-08T17:12:18.820372,AQI-007,Zone-B-Midtown,air_quality,Foggy,,,,,,32.6,56.5,475.4,40.6,81,Moderate,,,,,87,0.98,0
R00076,2024-01-08T19:54:37.590040,TRF-003,Zone-D-Industrial,traffic,Cloudy,186,31.5,0.43,44,0,,,,,,,,,,,30,0.99,0
R00077,2024-01-08T22:21:33.631863,ENR-006,Zone-D-Industrial,energy,Windy,,,,,,,,,,,,171.44,192.1,14.7,1,49,0.9,1
R00078,2024-01-09T00:44:48.358920,ENR-002,Zone-A-Downtown,energy,Foggy,,,,,,,,,,,,33.41,40.0,32.3,0,27,0.94,0
R00079,2024-01-09T02:38:44.051265,ENR-003,Zone-B-Midtown,energy,Cloudy,,,,,,,,,,,,41.47,56.45,24.6,0,94,0.93,0
R00080,2024-01-09T05:08:35.223792,ENR-005,Zone-D-Industrial,energy,Rainy,,,,,,,,,,,,41.21,48.89,23.4,0,89,0.97,0
R00081,2024-01-09T07:50:44.036248,ENR-007,Zone-C-Residential,energy,Foggy,,,,,,,,,,,,154.63,179.33,21.4,0,50,0.97,0
R00082,2024-01-09T10:22:52.911472,ENR-005,Zone-C-Residential,energy,Clear,,,,,,,,,,,,76.27,96.85,38.3,0,26,0.99,0
R00083,2024-01-09T13:19:58.220039,AQI-004,Zone-E-Airport,air_quality,Rainy,,,,,,11.0,18.0,419.8,41.8,47,Good,,,,,37,0.91,0
R00084,2024-01-09T15:38:46.826192,TRF-008,Zone-A-Downtown,traffic,Windy,73,69.9,0.26,32,0,,,,,,,,,,,45,0.98,0
R00085,2024-01-09T17:37:55.775272,ENR-006,Zone-E-Airport,energy,Windy,,,,,,,,,,,,138.7,186.89,23.3,0,81,0.97,0
R00086,2024-01-09T20:52:13.429054,AQI-008,Zone-A-Downtown,air_quality,Cloudy,,,,,,16.6,27.5,399.9,11.6,40,Good,,,,,91,0.91,0
R00087,2024-01-09T22:30:50.107158,ENR-008,Zone-C-Residential,energy,Rainy,,,,,,,,,,,,44.57,60.02,34.5,0,49,0.94,0
R00088,2024-01-10T01:28:17.316725,ENR-006,Zone-E-Airport,energy,Cloudy,,,,,,,,,,,,28.11,36.83,21.6,0,72,0.96,0
R00089,2024-01-10T03:32:13.963662,AQI-002,Zone-A-Downtown,air_quality,Cloudy,,,,,,19.6,31.3,377.2,29.3,56,Moderate,,,,,73,0.91,0
R00090,2024-01-10T06:53:07.489622,ENR-008,Zone-E-Airport,energy,Foggy,,,,,,,,,,,,68.2,80.74,27.4,0,76,0.93,0
R00091,2024-01-10T09:27:01.998611,AQI-002,Zone-C-Residential,air_quality,Windy,,,,,,16.3,27.6,411.6,48.9,59,Moderate,,,,,31,0.94,0
R00092,2024-01-10T11:39:45.967457,ENR-001,Zone-A-Downtown,energy,Rainy,,,,,,,,,,,,103.13,115.57,39.2,0,90,0.96,0
R00093,2024-01-10T14:22:10.903536,TRF-003,Zone-E-Airport,traffic,Clear,140,84.5,0.34,14,0,,,,,,,,,,,34,0.94,0
R00094,2024-01-10T16:39:39.807513,TRF-001,Zone-C-Residential,traffic,Cloudy,143,55.8,0.39,51,0,,,,,,,,,,,34,0.95,0
R00095,2024-01-10T19:16:40.861342,ENR-002,Zone-D-Industrial,energy,Windy,,,,,,,,,,,,93.39,119.96,26.9,0,86,0.89,0
R00096,2024-01-10T21:18:05.869185,ENR-001,Zone-A-Downtown,energy,Foggy,,,,,,,,,,,,76.45,100.43,32.1,0,76,0.96,0
R00097,2024-01-11T00:06:29.870725,TRF-005,Zone-E-Airport,traffic,Windy,50,40.3,0.27,9,0,,,,,,,,,,,97,0.94,0
R00098,2024-01-11T02:25:48.717573,AQI-002,Zone-E-Airport,air_quality,Cloudy,,,,,,24.3,50.5,400.0,12.0,54,Moderate,,,,,74,0.98,0
R00099,2024-01-11T04:48:45.084856,TRF-003,Zone-D-Industrial,traffic,Clear,58,60.4,0.14,10,0,,,,,,,,,,,36,0.91,0
R00100,2024-01-11T07:33:41.711090,TRF-002,Zone-D-Industrial,traffic,Rainy,159,43.2,0.38,66,0,,,,,,,,,,,56,0.95,0
R00101,2024-01-11T10:06:01.476328,ENR-004,Zone-B-Midtown,energy,Foggy,,,,,,,,,,,,115.05,139.24,42.1,0,55,0.9,0
R00102,2024-01-11T12:50:42.558581,AQI-001,Zone-E-Airport,air_quality,Rainy,,,,,,71.5,120.9,425.3,42.5,164,Unhealthy,,,,,20,0.96,1
R00103,2024-01-11T15:09:26.440685,TRF-001,Zone-A-Downtown,traffic,Windy,135,47.0,0.36,23,0,,,,,,,,,,,92,0.98,0
R00104,2024-01-11T17:35:46.405580,AQI-003,Zone-B-Midtown,air_quality,Windy,,,,,,85.5,153.6,435.9,56.9,197,Unhealthy,,,,,85,0.93,1
R00105,2024-01-11T19:36:49.743029,ENR-005,Zone-E-Airport,energy,Foggy,,,,,,,,,,,,119.9,167.3,36.6,0,27,0.98,0
R00106,2024-01-11T22:12:40.442325,TRF-005,Zone-C-Residential,traffic,Rainy,48,44.4,0.12,21,0,,,,,,,,,,,49,0.98,0
R00107,2024-01-12T01:00:00.944448,AQI-006,Zone-A-Downtown,air_quality,Foggy,,,,,,19.5,41.8,421.5,33.5,59,Moderate,,,,,71,0.92,0
R00108,2024-01-12T03:42:34.196262,ENR-002,Zone-D-Industrial,energy,Clear,,,,,,,,,,,,43.16,53.43,66.4,0,66,1.0,0
R00109,2024-01-12T05:44:35.939309,ENR-002,Zone-D-Industrial,energy,Rainy,,,,,,,,,,,,42.12,49.13,30.7,0,34,0.94,0
R00110,2024-01-12T08:31:50.177355,TRF-006,Zone-C-Residential,traffic,Cloudy,198,40.2,0.43,37,0,,,,,,,,,,,29,0.97,0
R00111,2024-01-12T10:59:38.821290,AQI-008,Zone-E-Airport,air_quality,Windy,,,,,,30.4,66.3,407.0,34.8,80,Moderate,,,,,76,0.91,0
R00112,2024-01-12T13:35:29.111125,ENR-002,Zone-C-Residential,energy,Foggy,,,,,,,,,,,,58.78,65.66,32.0,0,31,0.94,0
R00113,2024-01-12T16:06:54.030198,ENR-008,Zone-E-Airport,energy,Windy,,,,,,,,,,,,84.6,116.13,27.1,0,93,0.93,0
R00114,2024-01-12T18:28:32.264501,TRF-001,Zone-D-Industrial,traffic,Clear,147,46.6,0.25,87,0,,,,,,,,,,,25,0.97,0
R00115,2024-01-12T20:44:51.877405,ENR-008,Zone-E-Airport,energy,Windy,,,,,,,,,,,,55.66,67.7,46.9,0,63,0.95,0
R00116,2024-01-12T23:37:51.191668,TRF-006,Zone-A-Downtown,traffic,Windy,44,51.6,0.19,8,0,,,,,,,,,,,39,0.9,0
R00117,2024-01-13T01:50:00.103330,ENR-003,Zone-C-Residential,energy,Rainy,,,,,,,,,,,,31.46,40.22,20.5,0,30,0.94,0
R00118,2024-01-13T04:47:29.983048,AQI-002,Zone-D-Industrial,air_quality,Windy,,,,,,35.2,61.7,508.8,31.3,88,Moderate,,,,,44,0.95,0
R00119,2024-01-13T06:34:37.794303,AQI-002,Zone-E-Airport,air_quality,Windy,,,,,,22.3,47.2,446.4,27.1,62,Moderate,,,,,36,0.94,0
R00120,2024-01-13T09:10:51.045482,AQI-003,Zone-D-Industrial,air_quality,Clear,,,,,,25.3,49.9,502.5,35.8,67,Moderate,,,,,77,0.95,0
R00121,2024-01-13T12:27:56.147894,AQI-004,Zone-C-Residential,air_quality,Windy,,,,,,23.9,43.6,414.2,34.6,68,Moderate,,,,,73,1.0,0
R00122,2024-01-13T14:48:04.533207,TRF-005,Zone-A-Downtown,traffic,Foggy,108,50.6,0.26,56,0,,,,,,,,,,,56,0.9,0
R00123,2024-01-13T16:35:01.950451,TRF-008,Zone-E-Airport,traffic,Cloudy,175,67.0,0.48,11,0,,,,,,,,,,,23,0.92,0
R00124,2024-01-13T19:22:26.261356,ENR-002,Zone-C-Residential,energy,Cloudy,,,,,,,,,,,,292.86,403.93,37.7,1,38,0.91,1
R00125,2024-01-13T21:38:15.358516,TRF-008,Zone-B-Midtown,traffic,Foggy,132,55.1,0.33,68,0,,,,,,,,,,,90,0.99,0
R00126,2024-01-14T00:25:23.717132,AQI-004,Zone-C-Residential,air_quality,Clear,,,,,,74.0,132.7,429.0,54.4,171,Unhealthy,,,,,83,0.95,1
R00127,2024-01-14T03:00:55.352629,TRF-003,Zone-C-Residential,traffic,Foggy,246,17.2,0.67,19,1,,,,,,,,,,,87,0.99,1
R00128,2024-01-14T05:58:28.756167,TRF-001,Zone-D-Industrial,traffic,Foggy,239,31.3,0.6,10,1,,,,,,,,,,,28,0.92,1
R00129,2024-01-14T08:07:41.725065,AQI-006,Zone-B-Midtown,air_quality,Clear,,,,,,28.8,50.0,384.7,10.3,67,Moderate,,,,,79,0.98,0
R00130,2024-01-14T10:10:56.200794,TRF-008,Zone-A-Downtown,traffic,Rainy,115,60.3,0.19,34,0,,,,,,,,,,,70,0.97,0
R00131,2024-01-14T13:29:20.841728,ENR-005,Zone-A-Downtown,energy,Cloudy,,,,,,,,,,,,89.05,115.47,27.6,0,54,0.97,0
R00132,2024-01-14T15:53:22.151461,AQI-007,Zone-C-Residential,air_quality,Cloudy,,,,,,23.4,43.2,452.3,19.5,52,Moderate,,,,,74,0.99,0
R00133,2024-01-14T18:19:20.428606,ENR-006,Zone-A-Downtown,energy,Clear,,,,,,,,,,,,146.89,174.61,30.0,0,41,0.97,0
R00134,2024-01-14T20:41:23.153310,ENR-001,Zone-C-Residential,energy,Windy,,,,,,,,,,,,76.4,105.77,57.6,0,29,0.94,0
R00135,2024-01-14T23:00:47.109670,AQI-003,Zone-A-Downtown,air_quality,Cloudy,,,,,,10.8,21.3,405.6,27.0,33,Good,,,,,66,0.9,0
R00136,2024-01-15T01:01:56.587166,TRF-008,Zone-C-Residential,traffic,Rainy,70,59.8,0.19,12,0,,,,,,,,,,,55,0.97,0
R00137,2024-01-15T03:44:58.601951,TRF-003,Zone-D-Industrial,traffic,Windy,39,52.1,0.09,22,0,,,,,,,,,,,98,0.94,0
R00138,2024-01-15T06:29:28.320703,TRF-002,Zone-D-Industrial,traffic,Cloudy,185,51.0,0.47,27,0,,,,,,,,,,,60,0.9,0
R00139,2024-01-15T09:10:04.223246,AQI-005,Zone-C-Residential,air_quality,Cloudy,,,,,,28.2,58.0,401.2,19.9,64,Moderate,,,,,37,0.95,0
R00140,2024-01-15T11:14:12.250263,ENR-006,Zone-E-Airport,energy,Windy,,,,,,,,,,,,93.38,119.86,18.0,0,31,0.98,0
R00141,2024-01-15T14:13:00.960955,ENR-007,Zone-D-Industrial,energy,Windy,,,,,,,,,,,,93.09,129.55,23.2,0,86,0.92,0
R00142,2024-01-15T16:20:40.253211,AQI-003,Zone-B-Midtown,air_quality,Foggy,,,,,,28.2,52.5,378.3,23.0,65,Moderate,,,,,64,0.97,0
R00143,2024-01-15T19:26:50.939293,ENR-005,Zone-A-Downtown,energy,Rainy,,,,,,,,,,,,150.63,193.94,27.8,0,98,0.92,0
R00144,2024-01-15T21:10:07.089246,AQI-003,Zone-B-Midtown,air_quality,Windy,,,,,,16.0,30.8,441.2,14.2,34,Good,,,,,30,0.99,0
R00145,2024-01-16T00:04:36.376433,ENR-007,Zone-E-Airport,energy,Clear,,,,,,,,,,,,37.23,47.96,38.8,0,81,1.02,0
R00146,2024-01-16T02:14:41.560478,AQI-007,Zone-C-Residential,air_quality,Foggy,,,,,,26.0,47.8,431.9,28.9,66,Moderate,,,,,60,0.99,0
R00147,2024-01-16T05:14:03.119117,AQI-007,Zone-B-Midtown,air_quality,Rainy,,,,,,22.7,36.0,433.8,19.8,50,Good,,,,,57,0.96,0
R00148,2024-01-16T07:56:43.385614,AQI-007,Zone-B-Midtown,air_quality,Cloudy,,,,,,29.7,48.5,400.6,42.9,82,Moderate,,,,,83,1.03,0
R00149,2024-01-16T10:22:44.672389,ENR-002,Zone-D-Industrial,energy,Windy,,,,,,,,,,,,86.54,96.46,43.2,0,56,0.89,0
R00150,2024-01-16T12:39:15.336133,ENR-001,Zone-A-Downtown,energy,Foggy,,,,,,,,,,,,86.33,101.81,23.2,0,25,0.97,0
R00151,2024-01-16T14:54:02.093836,ENR-004,Zone-C-Residential,energy,Windy,,,,,,,,,,,,68.46,86.6,37.2,0,99,0.94,0
R00152,2024-01-16T17:58:30.298135,ENR-006,Zone-E-Airport,energy,Rainy,,,,,,,,,,,,113.83,132.01,18.2,0,25,0.95,0
R00153,2024-01-16T19:32:20.090278,AQI-008,Zone-E-Airport,air_quality,Foggy,,,,,,21.4,46.1,409.8,20.8,57,Moderate,,,,,58,0.98,0
R00154,2024-01-16T22:35:37.408760,ENR-008,Zone-E-Airport,energy,Rainy,,,,,,,,,,,,41.14,46.61,30.9,0,73,0.9,0
R00155,2024-01-17T01:13:31.167165,AQI-001,Zone-E-Airport,air_quality,Foggy,,,,,,10.8,21.2,458.8,22.7,30,Good,,,,,26,0.93,0
R00156,2024-01-17T03:37:44.490868,ENR-007,Zone-B-Midtown,energy,Cloudy,,,,,,,,,,,,181.55,251.35,31.5,1,60,0.95,1
R00157,2024-01-17T05:55:07.609073,ENR-004,Zone-D-Industrial,energy,Windy,,,,,,,,,,,,48.26,63.74,20.3,0,27,0.94,0
R00158,2024-01-17T08:33:39.192382,AQI-008,Zone-E-Airport,air_quality,Foggy,,,,,,8.7,14.1,443.4,20.2,27,Good,,,,,53,0.93,0
R00159,2024-01-17T10:44:47.468888,ENR-004,Zone-C-Residential,energy,Rainy,,,,,,,,,,,,76.66,100.2,18.6,0,91,0.95,0
R00160,2024-01-17T13:56:01.321349,AQI-005,Zone-C-Residential,air_quality,Clear,,,,,,1.6,2.8,402.9,15.3,7,Good,,,,,57,0.99,0
R00161,2024-01-17T15:32:31.439353,AQI-002,Zone-C-Residential,air_quality,Foggy,,,,,,17.9,37.2,399.2,23.3,46,Good,,,,,37,0.99,0
R00162,2024-01-17T18:06:33.215694,AQI-004,Zone-B-Midtown,air_quality,Clear,,,,,,6.8,10.4,411.7,11.4,15,Good,,,,,37,0.97,0
R00163,2024-01-17T20:30:18.653207,ENR-003,Zone-D-Industrial,energy,Foggy,,,,,,,,,,,,101.1,120.95,54.5,0,27,0.96,0
R00164,2024-01-17T23:34:26.880071,ENR-001,Zone-B-Midtown,energy,Foggy,,,,,,,,,,,,32.11,37.01,60.0,0,70,0.9,0
R00165,2024-01-18T02:17:16.658268,TRF-005,Zone-A-Downtown,traffic,Clear,25,41.2,0.03,21,0,,,,,,,,,,,89,0.89,0
R00166,2024-01-18T04:08:03.119806,ENR-005,Zone-B-Midtown,energy,Clear,,,,,,,,,,,,31.45,41.49,35.5,0,21,0.91,0
R00167,2024-01-18T07:14:11.824424,AQI-004,Zone-B-Midtown,air_quality,Windy,,,,,,30.0,55.8,386.1,37.7,75,Moderate,,,,,37,0.97,0
R00168,2024-01-18T09:28:38.834755,AQI-001,Zone-C-Residential,air_quality,Foggy,,,,,,18.5,31.7,345.6,24.7,54,Moderate,,,,,66,0.95,0
R00169,2024-01-18T12:11:33.966926,TRF-002,Zone-D-Industrial,traffic,Rainy,93,34.2,0.3,23,0,,,,,,,,,,,35,0.9,0
R00170,2024-01-18T14:22:03.158051,TRF-003,Zone-D-Industrial,traffic,Cloudy,65,64.6,0.16,30,0,,,,,,,,,,,88,0.89,0
R00171,2024-01-18T17:18:07.181970,AQI-004,Zone-E-Airport,air_quality,Clear,,,,,,10.5,22.5,415.0,39.3,43,Good,,,,,45,0.99,0
R00172,2024-01-18T19:34:21.726027,TRF-006,Zone-E-Airport,traffic,Foggy,196,45.1,0.54,74,0,,,,,,,,,,,27,0.92,0
R00173,2024-01-18T21:57:24.474513,TRF-008,Zone-C-Residential,traffic,Clear,130,61.7,0.25,35,0,,,,,,,,,,,64,0.95,0
R00174,2024-01-19T00:42:01.385561,ENR-001,Zone-A-Downtown,energy,Foggy,,,,,,,,,,,,172.49,229.37,39.3,1,73,0.91,1
R00175,2024-01-19T02:56:54.733678,AQI-007,Zone-D-Industrial,air_quality,Clear,,,,,,40.0,78.5,457.6,21.4,90,Moderate,,,,,35,0.97,0
R00176,2024-01-19T05:31:43.833142,AQI-004,Zone-A-Downtown,air_quality,Clear,,,,,,26.9,49.1,413.9,14.7,62,Moderate,,,,,49,0.95,0
R00177,2024-01-19T07:46:32.339020,AQI-002,Zone-A-Downtown,air_quality,Foggy,,,,,,25.4,54.7,437.1,20.2,56,Moderate,,,,,32,0.92,0
R00178,2024-01-19T10:40:19.285093,AQI-004,Zone-A-Downtown,air_quality,Foggy,,,,,,13.2,24.8,421.4,7.7,27,Good,,,,,84,0.97,0
R00179,2024-01-19T13:24:59.029319,ENR-006,Zone-B-Midtown,energy,Rainy,,,,,,,,,,,,84.4,117.8,19.8,0,55,0.95,0
R00180,2024-01-19T15:03:39.447494,AQI-003,Zone-D-Industrial,air_quality,Windy,,,,,,46.8,92.2,487.6,27.0,108,Unhealthy for Sensitive Groups,,,,,72,0.92,0
R00181,2024-01-19T17:38:57.183388,ENR-008,Zone-B-Midtown,energy,Cloudy,,,,,,,,,,,,113.19,155.57,12.5,0,91,0.92,0
R00182,2024-01-19T20:31:47.970530,ENR-005,Zone-B-Midtown,energy,Rainy,,,,,,,,,,,,95.83,131.93,32.5,0,44,0.94,0
R00183,2024-01-19T22:33:05.531865,ENR-001,Zone-A-Downtown,energy,Cloudy,,,,,,,,,,,,23.83,27.76,22.2,0,46,0.97,0
R00184,2024-01-20T01:57:25.271138,TRF-004,Zone-A-Downtown,traffic,Foggy,40,49.8,0.03,12,0,,,,,,,,,,,61,0.96,0
R00185,2024-01-20T04:16:31.849975,ENR-006,Zone-C-Residential,energy,Rainy,,,,,,,,,,,,40.64,54.49,22.5,0,80,0.95,0
R00186,2024-01-20T06:12:11.258969,TRF-001,Zone-E-Airport,traffic,Cloudy,93,67.6,0.24,19,0,,,,,,,,,,,57,0.93,0
R00187,2024-01-20T08:39:08.681077,TRF-007,Zone-E-Airport,traffic,Cloudy,141,28.3,0.35,101,0,,,,,,,,,,,82,0.9,0
R00188,2024-01-20T11:21:07.834206,TRF-008,Zone-B-Midtown,traffic,Windy,131,66.7,0.31,43,0,,,,,,,,,,,26,0.94,0
R00189,2024-01-20T14:15:51.619837,ENR-004,Zone-A-Downtown,energy,Cloudy,,,,,,,,,,,,215.68,277.22,29.7,1,98,0.99,1
R00190,2024-01-20T16:00:56.634361,ENR-007,Zone-A-Downtown,energy,Clear,,,,,,,,,,,,69.7,82.41,46.8,0,75,0.95,0
R00191,2024-01-20T19:18:22.203716,AQI-002,Zone-A-Downtown,air_quality,Windy,,,,,,21.5,44.5,454.3,23.9,54,Moderate,,,,,71,0.98,0
R00192,2024-01-20T21:27:32.391884,TRF-004,Zone-C-Residential,traffic,Clear,151,41.9,0.42,48,0,,,,,,,,,,,90,0.91,0
R00193,2024-01-21T00:12:10.242540,TRF-007,Zone-C-Residential,traffic,Windy,50,75.9,0.11,19,0,,,,,,,,,,,92,0.94,0
R00194,2024-01-21T02:28:31.801036,TRF-002,Zone-C-Residential,traffic,Windy,74,59.7,0.13,30,0,,,,,,,,,,,95,0.98,0
R00195,2024-01-21T05:19:15.248596,AQI-005,Zone-B-Midtown,air_quality,Windy,,,,,,29.7,61.9,371.0,38.7,78,Moderate,,,,,69,0.95,0
R00196,2024-01-21T07:59:18.520648,AQI-006,Zone-A-Downtown,air_quality,Clear,,,,,,13.6,28.4,392.3,39.4,50,Good,,,,,70,0.98,0
R00197,2024-01-21T10:08:02.842611,AQI-008,Zone-D-Industrial,air_quality,Cloudy,,,,,,26.6,57.4,458.8,31.3,73,Moderate,,,,,68,0.99,0
R00198,2024-01-21T12:47:52.998626,AQI-002,Zone-C-Residential,air_quality,Cloudy,,,,,,23.7,48.6,436.9,33.2,64,Moderate,,,,,33,1.01,0
R00199,2024-01-21T14:56:41.049114,AQI-002,Zone-B-Midtown,air_quality,Clear,,,,,,28.4,51.5,391.1,21.5,62,Moderate,,,,,31,0.94,0
R00200,2024-01-21T17:35:52.957672,TRF-007,Zone-A-Downtown,traffic,Rainy,195,38.6,0.41,-5,0,,,,,,,,,,,51,0.92,0
R00201,2024-01-21T20:04:19.057551,TRF-007,Zone-B-Midtown,traffic,Cloudy,118,60.6,0.31,50,0,,,,,,,,,,,58,0.94,0
R00202,2024-01-21T22:15:06.119056,TRF-008,Zone-E-Airport,traffic,Windy,48,61.7,0.15,21,0,,,,,,,,,,,99,0.94,0
R00203,2024-01-22T00:52:47.603842,AQI-008,Zone-C-Residential,air_quality,Foggy,,,,,,31.7,50.6,357.3,14.6,68,Moderate,,,,,81,1.02,0
R00204,2024-01-22T03:18:51.059812,AQI-006,Zone-C-Residential,air_quality,Foggy,,,,,,19.4,32.9,393.9,27.1,56,Moderate,,,,,45,0.92,0
R00205,2024-01-22T06:05:32.017323,ENR-001,Zone-D-Industrial,energy,Cloudy,,,,,,,,,,,,77.11,103.77,44.8,0,72,0.94,0
R00206,2024-01-22T08:18:10.197513,TRF-003,Zone-D-Industrial,traffic,Foggy,158,44.3,0.39,38,0,,,,,,,,,,,73,0.97,0
R00207,2024-01-22T11:02:37.122732,AQI-006,Zone-E-Airport,air_quality,Windy,,,,,,29.8,58.4,446.1,16.2,62,Moderate,,,,,92,0.98,0
R00208,2024-01-22T13:59:00.989541,ENR-007,Zone-C-Residential,energy,Foggy,,,,,,,,,,,,96.54,127.82,34.1,0,91,0.92,0
R00209,2024-01-22T15:56:44.802785,ENR-003,Zone-C-Residential,energy,Clear,,,,,,,,,,,,72.32,85.96,48.7,0,38,0.94,0
R00210,2024-01-22T18:20:53.983148,TRF-004,Zone-E-Airport,traffic,Foggy,238,42.8,0.58,62,0,,,,,,,,,,,25,0.96,0
R00211,2024-01-22T21:20:57.048029,ENR-003,Zone-B-Midtown,energy,Windy,,,,,,,,,,,,75.81,87.03,6.5,0,49,0.92,0
R00212,2024-01-22T23:47:51.920838,ENR-003,Zone-D-Industrial,energy,Foggy,,,,,,,,,,,,180.0,229.98,25.6,1,69,0.97,1
R00213,2024-01-23T01:46:42.041390,AQI-002,Zone-E-Airport,air_quality,Clear,,,,,,18.2,34.1,406.8,29.9,47,Good,,,,,53,0.93,0
R00214,2024-01-23T04:57:57.299040,TRF-007,Zone-E-Airport,traffic,Foggy,35,43.8,0.17,7,0,,,,,,,,,,,58,0.91,0
R00215,2024-01-23T07:25:07.257287,ENR-003,Zone-C-Residential,energy,Clear,,,,,,,,,,,,149.02,170.24,51.5,0,69,0.94,0
R00216,2024-01-23T09:23:01.355866,TRF-003,Zone-E-Airport,traffic,Cloudy,192,40.4,0.51,52,0,,,,,,,,,,,65,0.95,0
R00217,2024-01-23T12:27:06.631022,ENR-004,Zone-D-Industrial,energy,Windy,,,,,,,,,,,,54.63,66.9,30.5,0,76,0.94,0
R00218,2024-01-23T14:01:51.098540,AQI-005,Zone-A-Downtown,air_quality,Rainy,,,,,,18.2,31.0,427.4,12.3,44,Good,,,,,90,0.91,0
R00219,2024-01-23T16:46:04.400074,ENR-006,Zone-E-Airport,energy,Clear,,,,,,,,,,,,83.23,102.57,47.1,0,51,0.98,0
R00220,2024-01-23T19:17:51.752166,AQI-008,Zone-C-Residential,air_quality,Rainy,,,,,,31.7,50.2,451.2,27.6,81,Moderate,,,,,64,0.93,0
R00221,2024-01-23T22:21:39.775307,ENR-007,Zone-B-Midtown,energy,Windy,,,,,,,,,,,,35.47,39.65,36.6,0,64,0.91,0
R00222,2024-01-24T00:10:06.158513,AQI-005,Zone-C-Residential,air_quality,Windy,,,,,,15.8,33.2,465.1,23.6,39,Good,,,,,37,1.0,0
R00223,2024-01-24T03:25:07.567363,AQI-003,Zone-B-Midtown,air_quality,Cloudy,,,,,,14.7,25.4,420.9,44.3,52,Moderate,,,,,82,0.98,0
R00224,2024-01-24T05:37:40.126155,ENR-002,Zone-A-Downtown,energy,Foggy,,,,,,,,,,,,42.82,50.68,38.8,0,82,0.94,0
R00225,2024-01-24T07:49:38.241409,TRF-002,Zone-D-Industrial,traffic,Rainy,192,30.2,0.57,51,0,,,,,,,,,,,83,0.94,0
R00226,2024-01-24T10:20:15.918559,ENR-008,Zone-C-Residential,energy,Clear,,,,,,,,,,,,272.29,350.67,45.9,1,40,0.95,1
R00227,2024-01-24T12:56:28.629416,TRF-007,Zone-B-Midtown,traffic,Cloudy,100,74.3,0.27,35,0,,,,,,,,,,,66,0.95,0
R00228,2024-01-24T15:54:13.680968,TRF-007,Zone-C-Residential,traffic,Cloudy,148,58.8,0.38,41,0,,,,,,,,,,,95,0.96,0
R00229,2024-01-24T17:43:34.287101,ENR-001,Zone-A-Downtown,energy,Rainy,,,,,,,,,,,,158.84,181.02,29.2,0,29,0.95,0
R00230,2024-01-24T20:48:21.444602,TRF-006,Zone-C-Residential,traffic,Cloudy,132,62.9,0.24,25,0,,,,,,,,,,,28,0.91,0
R00231,2024-01-24T23:01:49.829796,TRF-003,Zone-D-Industrial,traffic,Rainy,43,50.9,0.04,20,0,,,,,,,,,,,47,0.96,0
R00232,2024-01-25T01:45:08.804328,ENR-007,Zone-C-Residential,energy,Foggy,,,,,,,,,,,,35.91,41.01,29.3,0,90,0.96,0
R00233,2024-01-25T04:06:03.596622,AQI-005,Zone-A-Downtown,air_quality,Rainy,,,,,,14.0,24.8,407.9,14.4,33,Good,,,,,83,0.91,0
R00234,2024-01-25T06:23:09.188069,TRF-002,Zone-E-Airport,traffic,Clear,134,52.9,0.38,25,0,,,,,,,,,,,66,0.93,0
R00235,2024-01-25T08:58:15.652654,AQI-002,Zone-A-Downtown,air_quality,Windy,,,,,,16.6,27.9,430.3,25.9,47,Good,,,,,84,0.94,0
R00236,2024-01-25T11:46:01.596002,ENR-007,Zone-A-Downtown,energy,Windy,,,,,,,,,,,,115.76,132.64,33.5,0,46,0.96,0
R00237,2024-01-25T14:28:27.528184,TRF-006,Zone-D-Industrial,traffic,Windy,142,42.0,0.43,49,0,,,,,,,,,,,50,0.96,0
R00238,2024-01-25T16:26:04.140919,ENR-001,Zone-C-Residential,energy,Cloudy,,,,,,,,,,,,88.02,115.51,28.2,0,64,0.93,0
R00239,2024-01-25T19:01:22.819306,AQI-005,Zone-B-Midtown,air_quality,Rainy,,,,,,19.2,40.7,396.7,25.3,52,Moderate,,,,,54,0.94,0
R00240,2024-01-25T21:31:25.875161,TRF-002,Zone-D-Industrial,traffic,Foggy,175,61.8,0.45,47,0,,,,,,,,,,,33,0.99,0
R00241,2024-01-25T23:36:55.200973,AQI-001,Zone-A-Downtown,air_quality,Clear,,,,,,10.6,19.4,407.3,28.8,30,Good,,,,,90,0.97,0
R00242,2024-01-26T02:39:20.531860,TRF-004,Zone-D-Industrial,traffic,Rainy,30,63.5,0.1,3,0,,,,,,,,,,,42,0.95,0
R00243,2024-01-26T04:43:23.466219,ENR-001,Zone-D-Industrial,energy,Clear,,,,,,,,,,,,43.18,51.52,32.1,0,31,0.95,0
R00244,2024-01-26T07:12:02.416152,ENR-005,Zone-E-Airport,energy,Cloudy,,,,,,,,,,,,126.26,161.3,12.8,0,45,0.95,0
R00245,2024-01-26T10:13:56.868012,ENR-004,Zone-B-Midtown,energy,Clear,,,,,,,,,,,,109.7,141.6,46.9,0,21,0.95,0
R00246,2024-01-26T12:39:26.293861,AQI-005,Zone-A-Downtown,air_quality,Cloudy,,,,,,17.9,29.8,409.5,25.2,45,Good,,,,,55,1.01,0
R00247,2024-01-26T15:23:50.234899,ENR-006,Zone-D-Industrial,energy,Clear,,,,,,,,,,,,109.88,137.53,38.5,0,95,0.93,0
R00248,2024-01-26T17:34:04.154622,ENR-003,Zone-B-Midtown,energy,Rainy,,,,,,,,,,,,106.09,139.0,46.5,0,61,0.94,0
R00249,2024-01-26T19:34:28.874769,TRF-002,Zone-B-Midtown,traffic,Clear,212,30.0,0.54,3,0,,,,,,,,,,,46,0.93,0
R00250,2024-01-26T22:27:06.901477,ENR-002,Zone-A-Downtown,energy,Cloudy,,,,,,,,,,,,29.83,38.21,44.7,0,47,0.96,0
R00251,2024-01-27T00:35:28.366454,TRF-006,Zone-D-Industrial,traffic,Windy,238,19.4,0.68,22,1,,,,,,,,,,,77,1.02,1
R00252,2024-01-27T03:33:21.433542,ENR-002,Zone-D-Industrial,energy,Clear,,,,,,,,,,,,34.79,46.94,46.2,0,48,0.99,0
R00253,2024-01-27T05:52:20.063078,ENR-002,Zone-E-Airport,energy,Windy,,,,,,,,,,,,44.91,60.35,33.6,0,76,0.95,0
R00254,2024-01-27T08:48:33.475195,TRF-006,Zone-A-Downtown,traffic,Clear,277,41.4,0.62,74,0,,,,,,,,,,,83,0.99,0
R00255,2024-01-27T10:40:22.105963,TRF-003,Zone-C-Residential,traffic,Rainy,128,63.2,0.38,23,0,,,,,,,,,,,83,0.92,0
R00256,2024-01-27T13:24:43.171943,ENR-001,Zone-A-Downtown,energy,Rainy,,,,,,,,,,,,59.92,80.24,37.0,0,51,0.91,0
R00257,2024-01-27T16:17:41.446479,AQI-006,Zone-D-Industrial,air_quality,Windy,,,,,,17.5,30.5,475.8,21.5,44,Good,,,,,43,0.99,0
R00258,2024-01-27T18:01:45.492458,AQI-005,Zone-A-Downtown,air_quality,Foggy,,,,,,19.8,40.3,501.0,24.9,48,Good,,,,,51,0.94,0
R00259,2024-01-27T21:18:58.626582,AQI-001,Zone-B-Midtown,air_quality,Windy,,,,,,12.7,26.1,384.9,40.1,42,Good,,,,,42,0.95,0
R00260,2024-01-27T23:44:17.178364,ENR-001,Zone-C-Residential,energy,Windy,,,,,,,,,,,,40.97,51.99,41.3,0,83,1.03,0
R00261,2024-01-28T02:02:31.648565,TRF-001,Zone-A-Downtown,traffic,Clear,50,67.0,0.24,16,0,,,,,,,,,,,45,0.96,0
R00262,2024-01-28T04:10:38.855542,AQI-006,Zone-A-Downtown,air_quality,Clear,,,,,,11.2,22.3,429.2,28.8,39,Good,,,,,66,0.98,0
R00263,2024-01-28T07:26:30.923568,ENR-002,Zone-C-Residential,energy,Rainy,,,,,,,,,,,,120.38,167.66,28.8,0,82,0.92,0
R00264,2024-01-28T09:38:57.048956,TRF-006,Zone-B-Midtown,traffic,Windy,127,44.2,0.31,73,0,,,,,,,,,,,20,1.02,0
R00265,2024-01-28T11:53:29.765138,AQI-001,Zone-B-Midtown,air_quality,Windy,,,,,,11.8,24.4,387.2,15.8,27,Good,,,,,83,0.98,0
R00266,2024-01-28T14:14:16.785331,AQI-003,Zone-A-Downtown,air_quality,Rainy,,,,,,28.2,47.5,420.0,28.7,69,Moderate,,,,,33,0.95,0
R00267,2024-01-28T16:56:17.592509,ENR-003,Zone-D-Industrial,energy,Foggy,,,,,,,,,,,,78.83,95.02,16.7,0,93,0.99,0
R00268,2024-01-28T19:39:03.490427,AQI-003,Zone-D-Industrial,air_quality,Clear,,,,,,29.6,49.8,501.3,32.2,76,Moderate,,,,,40,0.97,0
R00269,2024-01-28T22:13:55.146307,ENR-002,Zone-C-Residential,energy,Windy,,,,,,,,,,,,43.78,53.82,20.3,0,41,0.92,0
R00270,2024-01-29T00:03:12.800674,TRF-004,Zone-D-Industrial,traffic,Windy,40,54.0,0.06,15,0,,,,,,,,,,,26,0.97,0
R00271,2024-01-29T02:53:34.447973,ENR-008,Zone-B-Midtown,energy,Clear,,,,,,,,,,,,28.0,36.36,48.7,0,96,0.94,0
R00272,2024-01-29T05:12:25.030739,ENR-002,Zone-D-Industrial,energy,Clear,,,,,,,,,,,,34.45,42.0,30.3,0,31,0.95,0
R00273,2024-01-29T08:08:30.718977,ENR-006,Zone-D-Industrial,energy,Rainy,,,,,,,,,,,,158.53,186.91,33.0,0,54,0.93,0
R00274,2024-01-29T10:41:47.295424,TRF-006,Zone-E-Airport,traffic,Foggy,113,44.3,0.25,54,0,,,,,,,,,,,73,0.9,0
R00275,2024-01-29T13:27:56.259735,AQI-008,Zone-E-Airport,air_quality,Cloudy,,,,,,33.2,66.4,450.8,3.5,72,Moderate,,,,,99,0.95,0
R00276,2024-01-29T15:08:50.811554,AQI-008,Zone-B-Midtown,air_quality,Cloudy,,,,,,19.5,35.0,405.5,35.7,61,Moderate,,,,,38,0.95,0
R00277,2024-01-29T18:20:02.789227,TRF-002,Zone-A-Downtown,traffic,Foggy,96,32.4,0.13,53,0,,,,,,,,,,,21,0.96,0
R00278,2024-01-29T20:31:21.223238,ENR-007,Zone-B-Midtown,energy,Cloudy,,,,,,,,,,,,57.8,73.68,34.5,0,33,0.95,0
R00279,2024-01-29T23:03:45.661534,TRF-005,Zone-E-Airport,traffic,Rainy,46,69.5,0.06,13,0,,,,,,,,,,,42,0.95,0
R00280,2024-01-30T01:36:31.158951,AQI-001,Zone-D-Industrial,air_quality,Rainy,,,,,,32.4,49.7,476.6,26.2,77,Moderate,,,,,22,0.92,0
R00281,2024-01-30T03:48:39.417472,AQI-002,Zone-B-Midtown,air_quality,Cloudy,,,,,,30.1,60.8,424.0,16.3,69,Moderate,,,,,97,0.94,0
R00282,2024-01-30T06:12:41.005808,AQI-008,Zone-E-Airport,air_quality,Rainy,,,,,,13.9,25.9,434.0,32.3,46,Good,,,,,71,0.99,0
R00283,2024-01-30T09:22:45.597329,TRF-004,Zone-B-Midtown,traffic,Clear,246,22.3,0.65,54,0,,,,,,,,,,,79,0.93,0
R00284,2024-01-30T11:30:18.454950,ENR-002,Zone-A-Downtown,energy,Cloudy,,,,,,,,,,,,74.61,101.55,26.5,0,95,0.92,0
R00285,2024-01-30T14:20:15.553573,TRF-002,Zone-C-Residential,traffic,Clear,111,61.8,0.33,68,0,,,,,,,,,,,48,0.94,0
R00286,2024-01-30T16:40:39.702886,TRF-007,Zone-E-Airport,traffic,Clear,164,51.9,0.38,41,0,,,,,,,,,,,42,0.95,0
R00287,2024-01-30T18:45:08.605589,AQI-005,Zone-C-Residential,air_quality,Foggy,,,,,,17.4,36.5,399.6,26.8,47,Good,,,,,86,0.96,0
R00288,2024-01-30T21:06:08.323571,ENR-006,Zone-E-Airport,energy,Windy,,,,,,,,,,,,67.03,79.74,32.8,0,55,0.96,0
R00289,2024-01-31T00:08:26.141084,AQI-005,Zone-C-Residential,air_quality,Cloudy,,,,,,19.7,40.7,356.0,29.4,59,Moderate,,,,,60,0.91,0
R00290,2024-01-31T02:40:50.720701,AQI-008,Zone-C-Residential,air_quality,Rainy,,,,,,7.2,13.7,447.7,43.4,36,Good,,,,,48,0.95,0
R00291,2024-01-31T05:11:10.745199,ENR-008,Zone-C-Residential,energy,Windy,,,,,,,,,,,,39.64,50.24,42.8,0,57,0.96,0
R00292,2024-01-31T07:15:31.146662,AQI-003,Zone-C-Residential,air_quality,Clear,,,,,,20.4,33.8,441.7,17.5,49,Good,,,,,67,0.95,0
R00293,2024-01-31T10:21:04.369998,ENR-002,Zone-D-Industrial,energy,Cloudy,,,,,,,,,,,,101.65,138.27,23.8,0,26,0.97,0
R00294,2024-01-31T12:52:15.056927,TRF-004,Zone-C-Residential,traffic,Foggy,188,36.7,0.53,63,0,,,,,,,,,,,43,0.96,0
R00295,2024-01-31T15:07:51.717980,TRF-001,Zone-A-Downtown,traffic,Foggy,85,55.4,0.18,41,0,,,,,,,,,,,31,0.92,0
R00296,2024-01-31T17:07:45.861447,ENR-007,Zone-D-Industrial,energy,Foggy,,,,,,,,,,,,121.32,140.71,31.9,0,67,1.01,0
R00297,2024-01-31T20:15:24.651857,ENR-001,Zone-A-Downtown,energy,Cloudy,,,,,,,,,,,,71.98,98.12,28.2,0,84,0.96,0
R00298,2024-01-31T22:35:19.214477,TRF-001,Zone-C-Residential,traffic,Rainy,33,53.5,0.01,19,0,,,,,,,,,,,37,0.91,0
R00299,2024-02-01T00:51:33.303191,TRF-007,Zone-A-Downtown,traffic,Cloudy,69,61.9,0.17,23,0,,,,,,,,,,,35,0.95,0
R00300,2024-02-01T03:21:59.729225,ENR-001,Zone-D-Industrial,energy,Rainy,,,,,,,,,,,,26.32,29.33,20.6,0,33,0.95,0
R00301,2024-02-01T06:11:23.099094,ENR-007,Zone-A-Downtown,energy,Windy,,,,,,,,,,,,81.72,107.1,34.2,0,21,0.99,0
R00302,2024-02-01T08:18:04.019237,ENR-005,Zone-E-Airport,energy,Windy,,,,,,,,,,,,71.48,89.6,40.4,0,99,0.96,0
R00303,2024-02-01T10:36:22.549350,TRF-004,Zone-C-Residential,traffic,Windy,129,48.6,0.36,50,0,,,,,,,,,,,46,0.98,0
R00304,2024-02-01T13:41:17.534096,ENR-004,Zone-A-Downtown,energy,Clear,,,,,,,,,,,,116.66,151.74,34.5,0,39,1.0,0
R00305,2024-02-01T15:34:30.173569,AQI-005,Zone-B-Midtown,air_quality,Foggy,,,,,,13.7,23.4,406.6,26.0,37,Good,,,,,25,0.97,0
R00306,2024-02-01T18:40:36.359515,ENR-002,Zone-A-Downtown,energy,Clear,,,,,,,,,,,,254.8,290.86,39.6,1,76,0.93,1
R00307,2024-02-01T21:27:18.320963,TRF-002,Zone-C-Residential,traffic,Rainy,57,69.9,0.14,54,0,,,,,,,,,,,81,0.96,0
R00308,2024-02-01T23:47:48.874405,TRF-001,Zone-B-Midtown,traffic,Clear,31,39.8,0.03,14,0,,,,,,,,,,,68,0.93,0
R00309,2024-02-02T02:16:44.991461,ENR-003,Zone-D-Industrial,energy,Foggy,,,,,,,,,,,,31.92,37.62,31.6,0,60,1.01,0
R00310,2024-02-02T04:31:29.344483,AQI-004,Zone-C-Residential,air_quality,Windy,,,,,,19.2,38.2,456.5,33.3,53,Moderate,,,,,81,0.92,0
R00311,2024-02-02T06:53:05.555823,AQI-001,Zone-A-Downtown,air_quality,Cloudy,,,,,,27.9,51.0,402.0,25.2,70,Moderate,,,,,61,0.95,0
R00312,2024-02-02T09:03:01.262572,TRF-007,Zone-D-Industrial,traffic,Cloudy,299,28.5,0.77,82,0,,,,,,,,,,,60,0.97,0
R00313,2024-02-02T11:37:07.344667,ENR-001,Zone-A-Downtown,energy,Foggy,,,,,,,,,,,,84.65,95.42,29.9,0,97,0.99,0
R00314,2024-02-02T14:53:24.399236,ENR-008,Zone-C-Residential,energy,Rainy,,,,,,,,,,,,78.47,105.54,35.0,0,99,0.93,0
R00315,2024-02-02T17:05:59.824146,AQI-006,Zone-D-Industrial,air_quality,Clear,,,,,,27.7,48.4,498.3,13.0,64,Moderate,,,,,86,0.91,0
R00316,2024-02-02T19:22:26.005298,TRF-003,Zone-D-Industrial,traffic,Cloudy,177,29.8,0.44,74,0,,,,,,,,,,,35,0.98,0
R00317,2024-02-02T21:57:25.365630,AQI-006,Zone-A-Downtown,air_quality,Foggy,,,,,,74.6,145.0,412.8,60.5,181,Unhealthy,,,,,78,0.91,1
R00318,2024-02-03T00:08:04.689652,ENR-001,Zone-E-Airport,energy,Foggy,,,,,,,,,,,,17.21,21.42,7.5,0,42,0.95,0
R00319,2024-02-03T03:11:30.543765,TRF-003,Zone-A-Downtown,traffic,Foggy,39,49.5,0.14,11,0,,,,,,,,,,,97,0.99,0
R00320,2024-02-03T05:16:24.945168,AQI-005,Zone-D-Industrial,air_quality,Cloudy,,,,,,21.2,40.7,527.2,17.2,54,Moderate,,,,,60,0.93,0
R00321,2024-02-03T08:07:57.299824,TRF-005,Zone-C-Residential,traffic,Cloudy,77,26.8,0.09,25,0,,,,,,,,,,,61,0.95,0
R00322,2024-02-03T10:42:37.269818,AQI-008,Zone-E-Airport,air_quality,Windy,,,,,,15.0,31.9,376.5,5.0,33,Good,,,,,21,0.94,0
R00323,2024-02-03T13:01:21.827950,TRF-003,Zone-A-Downtown,traffic,Clear,120,49.1,0.29,51,0,,,,,,,,,,,27,0.94,0
R00324,2024-02-03T15:45:12.938213,TRF-008,Zone-A-Downtown,traffic,Windy,96,53.7,0.14,39,0,,,,,,,,,,,50,0.91,0
R00325,2024-02-03T18:00:39.320293,AQI-005,Zone-A-Downtown,air_quality,Foggy,,,,,,39.0,67.0,398.0,23.5,88,Moderate,,,,,45,0.95,0
R00326,2024-02-03T20:37:14.022104,AQI-008,Zone-B-Midtown,air_quality,Rainy,,,,,,7.6,15.5,408.2,33.1,28,Good,,,,,29,0.94,0
R00327,2024-02-03T22:41:13.115694,TRF-002,Zone-D-Industrial,traffic,Clear,42,53.2,0.07,13,0,,,,,,,,,,,62,0.88,0
R00328,2024-02-04T01:02:23.786122,AQI-001,Zone-E-Airport,air_quality,Rainy,,,,,,22.0,41.8,387.0,38.6,63,Moderate,,,,,87,0.95,0
R00329,2024-02-04T03:34:05.435289,ENR-007,Zone-E-Airport,energy,Windy,,,,,,,,,,,,39.01,47.0,41.0,0,62,0.92,0
R00330,2024-02-04T06:21:38.872169,TRF-008,Zone-E-Airport,traffic,Clear,107,61.1,0.2,13,0,,,,,,,,,,,51,0.99,0
R00331,2024-02-04T08:49:15.373238,AQI-002,Zone-D-Industrial,air_quality,Rainy,,,,,,24.9,42.3,547.3,15.2,57,Moderate,,,,,85,0.96,0
R00332,2024-02-04T11:02:37.865979,AQI-004,Zone-C-Residential,air_quality,Windy,,,,,,9.8,15.4,470.9,21.9,33,Good,,,,,20,0.94,0
R00333,2024-02-04T14:07:46.252142,TRF-007,Zone-A-Downtown,traffic,Cloudy,105,47.0,0.13,43,0,,,,,,,,,,,29,0.91,0
R00334,2024-02-04T16:44:48.806972,TRF-008,Zone-C-Residential,traffic,Clear,170,60.9,0.36,32,0,,,,,,,,,,,49,0.98,0
R00335,2024-02-04T18:57:04.052389,ENR-006,Zone-A-Downtown,energy,Foggy,,,,,,,,,,,,111.21,140.17,21.2,0,94,0.92,0
R00336,2024-02-04T21:02:43.860674,AQI-006,Zone-E-Airport,air_quality,Clear,,,,,,13.7,23.2,382.3,33.8,49,Good,,,,,23,0.94,0
R00337,2024-02-04T23:58:26.355639,ENR-003,Zone-D-Industrial,energy,Windy,,,,,,,,,,,,29.52,40.33,23.7,0,67,0.95,0
R00338,2024-02-05T02:52:29.160939,TRF-001,Zone-A-Downtown,traffic,Windy,47,31.4,0.09,12,0,,,,,,,,,,,64,1.0,0
R00339,2024-02-05T04:42:42.252995,AQI-003,Zone-B-Midtown,air_quality,Cloudy,,,,,,20.7,33.7,403.0,31.0,59,Moderate,,,,,79,0.89,0
R00340,2024-02-05T07:38:40.828250,TRF-002,Zone-C-Residential,traffic,Clear,83,28.7,0.16,86,0,,,,,,,,,,,50,0.98,0
R00341,2024-02-05T10:24:00.426927,TRF-008,Zone-C-Residential,traffic,Windy,144,53.0,0.33,15,0,,,,,,,,,,,74,0.93,0
R00342,2024-02-05T12:10:07.102239,TRF-004,Zone-D-Industrial,traffic,Rainy,152,67.1,0.42,28,0,,,,,,,,,,,65,0.96,0
R00343,2024-02-05T14:36:31.797491,ENR-002,Zone-C-Residential,energy,Cloudy,,,,,,,,,,,,62.17,72.05,28.6,0,29,0.91,0
R00344,2024-02-05T17:53:31.578665,AQI-001,Zone-E-Airport,air_quality,Windy,,,,,,3.3,6.2,385.0,0,8,Good,,,,,39,0.92,0
R00345,2024-02-05T19:51:56.947068,TRF-005,Zone-B-Midtown,traffic,Foggy,216,40.1,0.58,61,0,,,,,,,,,,,98,0.93,0
R00346,2024-02-05T22:08:25.334494,TRF-003,Zone-D-Industrial,traffic,Rainy,229,25.5,0.54,15,1,,,,,,,,,,,46,0.97,1
R00347,2024-02-06T01:01:04.386827,AQI-007,Zone-D-Industrial,air_quality,Foggy,,,,,,39.2,61.6,510.8,38.9,96,Moderate,,,,,53,0.94,0
R00348,2024-02-06T03:34:43.073166,ENR-007,Zone-D-Industrial,energy,Rainy,,,,,,,,,,,,36.58,43.0,27.6,0,48,0.92,0
R00349,2024-02-06T06:22:03.789919,ENR-008,Zone-E-Airport,energy,Clear,,,,,,,,,,,,83.08,94.85,47.0,0,55,0.96,0
R00350,2024-02-06T08:12:41.461575,TRF-006,Zone-E-Airport,traffic,Clear,145,39.7,0.42,82,0,,,,,,,,,,,81,0.95,0
R00351,2024-02-06T11:20:00.113987,TRF-001,Zone-B-Midtown,traffic,Windy,137,62.9,0.39,46,0,,,,,,,,,,,41,0.94,0
R00352,2024-02-06T13:15:29.734726,TRF-007,Zone-E-Airport,traffic,Windy,154,43.8,0.44,7,0,,,,,,,,,,,47,0.86,0
R00353,2024-02-06T16:22:02.288636,TRF-007,Zone-E-Airport,traffic,Cloudy,149,57.7,0.34,33,0,,,,,,,,,,,63,0.93,0
R00354,2024-02-06T18:55:20.467001,ENR-002,Zone-B-Midtown,energy,Foggy,,,,,,,,,,,,143.16,194.39,34.2,0,84,0.93,0
R00355,2024-02-06T21:06:19.839664,TRF-001,Zone-E-Airport,traffic,Windy,68,67.2,0.21,55,0,,,,,,,,,,,20,0.93,0
R00356,2024-02-06T23:53:49.088230,AQI-007,Zone-E-Airport,air_quality,Foggy,,,,,,27.5,45.7,429.9,30.7,71,Moderate,,,,,64,0.9,0
R00357,2024-02-07T02:05:20.573110,AQI-002,Zone-D-Industrial,air_quality,Cloudy,,,,,,29.7,46.3,434.5,14.8,65,Moderate,,,,,44,0.93,0
R00358,2024-02-07T04:00:19.690035,AQI-001,Zone-E-Airport,air_quality,Windy,,,,,,29.7,58.8,422.0,21.2,67,Moderate,,,,,74,0.98,0
R00359,2024-02-07T07:09:05.673365,TRF-007,Zone-E-Airport,traffic,Rainy,225,36.3,0.58,87,0,,,,,,,,,,,91,0.92,0
R00360,2024-02-07T09:33:17.680883,TRF-005,Zone-E-Airport,traffic,Rainy,184,33.8,0.48,67,0,,,,,,,,,,,49,0.94,0
R00361,2024-02-07T11:56:47.741559,AQI-003,Zone-A-Downtown,air_quality,Cloudy,,,,,,21.2,40.9,367.5,23.7,55,Moderate,,,,,20,0.94,0
R00362,2024-02-07T14:48:15.729699,AQI-008,Zone-E-Airport,air_quality,Foggy,,,,,,17.4,33.5,448.8,21.3,46,Good,,,,,98,0.88,0
R00363,2024-02-07T17:09:22.230827,TRF-001,Zone-B-Midtown,traffic,Foggy,199,46.0,0.51,42,0,,,,,,,,,,,24,0.96,0
R00364,2024-02-07T19:41:54.419037,ENR-001,Zone-C-Residential,energy,Cloudy,,,,,,,,,,,,92.45,128.75,36.9,0,71,0.96,0
R00365,2024-02-07T21:51:11.259588,ENR-004,Zone-E-Airport,energy,Clear,,,,,,,,,,,,92.9,110.12,46.8,0,91,0.97,0
R00366,2024-02-08T00:57:47.835594,TRF-004,Zone-D-Industrial,traffic,Foggy,42,54.3,0.16,17,0,,,,,,,,,,,57,0.96,0
R00367,2024-02-08T02:50:23.877220,TRF-005,Zone-E-Airport,traffic,Windy,37,58.4,0.06,16,0,,,,,,,,,,,63,0.98,0
R00368,2024-02-08T05:27:38.593589,ENR-001,Zone-D-Industrial,energy,Clear,,,,,,,,,,,,31.86,38.7,46.7,0,49,0.93,0
R00369,2024-02-08T08:18:00.581018,ENR-006,Zone-E-Airport,energy,Windy,,,,,,,,,,,,288.69,325.61,23.4,1,63,1.01,1
R00370,2024-02-08T10:28:35.599635,ENR-005,Zone-B-Midtown,energy,Cloudy,,,,,,,,,,,,106.29,123.29,28.1,0,46,0.89,0
R00371,2024-02-08T12:43:45.147116,AQI-006,Zone-B-Midtown,air_quality,Clear,,,,,,35.6,65.7,455.5,44.7,88,Moderate,,,,,81,0.95,0
R00372,2024-02-08T15:22:16.307527,TRF-005,Zone-D-Industrial,traffic,Cloudy,141,50.9,0.36,59,0,,,,,,,,,,,26,0.92,0
R00373,2024-02-08T18:26:22.755917,TRF-006,Zone-D-Industrial,traffic,Cloudy,172,42.5,0.47,58,0,,,,,,,,,,,46,0.95,0
R00374,2024-02-08T20:22:45.940813,TRF-006,Zone-E-Airport,traffic,Rainy,118,62.9,0.34,36,0,,,,,,,,,,,43,0.93,0
R00375,2024-02-08T23:12:02.565457,ENR-007,Zone-C-Residential,energy,Foggy,,,,,,,,,,,,34.04,38.78,23.6,0,32,0.94,0
R00376,2024-02-09T01:43:14.935654,AQI-007,Zone-D-Industrial,air_quality,Cloudy,,,,,,32.4,66.9,495.7,30.2,84,Moderate,,,,,86,0.98,0
R00377,2024-02-09T04:02:02.337316,TRF-008,Zone-C-Residential,traffic,Rainy,36,50.8,0.08,14,0,,,,,,,,,,,52,0.91,0
R00378,2024-02-09T06:26:59.477349,TRF-006,Zone-C-Residential,traffic,Windy,126,58.4,0.27,28,0,,,,,,,,,,,97,0.96,0
R00379,2024-02-09T08:41:56.249198,ENR-003,Zone-C-Residential,energy,Rainy,,,,,,,,,,,,75.81,93.56,28.9,0,30,0.93,0
R00380,2024-02-09T11:37:54.163886,TRF-003,Zone-C-Residential,traffic,Foggy,136,37.5,0.3,48,0,,,,,,,,,,,49,0.96,0
R00381,2024-02-09T13:48:48.535428,ENR-005,Zone-E-Airport,energy,Foggy,,,,,,,,,,,,47.5,57.43,36.8,0,95,0.92,0
R00382,2024-02-09T16:10:02.345185,AQI-003,Zone-B-Midtown,air_quality,Rainy,,,,,,16.9,33.6,435.9,27.9,43,Good,,,,,32,1.01,0
R00383,2024-02-09T19:02:54.361478,TRF-007,Zone-E-Airport,traffic,Clear,216,34.6,0.53,80,0,,,,,,,,,,,49,0.94,0
R00384,2024-02-09T21:14:50.627470,TRF-003,Zone-B-Midtown,traffic,Windy,163,57.6,0.44,29,0,,,,,,,,,,,80,0.89,0
R00385,2024-02-10T00:26:05.487258,ENR-003,Zone-E-Airport,energy,Cloudy,,,,,,,,,,,,37.31,46.15,29.9,0,75,0.89,0
R00386,2024-02-10T02:31:24.455296,ENR-005,Zone-C-Residential,energy,Foggy,,,,,,,,,,,,36.91,44.65,19.8,0,53,0.95,0
R00387,2024-02-10T05:01:23.938466,AQI-003,Zone-C-Residential,air_quality,Rainy,,,,,,19.0,28.6,484.2,13.6,46,Good,,,,,58,0.98,0
R00388,2024-02-10T07:17:34.521407,TRF-001,Zone-E-Airport,traffic,Rainy,182,41.9,0.42,60,0,,,,,,,,,,,69,1.0,0
R00389,2024-02-10T10:19:42.336680,TRF-002,Zone-D-Industrial,traffic,Cloudy,132,41.9,0.32,28,0,,,,,,,,,,,88,0.96,0
R00390,2024-02-10T12:51:12.535284,TRF-005,Zone-A-Downtown,traffic,Foggy,91,53.1,0.3,41,0,,,,,,,,,,,26,0.96,0
R00391,2024-02-10T15:28:10.978383,TRF-002,Zone-C-Residential,traffic,Rainy,116,55.5,0.3,41,0,,,,,,,,,,,47,0.94,0
R00392,2024-02-10T17:47:58.064467,AQI-008,Zone-A-Downtown,air_quality,Rainy,,,,,,23.8,48.2,434.3,31.3,64,Moderate,,,,,29,0.93,0
R00393,2024-02-10T20:23:44.516322,TRF-007,Zone-A-Downtown,traffic,Clear,114,52.8,0.24,51,0,,,,,,,,,,,24,0.95,0
R00394,2024-02-10T22:11:57.047555,AQI-002,Zone-E-Airport,air_quality,Cloudy,,,,,,15.1,26.1,396.4,23.0,44,Good,,,,,86,0.94,0
R00395,2024-02-11T00:37:19.709444,ENR-005,Zone-B-Midtown,energy,Rainy,,,,,,,,,,,,37.67,42.71,24.7,0,75,0.94,0
R00396,2024-02-11T03:16:33.960158,TRF-004,Zone-A-Downtown,traffic,Clear,54,49.4,0.06,21,0,,,,,,,,,,,51,0.99,0
R00397,2024-02-11T05:39:27.714442,TRF-006,Zone-A-Downtown,traffic,Clear,56,65.2,0.19,20,0,,,,,,,,,,,60,1.0,0
R00398,2024-02-11T08:45:24.111084,AQI-008,Zone-B-Midtown,air_quality,Clear,,,,,,16.4,28.7,462.5,41.0,55,Moderate,,,,,76,0.92,0
R00399,2024-02-11T10:59:24.331185,ENR-006,Zone-C-Residential,energy,Foggy,,,,,,,,,,,,75.93,102.46,40.9,0,28,0.93,0
R00400,2024-02-11T13:31:52.094749,ENR-005,Zone-E-Airport,energy,Rainy,,,,,,,,,,,,88.85,117.29,18.3,0,22,0.93,0
R00401,2024-02-11T16:07:12.710326,TRF-002,Zone-E-Airport,traffic,Foggy,100,48.1,0.17,46,0,,,,,,,,,,,72,0.97,0
R00402,2024-02-11T18:38:27.254147,TRF-002,Zone-A-Downtown,traffic,Cloudy,201,37.3,0.51,65,0,,,,,,,,,,,69,0.93,0
R00403,2024-02-11T21:12:04.730478,TRF-006,Zone-B-Midtown,traffic,Windy,89,77.5,0.23,20,0,,,,,,,,,,,30,0.89,0
R00404,2024-02-11T23:28:05.012916,ENR-006,Zone-E-Airport,energy,Foggy,,,,,,,,,,,,34.76,44.67,26.7,0,87,0.96,0
R00405,2024-02-12T01:48:14.056376,AQI-002,Zone-A-Downtown,air_quality,Cloudy,,,,,,18.8,30.7,397.6,23.8,54,Moderate,,,,,42,0.91,0
R00406,2024-02-12T04:44:45.990155,AQI-006,Zone-D-Industrial,air_quality,Foggy,,,,,,24.3,39.3,512.9,34.2,65,Moderate,,,,,40,0.91,0
R00407,2024-02-12T07:26:00.671890,AQI-006,Zone-C-Residential,air_quality,Foggy,,,,,,15.7,28.3,413.8,11.5,41,Good,,,,,89,0.96,0
R00408,2024-02-12T09:55:34.128921,TRF-008,Zone-D-Industrial,traffic,Foggy,454,12.0,1.0,72,1,,,,,,,,,,,58,0.95,1
R00409,2024-02-12T11:30:23.647784,AQI-004,Zone-C-Residential,air_quality,Clear,,,,,,31.9,68.4,400.6,12.0,73,Moderate,,,,,39,0.95,0
R00410,2024-02-12T14:05:39.433659,ENR-003,Zone-B-Midtown,energy,Rainy,,,,,,,,,,,,72.33,97.16,26.4,0,31,0.91,0
R00411,2024-02-12T16:43:02.774209,TRF-006,Zone-D-Industrial,traffic,Cloudy,103,67.5,0.21,42,0,,,,,,,,,,,58,0.94,0
R00412,2024-02-12T19:02:14.537746,AQI-007,Zone-A-Downtown,air_quality,Clear,,,,,,9.7,17.5,473.3,29.6,32,Good,,,,,97,0.94,0
R00413,2024-02-12T22:25:43.151397,ENR-007,Zone-A-Downtown,energy,Rainy,,,,,,,,,,,,29.65,35.52,41.7,0,48,0.98,0
R00414,2024-02-13T00:59:50.522291,AQI-002,Zone-B-Midtown,air_quality,Foggy,,,,,,27.8,49.4,428.4,28.1,73,Moderate,,,,,26,0.93,0
R00415,2024-02-13T02:53:54.697335,ENR-003,Zone-B-Midtown,energy,Foggy,,,,,,,,,,,,32.14,40.06,26.2,0,98,0.93,0
R00416,2024-02-13T05:59:49.483561,ENR-004,Zone-A-Downtown,energy,Rainy,,,,,,,,,,,,25.91,29.2,50.3,0,72,0.93,0
R00417,2024-02-13T07:49:14.658106,ENR-001,Zone-C-Residential,energy,Cloudy,,,,,,,,,,,,140.33,180.31,40.8,0,38,0.95,0
R00418,2024-02-13T10:26:25.668327,AQI-004,Zone-B-Midtown,air_quality,Rainy,,,,,,17.5,35.3,407.4,25.6,44,Good,,,,,56,0.99,0
R00419,2024-02-13T12:30:49.439854,AQI-002,Zone-C-Residential,air_quality,Foggy,,,,,,11.5,19.0,462.9,9.0,30,Good,,,,,81,0.94,0
R00420,2024-02-13T15:37:22.951174,AQI-001,Zone-D-Industrial,air_quality,Windy,,,,,,21.9,33.8,496.1,29.7,57,Moderate,,,,,26,0.99,0
R00421,2024-02-13T17:57:53.858946,AQI-002,Zone-D-Industrial,air_quality,Rainy,,,,,,34.5,54.4,485.2,19.5,79,Moderate,,,,,49,1.01,0
R00422,2024-02-13T20:58:47.254264,ENR-002,Zone-C-Residential,energy,Foggy,,,,,,,,,,,,72.4,90.51,28.7,0,78,0.91,0
R00423,2024-02-13T22:32:23.108652,AQI-005,Zone-C-Residential,air_quality,Foggy,,,,,,13.3,21.4,404.0,32.6,47,Good,,,,,58,0.96,0
R00424,2024-02-14T01:30:04.505260,AQI-005,Zone-D-Industrial,air_quality,Clear,,,,,,50.1,108.4,504.2,34.0,118,Unhealthy for Sensitive Groups,,,,,37,0.98,0
R00425,2024-02-14T04:27:38.180496,ENR-004,Zone-D-Industrial,energy,Cloudy,,,,,,,,,,,,38.11,46.8,24.8,0,77,0.99,0
R00426,2024-02-14T06:32:32.041504,TRF-003,Zone-E-Airport,traffic,Windy,124,60.2,0.27,10,0,,,,,,,,,,,37,0.89,0
R00427,2024-02-14T09:16:12.179992,ENR-003,Zone-C-Residential,energy,Clear,,,,,,,,,,,,155.44,215.22,51.4,0,38,0.97,0
R00428,2024-02-14T11:43:37.486320,AQI-007,Zone-D-Industrial,air_quality,Rainy,,,,,,43.5,93.7,474.3,22.4,94,Moderate,,,,,36,1.0,0
R00429,2024-02-14T13:41:05.087388,AQI-005,Zone-E-Airport,air_quality,Windy,,,,,,13.2,20.0,407.6,40.3,43,Good,,,,,84,0.97,0
R00430,2024-02-14T16:50:46.097649,ENR-006,Zone-B-Midtown,energy,Foggy,,,,,,,,,,,,93.51,103.77,35.0,0,21,1.02,0
R00431,2024-02-14T18:43:21.195165,ENR-004,Zone-B-Midtown,energy,Clear,,,,,,,,,,,,94.32,130.77,32.1,0,61,0.97,0
R00432,2024-02-14T21:52:00.389659,AQI-007,Zone-D-Industrial,air_quality,Clear,,,,,,33.7,59.8,457.2,37.1,88,Moderate,,,,,87,0.94,0
R00433,2024-02-15T00:08:29.017768,AQI-001,Zone-E-Airport,air_quality,Clear,,,,,,19.1,42.0,412.2,15.0,40,Good,,,,,91,0.95,0
R00434,2024-02-15T02:23:14.632267,AQI-001,Zone-B-Midtown,air_quality,Rainy,,,,,,28.3,48.1,385.7,29.2,66,Moderate,,,,,86,0.97,0
R00435,2024-02-15T05:24:13.232328,ENR-008,Zone-A-Downtown,energy,Windy,,,,,,,,,,,,37.39,48.94,6.8,0,37,0.93,0
R00436,2024-02-15T07:01:29.683606,ENR-004,Zone-D-Industrial,energy,Clear,,,,,,,,,,,,144.01,188.3,59.9,0,35,0.92,0
R00437,2024-02-15T09:35:28.288466,AQI-006,Zone-A-Downtown,air_quality,Windy,,,,,,14.9,28.7,339.3,31.8,40,Good,,,,,41,0.98,0
R00438,2024-02-15T12:54:44.110004,ENR-003,Zone-B-Midtown,energy,Cloudy,,,,,,,,,,,,80.07,95.51,19.9,0,77,0.95,0
R00439,2024-02-15T15:23:54.750888,AQI-001,Zone-E-Airport,air_quality,Rainy,,,,,,82.9,153.2,365.5,65.2,202,Very Unhealthy,,,,,83,0.95,1
R00440,2024-02-15T17:28:32.563163,ENR-002,Zone-E-Airport,energy,Windy,,,,,,,,,,,,317.38,433.11,27.5,1,46,0.99,1
R00441,2024-02-15T19:32:56.107680,TRF-006,Zone-A-Downtown,traffic,Cloudy,137,25.6,0.31,108,0,,,,,,,,,,,26,1.02,0
R00442,2024-02-15T22:09:40.806819,TRF-003,Zone-D-Industrial,traffic,Windy,72,71.7,0.2,10,0,,,,,,,,,,,28,1.01,0
R00443,2024-02-16T01:15:30.391156,AQI-002,Zone-C-Residential,air_quality,Foggy,,,,,,15.8,29.5,397.4,9.8,40,Good,,,,,27,0.94,0
R00444,2024-02-16T03:06:33.488044,AQI-002,Zone-D-Industrial,air_quality,Windy,,,,,,34.6,66.6,497.9,20.0,83,Moderate,,,,,65,0.98,0
R00445,2024-02-16T06:25:37.579325,ENR-008,Zone-E-Airport,energy,Foggy,,,,,,,,,,,,96.69,126.91,42.4,0,44,0.96,0
R00446,2024-02-16T08:37:31.658673,TRF-004,Zone-E-Airport,traffic,Foggy,180,32.4,0.51,57,0,,,,,,,,,,,45,0.95,0
R00447,2024-02-16T11:11:24.061422,TRF-002,Zone-C-Residential,traffic,Rainy,118,56.0,0.28,27,0,,,,,,,,,,,92,0.94,0
R00448,2024-02-16T13:10:32.264718,TRF-006,Zone-D-Industrial,traffic,Foggy,115,48.0,0.24,17,0,,,,,,,,,,,88,0.9,0
R00449,2024-02-16T16:23:45.342965,ENR-007,Zone-A-Downtown,energy,Windy,,,,,,,,,,,,82.27,103.72,21.4,0,46,0.93,0
R00450,2024-02-16T18:54:58.271224,AQI-002,Zone-B-Midtown,air_quality,Rainy,,,,,,14.6,25.4,393.7,33.7,43,Good,,,,,93,0.93,0
R00451,2024-02-16T20:37:00.640697,AQI-005,Zone-C-Residential,air_quality,Clear,,,,,,14.8,23.1,440.7,18.3,37,Good,,,,,47,0.93,0
R00452,2024-02-16T23:22:27.176486,TRF-004,Zone-A-Downtown,traffic,Foggy,46,61.6,0.01,19,0,,,,,,,,,,,81,0.97,0
R00453,2024-02-17T02:13:56.787840,ENR-006,Zone-B-Midtown,energy,Clear,,,,,,,,,,,,45.12,51.43,39.3,0,24,0.9,0
R00454,2024-02-17T04:31:20.441544,TRF-001,Zone-E-Airport,traffic,Clear,52,58.6,0.12,17,0,,,,,,,,,,,22,0.9,0
R00455,2024-02-17T07:04:39.215404,TRF-004,Zone-C-Residential,traffic,Cloudy,173,42.4,0.41,64,0,,,,,,,,,,,39,0.96,0
R00456,2024-02-17T09:57:29.872996,ENR-002,Zone-B-Midtown,energy,Windy,,,,,,,,,,,,139.86,167.21,39.8,0,56,0.99,0
R00457,2024-02-17T12:04:26.698594,TRF-005,Zone-E-Airport,traffic,Rainy,126,55.8,0.33,37,0,,,,,,,,,,,69,0.98,0
R00458,2024-02-17T14:10:44.338776,ENR-008,Zone-E-Airport,energy,Rainy,,,,,,,,,,,,91.99,123.75,26.6,0,88,0.91,0
R00459,2024-02-17T16:34:42.764187,AQI-008,Zone-E-Airport,air_quality,Cloudy,,,,,,22.0,34.5,376.0,19.7,55,Moderate,,,,,80,0.99,0
R00460,2024-02-17T19:13:54.099169,TRF-005,Zone-C-Residential,traffic,Foggy,214,33.7,0.56,44,0,,,,,,,,,,,82,0.98,0
R00461,2024-02-17T21:51:05.186954,ENR-003,Zone-C-Residential,energy,Rainy,,,,,,,,,,,,89.29,101.63,44.7,0,33,0.98,0
R00462,2024-02-18T00:19:33.131022,ENR-005,Zone-E-Airport,energy,Foggy,,,,,,,,,,,,24.47,30.94,37.2,0,81,0.93,0
R00463,2024-02-18T03:18:50.096538,ENR-007,Zone-E-Airport,energy,Rainy,,,,,,,,,,,,38.87,45.51,27.9,0,93,0.94,0
R00464,2024-02-18T05:50:12.293498,TRF-008,Zone-C-Residential,traffic,Windy,38,57.9,0.04,20,0,,,,,,,,,,,96,0.95,0
R00465,2024-02-18T07:59:39.462531,ENR-002,Zone-B-Midtown,energy,Cloudy,,,,,,,,,,,,98.48,135.01,29.9,0,38,0.95,0
R00466,2024-02-18T10:39:39.173018,ENR-005,Zone-D-Industrial,energy,Windy,,,,,,,,,,,,95.13,113.68,44.3,0,92,0.96,0
R00467,2024-02-18T13:25:06.605841,AQI-006,Zone-A-Downtown,air_quality,Windy,,,,,,66.4,145.4,407.1,68.0,165,Unhealthy,,,,,27,0.92,1
R00468,2024-02-18T15:03:11.258320,AQI-006,Zone-A-Downtown,air_quality,Rainy,,,,,,25.4,42.3,411.1,15.4,58,Moderate,,,,,68,0.92,0
R00469,2024-02-18T17:42:40.377869,TRF-003,Zone-B-Midtown,traffic,Windy,206,48.0,0.47,104,0,,,,,,,,,,,36,1.04,0
R00470,2024-02-18T20:08:03.398813,TRF-001,Zone-B-Midtown,traffic,Foggy,136,54.2,0.4,60,0,,,,,,,,,,,78,0.99,0
R00471,2024-02-18T23:25:49.119645,ENR-008,Zone-E-Airport,energy,Foggy,,,,,,,,,,,,26.35,32.54,26.1,0,97,0.97,0
R00472,2024-02-19T01:00:26.747969,ENR-004,Zone-E-Airport,energy,Rainy,,,,,,,,,,,,26.67,37.16,27.3,0,92,0.92,0
R00473,2024-02-19T04:04:48.967613,AQI-002,Zone-B-Midtown,air_quality,Windy,,,,,,18.8,41.1,426.1,14.0,40,Good,,,,,86,0.96,0
R00474,2024-02-19T06:28:20.825660,AQI-002,Zone-E-Airport,air_quality,Windy,,,,,,15.8,24.3,391.1,39.4,53,Moderate,,,,,78,0.92,0
R00475,2024-02-19T09:14:01.732371,ENR-005,Zone-C-Residential,energy,Cloudy,,,,,,,,,,,,274.82,378.39,29.9,1,92,0.9,1
R00476,2024-02-19T11:15:37.595292,ENR-003,Zone-E-Airport,energy,Clear,,,,,,,,,,,,76.52,84.8,60.8,0,82,0.98,0
R00477,2024-02-19T14:21:05.202922,TRF-003,Zone-E-Airport,traffic,Rainy,137,54.3,0.42,13,0,,,,,,,,,,,39,0.91,0
R00478,2024-02-19T16:39:32.960305,ENR-003,Zone-C-Residential,energy,Cloudy,,,,,,,,,,,,97.15,116.86,11.0,0,30,0.99,0
R00479,2024-02-19T19:19:18.205564,AQI-007,Zone-D-Industrial,air_quality,Cloudy,,,,,,25.8,51.8,519.6,36.4,69,Moderate,,,,,26,0.92,0
R00480,2024-02-19T21:06:57.579712,TRF-007,Zone-D-Industrial,traffic,Rainy,80,76.4,0.16,42,0,,,,,,,,,,,69,1.0,0
R00481,2024-02-19T23:58:28.522491,TRF-007,Zone-A-Downtown,traffic,Rainy,30,59.8,0.15,13,0,,,,,,,,,,,25,0.98,0
R00482,2024-02-20T02:21:13.781140,AQI-005,Zone-C-Residential,air_quality,Rainy,,,,,,23.7,37.2,403.1,16.8,60,Moderate,,,,,50,0.95,0
R00483,2024-02-20T04:41:41.732465,TRF-003,Zone-C-Residential,traffic,Windy,232,28.7,0.58,9,1,,,,,,,,,,,77,0.97,1
R00484,2024-02-20T07:21:05.459111,AQI-005,Zone-B-Midtown,air_quality,Clear,,,,,,93.8,183.8,458.7,77.5,231,Very Unhealthy,,,,,35,0.89,1
R00485,2024-02-20T10:12:29.070381,TRF-003,Zone-D-Industrial,traffic,Windy,125,59.4,0.33,51,0,,,,,,,,,,,29,0.91,0
R00486,2024-02-20T12:16:34.980824,ENR-006,Zone-C-Residential,energy,Cloudy,,,,,,,,,,,,50.35,59.57,39.2,0,27,0.96,0
R00487,2024-02-20T14:45:29.658981,AQI-003,Zone-D-Industrial,air_quality,Clear,,,,,,37.9,61.6,482.1,19.4,86,Moderate,,,,,47,0.95,0
R00488,2024-02-20T17:36:50.278648,TRF-008,Zone-C-Residential,traffic,Clear,445,11.3,1.0,55,1,,,,,,,,,,,83,0.98,1
R00489,2024-02-20T20:25:58.417405,ENR-005,Zone-B-Midtown,energy,Rainy,,,,,,,,,,,,108.02,137.44,6.4,0,82,0.94,0
R00490,2024-02-20T22:28:41.301934,ENR-002,Zone-E-Airport,energy,Cloudy,,,,,,,,,,,,198.16,246.63,24.8,1,92,0.86,1
R00491,2024-02-21T00:50:00.382966,TRF-001,Zone-A-Downtown,traffic,Rainy,39,59.0,0.09,6,0,,,,,,,,,,,45,0.96,0
R00492,2024-02-21T03:10:35.825896,TRF-007,Zone-B-Midtown,traffic,Rainy,61,46.5,0.14,17,0,,,,,,,,,,,100,0.93,0
R00493,2024-02-21T05:32:08.513839,TRF-004,Zone-D-Industrial,traffic,Foggy,50,46.7,0.11,4,0,,,,,,,,,,,77,0.94,0
R00494,2024-02-21T08:57:59.666904,TRF-006,Zone-A-Downtown,traffic,Rainy,201,37.6,0.53,28,0,,,,,,,,,,,78,1.01,0
R00495,2024-02-21T11:02:11.621016,AQI-004,Zone-A-Downtown,air_quality,Clear,,,,,,12.1,22.3,484.9,27.6,42,Good,,,,,25,0.95,0
R00496,2024-02-21T13:00:51.714738,ENR-005,Zone-A-Downtown,energy,Foggy,,,,,,,,,,,,113.9,153.83,47.0,0,34,0.97,0
R00497,2024-02-21T15:59:49.716588,AQI-004,Zone-A-Downtown,air_quality,Cloudy,,,,,,26.6,52.5,341.1,12.7,63,Moderate,,,,,89,1.02,0
R00498,2024-02-21T18:08:14.385847,AQI-004,Zone-A-Downtown,air_quality,Windy,,,,,,23.9,48.5,429.3,29.7,59,Moderate,,,,,76,0.98,0
R00499,2024-02-21T20:44:37.120594,ENR-003,Zone-A-Downtown,energy,Windy,,,,,,,,,,,,107.54,120.9,47.2,0,20,0.96,0
R00500,2024-02-21T23:39:06.320851,AQI-007,Zone-D-Industrial,air_quality,Cloudy,,,,,,31.1,60.6,469.4,23.5,70,Moderate,,,,,98,0.94,0
R00501,2024-02-22T02:13:01.915520,ENR-002,Zone-C-Residential,energy,Rainy,,,,,,,,,,,,23.94,30.34,40.5,0,32,1.03,0
R00502,2024-02-22T04:37:08.115384,AQI-004,Zone-D-Industrial,air_quality,Cloudy,,,,,,32.9,65.1,550.2,36.1,80,Moderate,,,,,40,0.94,0
R00503,2024-02-22T07:10:12.513486,TRF-006,Zone-C-Residential,traffic,Cloudy,138,47.1,0.35,53,0,,,,,,,,,,,26,0.97,0
R00504,2024-02-22T09:47:07.771265,ENR-002,Zone-A-Downtown,energy,Cloudy,,,,,,,,,,,,119.01,152.07,26.9,0,61,0.97,0
R00505,2024-02-22T11:43:48.227648,TRF-004,Zone-A-Downtown,traffic,Cloudy,139,47.9,0.36,56,0,,,,,,,,,,,82,0.98,0
R00506,2024-02-22T14:12:58.194584,ENR-003,Zone-D-Industrial,energy,Rainy,,,,,,,,,,,,92.17,121.29,11.6,0,45,0.89,0
R00507,2024-02-22T16:50:09.208814,TRF-001,Zone-C-Residential,traffic,Cloudy,89,57.2,0.22,29,0,,,,,,,,,,,57,0.91,0
R00508,2024-02-22T19:38:16.797170,ENR-003,Zone-E-Airport,energy,Windy,,,,,,,,,,,,95.4,107.41,37.2,0,47,0.92,0
R00509,2024-02-22T22:05:29.691137,AQI-005,Zone-A-Downtown,air_quality,Foggy,,,,,,18.1,34.5,446.7,35.4,50,Good,,,,,93,0.92,0
R00510,2024-02-23T00:53:53.706460,ENR-001,Zone-A-Downtown,energy,Foggy,,,,,,,,,,,,25.58,31.16,29.7,0,32,0.93,0
R00511,2024-02-23T03:03:30.553079,TRF-007,Zone-B-Midtown,traffic,Cloudy,50,57.5,0.31,24,0,,,,,,,,,,,40,0.95,0
R00512,2024-02-23T05:42:11.896156,AQI-001,Zone-D-Industrial,air_quality,Foggy,,,,,,33.7,69.2,478.3,17.3,81,Moderate,,,,,20,0.97,0
R00513,2024-02-23T08:21:37.377544,TRF-006,Zone-E-Airport,traffic,Clear,181,26.4,0.4,40,0,,,,,,,,,,,46,0.95,0
R00514,2024-02-23T10:52:51.050093,AQI-001,Zone-E-Airport,air_quality,Rainy,,,,,,14.8,23.3,392.3,35.4,47,Good,,,,,66,0.97,0
R00515,2024-02-23T12:34:01.221291,AQI-004,Zone-B-Midtown,air_quality,Rainy,,,,,,27.1,42.8,349.7,28.2,72,Moderate,,,,,46,0.95,0
R00516,2024-02-23T15:19:13.669739,AQI-007,Zone-C-Residential,air_quality,Clear,,,,,,4.5,7.8,383.4,26.1,18,Good,,,,,80,0.94,0
R00517,2024-02-23T18:01:58.279675,TRF-006,Zone-A-Downtown,traffic,Cloudy,114,34.0,0.29,74,0,,,,,,,,,,,29,0.94,0
R00518,2024-02-23T20:06:33.713714,TRF-003,Zone-D-Industrial,traffic,Cloudy,78,53.2,0.16,78,0,,,,,,,,,,,89,0.98,0
R00519,2024-02-23T22:55:12.467903,AQI-001,Zone-C-Residential,air_quality,Cloudy,,,,,,14.2,30.0,428.1,49.1,57,Moderate,,,,,62,0.93,0
R00520,2024-02-24T01:38:45.784415,TRF-008,Zone-D-Industrial,traffic,Rainy,53,61.9,0.11,17,0,,,,,,,,,,,67,0.93,0
R00521,2024-02-24T04:28:14.606574,AQI-001,Zone-B-Midtown,air_quality,Rainy,,,,,,28.7,46.3,408.7,18.8,63,Moderate,,,,,39,0.95,0
R00522,2024-02-24T06:09:40.516968,TRF-006,Zone-E-Airport,traffic,Cloudy,106,59.9,0.25,18,0,,,,,,,,,,,64,0.97,0
R00523,2024-02-24T09:28:31.676444,ENR-002,Zone-A-Downtown,energy,Foggy,,,,,,,,,,,,153.72,204.53,51.7,0,39,0.93,0
R00524,2024-02-24T11:00:15.459501,AQI-006,Zone-C-Residential,air_quality,Foggy,,,,,,31.2,68.5,410.5,16.1,72,Moderate,,,,,63,0.9,0
R00525,2024-02-24T14:11:20.929133,AQI-001,Zone-B-Midtown,air_quality,Windy,,,,,,29.0,48.0,426.5,19.4,71,Moderate,,,,,44,0.97,0
R00526,2024-02-24T16:35:00.353190,TRF-005,Zone-B-Midtown,traffic,Clear,146,42.8,0.5,29,0,,,,,,,,,,,70,0.96,0
R00527,2024-02-24T19:06:18.280159,AQI-006,Zone-D-Industrial,air_quality,Cloudy,,,,,,34.6,62.3,496.5,26.0,82,Moderate,,,,,64,0.94,0
R00528,2024-02-24T21:33:39.718840,TRF-008,Zone-D-Industrial,traffic,Foggy,150,64.1,0.25,11,0,,,,,,,,,,,37,0.98,0
R00529,2024-02-25T00:20:07.841516,ENR-003,Zone-B-Midtown,energy,Rainy,,,,,,,,,,,,49.82,55.79,8.3,0,95,0.95,0
R00530,2024-02-25T02:24:34.058300,AQI-007,Zone-B-Midtown,air_quality,Windy,,,,,,14.6,27.7,437.2,21.6,41,Good,,,,,57,0.94,0
R00531,2024-02-25T05:19:34.493899,AQI-005,Zone-D-Industrial,air_quality,Windy,,,,,,27.2,45.1,504.4,19.4,63,Moderate,,,,,80,0.98,0
R00532,2024-02-25T07:17:15.680520,TRF-004,Zone-A-Downtown,traffic,Clear,226,19.0,0.57,42,0,,,,,,,,,,,81,0.93,0
R00533,2024-02-25T10:03:56.068523,AQI-008,Zone-A-Downtown,air_quality,Rainy,,,,,,4.2,6.8,393.6,33.2,22,Good,,,,,65,0.96,0
R00534,2024-02-25T12:09:47.911867,TRF-007,Zone-C-Residential,traffic,Clear,50,50.7,0.04,37,0,,,,,,,,,,,43,0.95,0
R00535,2024-02-25T14:40:01.689315,TRF-006,Zone-C-Residential,traffic,Rainy,79,53.3,0.18,15,0,,,,,,,,,,,21,0.92,0
R00536,2024-02-25T17:08:13.018006,TRF-008,Zone-D-Industrial,traffic,Rainy,196,40.7,0.4,59,0,,,,,,,,,,,91,0.91,0
R00537,2024-02-25T20:01:32.350169,ENR-002,Zone-D-Industrial,energy,Foggy,,,,,,,,,,,,60.32,68.46,31.3,0,64,0.95,0
R00538,2024-02-25T22:18:41.664477,ENR-008,Zone-E-Airport,energy,Windy,,,,,,,,,,,,27.12,30.07,43.2,0,35,0.96,0
R00539,2024-02-26T00:38:32.493611,TRF-003,Zone-B-Midtown,traffic,Cloudy,71,39.9,0.22,16,0,,,,,,,,,,,81,0.95,0
R00540,2024-02-26T03:45:26.402524,TRF-002,Zone-A-Downtown,traffic,Windy,22,59.2,0.1,17,0,,,,,,,,,,,21,0.95,0
R00541,2024-02-26T06:25:12.353055,TRF-004,Zone-B-Midtown,traffic,Rainy,267,35.1,0.73,36,1,,,,,,,,,,,65,0.99,1
R00542,2024-02-26T08:09:38.006410,ENR-004,Zone-E-Airport,energy,Windy,,,,,,,,,,,,149.06,187.61,14.6,0,44,0.97,0
R00543,2024-02-26T11:15:14.464336,TRF-002,Zone-B-Midtown,traffic,Windy,115,39.7,0.3,48,0,,,,,,,,,,,33,0.99,0
R00544,2024-02-26T13:10:51.054736,ENR-007,Zone-D-Industrial,energy,Cloudy,,,,,,,,,,,,56.69,67.7,39.3,0,79,0.96,0
R00545,2024-02-26T16:15:44.185246,AQI-001,Zone-A-Downtown,air_quality,Rainy,,,,,,20.8,36.8,372.8,29.4,61,Moderate,,,,,76,0.95,0
R00546,2024-02-26T18:59:05.864381,ENR-002,Zone-D-Industrial,energy,Rainy,,,,,,,,,,,,157.83,220.9,25.3,0,76,0.95,0
R00547,2024-02-26T21:01:21.584555,ENR-002,Zone-B-Midtown,energy,Foggy,,,,,,,,,,,,77.2,106.35,27.5,0,41,1.02,0
R00548,2024-02-26T23:20:19.073927,ENR-007,Zone-A-Downtown,energy,Cloudy,,,,,,,,,,,,42.6,56.13,27.2,0,94,1.0,0
R00549,2024-02-27T02:05:37.139894,AQI-007,Zone-C-Residential,air_quality,Foggy,,,,,,40.5,75.2,392.6,31.6,92,Moderate,,,,,52,0.98,0
R00550,2024-02-27T04:29:21.628975,TRF-003,Zone-A-Downtown,traffic,Clear,54,44.7,0.17,16,0,,,,,,,,,,,97,0.94,0
R00551,2024-02-27T07:07:19.080341,TRF-002,Zone-E-Airport,traffic,Foggy,156,39.6,0.46,42,0,,,,,,,,,,,63,0.95,0
R00552,2024-02-27T09:48:34.133751,ENR-001,Zone-A-Downtown,energy,Foggy,,,,,,,,,,,,151.54,205.47,37.4,0,76,0.94,0
R00553,2024-02-27T12:03:23.999582,AQI-005,Zone-B-Midtown,air_quality,Foggy,,,,,,18.5,31.8,380.9,35.9,58,Moderate,,,,,82,0.93,0
R00554,2024-02-27T14:34:19.956840,ENR-003,Zone-E-Airport,energy,Clear,,,,,,,,,,,,59.31,74.04,58.6,0,65,0.94,0
R00555,2024-02-27T17:15:59.294763,TRF-001,Zone-A-Downtown,traffic,Windy,401,5,1.0,54,1,,,,,,,,,,,100,0.94,1
R00556,2024-02-27T19:20:42.514899,ENR-006,Zone-A-Downtown,energy,Cloudy,,,,,,,,,,,,138.91,179.81,11.6,0,28,0.91,0
R00557,2024-02-27T22:22:08.183859,TRF-003,Zone-A-Downtown,traffic,Windy,24,59.9,-0.04,10,0,,,,,,,,,,,54,0.98,0
R00558,2024-02-28T00:01:20.051225,TRF-007,Zone-C-Residential,traffic,Windy,49,39.7,0.13,17,0,,,,,,,,,,,63,0.98,0
R00559,2024-02-28T02:39:59.857985,TRF-007,Zone-B-Midtown,traffic,Foggy,52,54.4,0.15,12,0,,,,,,,,,,,53,1.05,0
R00560,2024-02-28T05:24:07.298468,TRF-002,Zone-E-Airport,traffic,Clear,59,53.1,0.21,9,0,,,,,,,,,,,64,0.94,0
R00561,2024-02-28T08:17:44.346298,ENR-005,Zone-E-Airport,energy,Rainy,,,,,,,,,,,,108.08,131.93,28.3,0,99,0.91,0
R00562,2024-02-28T10:32:51.224960,AQI-003,Zone-E-Airport,air_quality,Foggy,,,,,,16.8,36.5,418.4,13.8,45,Good,,,,,88,0.97,0
R00563,2024-02-28T13:24:24.608979,AQI-001,Zone-E-Airport,air_quality,Cloudy,,,,,,3.4,5.5,446.7,37.3,24,Good,,,,,75,0.9,0
R00564,2024-02-28T15:54:40.096071,ENR-007,Zone-C-Residential,energy,Rainy,,,,,,,,,,,,106.2,124.99,21.8,0,34,0.93,0
R00565,2024-02-28T17:38:59.864092,TRF-005,Zone-D-Industrial,traffic,Foggy,120,40.4,0.33,63,0,,,,,,,,,,,37,1.0,0
R00566,2024-02-28T20:16:39.979171,ENR-001,Zone-D-Industrial,energy,Clear,,,,,,,,,,,,91.43,125.16,41.7,0,28,0.97,0
R00567,2024-02-28T23:24:02.069586,ENR-006,Zone-A-Downtown,energy,Foggy,,,,,,,,,,,,33.29,37.74,24.6,0,84,0.98,0
R00568,2024-02-29T01:49:44.333698,AQI-005,Zone-D-Industrial,air_quality,Clear,,,,,,24.0,38.1,509.3,16.6,60,Moderate,,,,,69,0.97,0
R00569,2024-02-29T04:26:07.800345,TRF-002,Zone-B-Midtown,traffic,Cloudy,29,47.9,0.09,10,0,,,,,,,,,,,67,0.93,0
R00570,2024-02-29T06:41:58.623822,TRF-007,Zone-D-Industrial,traffic,Cloudy,171,38.8,0.38,58,0,,,,,,,,,,,59,1.03,0
R00571,2024-02-29T09:06:20.933038,AQI-001,Zone-B-Midtown,air_quality,Rainy,,,,,,20.8,35.7,447.5,22.6,57,Moderate,,,,,35,0.93,0
R00572,2024-02-29T11:26:32.650072,TRF-007,Zone-C-Residential,traffic,Rainy,115,58.2,0.25,47,0,,,,,,,,,,,76,1.01,0
R00573,2024-02-29T14:07:52.869730,AQI-007,Zone-A-Downtown,air_quality,Rainy,,,,,,26.4,48.3,356.1,8.6,58,Moderate,,,,,32,0.98,0
R00574,2024-02-29T16:49:27.843117,AQI-002,Zone-C-Residential,air_quality,Foggy,,,,,,23.1,42.0,374.8,28.2,65,Moderate,,,,,43,0.95,0
R00575,2024-02-29T19:07:48.562829,AQI-003,Zone-A-Downtown,air_quality,Foggy,,,,,,14.4,22.7,456.9,25.0,46,Good,,,,,36,1.0,0
R00576,2024-02-29T21:50:49.057547,AQI-006,Zone-D-Industrial,air_quality,Foggy,,,,,,31.3,59.9,513.8,21.2,69,Moderate,,,,,73,0.97,0
R00577,2024-02-29T23:52:03.358427,ENR-007,Zone-E-Airport,energy,Cloudy,,,,,,,,,,,,194.12,249.17,31.8,1,49,1.02,1
R00578,2024-03-01T02:11:53.758330,AQI-003,Zone-A-Downtown,air_quality,Foggy,,,,,,6.1,11.7,464.7,45.3,31,Good,,,,,92,0.99,0
R00579,2024-03-01T04:56:06.571447,AQI-008,Zone-D-Industrial,air_quality,Clear,,,,,,36.6,60.1,551.8,18.9,81,Moderate,,,,,56,0.95,0
R00580,2024-03-01T07:25:52.710920,TRF-004,Zone-C-Residential,traffic,Cloudy,135,33.5,0.35,55,0,,,,,,,,,,,99,0.97,0
R00581,2024-03-01T09:57:03.516089,TRF-008,Zone-A-Downtown,traffic,Clear,264,23.6,0.63,69,0,,,,,,,,,,,69,0.94,0
R00582,2024-03-01T12:15:22.412138,TRF-001,Zone-A-Downtown,traffic,Rainy,72,45.8,0.19,22,0,,,,,,,,,,,96,0.92,0
R00583,2024-03-01T15:12:34.437476,AQI-001,Zone-C-Residential,air_quality,Windy,,,,,,15.4,27.1,448.4,37.5,53,Moderate,,,,,42,0.94,0
R00584,2024-03-01T17:15:37.049948,ENR-006,Zone-D-Industrial,energy,Cloudy,,,,,,,,,,,,119.6,140.9,19.7,0,60,0.97,0
R00585,2024-03-01T20:22:18.046413,AQI-006,Zone-D-Industrial,air_quality,Rainy,,,,,,29.1,49.0,532.9,4.9,63,Moderate,,,,,60,0.93,0
R00586,2024-03-01T22:44:12.729258,ENR-003,Zone-E-Airport,energy,Foggy,,,,,,,,,,,,35.89,41.08,30.3,0,53,0.96,0
R00587,2024-03-02T00:39:48.797845,ENR-002,Zone-D-Industrial,energy,Clear,,,,,,,,,,,,44.24,54.74,44.1,0,34,0.98,0
R00588,2024-03-02T03:07:25.155243,TRF-005,Zone-B-Midtown,traffic,Cloudy,28,60.7,0.01,13,0,,,,,,,,,,,20,0.93,0
R00589,2024-03-02T06:01:33.655464,ENR-007,Zone-A-Downtown,energy,Cloudy,,,,,,,,,,,,66.47,73.63,11.3,0,35,0.92,0
R00590,2024-03-02T08:57:04.391460,AQI-003,Zone-A-Downtown,air_quality,Clear,,,,,,24.6,49.1,378.1,26.8,61,Moderate,,,,,96,0.94,0
R00591,2024-03-02T10:32:37.849198,ENR-008,Zone-C-Residential,energy,Windy,,,,,,,,,,,,70.02,95.16,32.6,0,27,0.93,0
R00592,2024-03-02T13:44:37.679973,ENR-007,Zone-A-Downtown,energy,Foggy,,,,,,,,,,,,87.14,106.28,47.1,0,22,0.96,0
R00593,2024-03-02T16:16:46.173163,TRF-003,Zone-A-Downtown,traffic,Rainy,105,38.5,0.3,31,0,,,,,,,,,,,36,0.99,0
R00594,2024-03-02T18:21:32.559332,TRF-006,Zone-E-Airport,traffic,Cloudy,218,31.7,0.5,50,0,,,,,,,,,,,74,0.97,0
R00595,2024-03-02T20:56:02.781321,ENR-001,Zone-E-Airport,energy,Rainy,,,,,,,,,,,,59.41,77.41,20.5,0,83,0.91,0
R00596,2024-03-02T23:31:38.203360,ENR-002,Zone-C-Residential,energy,Foggy,,,,,,,,,,,,41.61,47.63,23.7,0,36,0.94,0
R00597,2024-03-03T01:44:55.152619,ENR-001,Zone-E-Airport,energy,Clear,,,,,,,,,,,,27.81,34.87,34.7,0,79,0.95,0
R00598,2024-03-03T04:39:39.078914,ENR-005,Zone-C-Residential,energy,Rainy,,,,,,,,,,,,34.17,45.18,28.2,0,79,0.96,0
R00599,2024-03-03T06:53:34.646415,TRF-005,Zone-C-Residential,traffic,Windy,137,55.5,0.29,44,0,,,,,,,,,,,43,0.92,0
R00600,2024-03-03T09:12:39.846135,TRF-005,Zone-A-Downtown,traffic,Foggy,202,36.8,0.53,82,0,,,,,,,,,,,71,1.0,0
R00601,2024-03-03T12:06:06.794784,ENR-006,Zone-D-Industrial,energy,Rainy,,,,,,,,,,,,46.85,53.43,36.7,0,44,1.0,0
R00602,2024-03-03T14:51:32.443309,TRF-003,Zone-B-Midtown,traffic,Foggy,143,45.3,0.43,53,0,,,,,,,,,,,38,0.94,0
R00603,2024-03-03T16:39:57.979775,TRF-008,Zone-D-Industrial,traffic,Foggy,321,17.9,0.81,32,1,,,,,,,,,,,70,1.0,1
R00604,2024-03-03T19:03:03.319849,TRF-007,Zone-D-Industrial,traffic,Foggy,132,31.9,0.32,85,0,,,,,,,,,,,82,0.9,0
R00605,2024-03-03T22:26:07.011434,AQI-008,Zone-B-Midtown,air_quality,Clear,,,,,,16.9,30.3,415.6,28.3,52,Moderate,,,,,73,0.96,0
R00606,2024-03-04T00:37:21.708083,ENR-008,Zone-D-Industrial,energy,Clear,,,,,,,,,,,,31.44,41.43,34.5,0,84,0.96,0
R00607,2024-03-04T02:43:10.928442,AQI-006,Zone-E-Airport,air_quality,Foggy,,,,,,14.6,31.7,465.5,32.5,45,Good,,,,,80,0.91,0
R00608,2024-03-04T05:47:59.118212,AQI-004,Zone-C-Residential,air_quality,Clear,,,,,,21.7,41.8,434.5,33.4,62,Moderate,,,,,58,0.97,0
R00609,2024-03-04T07:44:04.988060,ENR-001,Zone-C-Residential,energy,Rainy,,,,,,,,,,,,158.07,216.29,45.8,0,24,0.96,0
R00610,2024-03-04T10:06:50.289456,TRF-004,Zone-D-Industrial,traffic,Rainy,94,58.7,0.15,42,0,,,,,,,,,,,39,0.91,0
R00611,2024-03-04T13:21:12.269333,AQI-002,Zone-A-Downtown,air_quality,Foggy,,,,,,31.1,67.9,408.3,27.7,72,Moderate,,,,,91,0.91,0
R00612,2024-03-04T15:02:31.089974,TRF-002,Zone-B-Midtown,traffic,Rainy,111,65.4,0.2,39,0,,,,,,,,,,,32,0.97,0
R00613,2024-03-04T18:19:08.978818,TRF-004,Zone-D-Industrial,traffic,Foggy,215,49.3,0.54,41,0,,,,,,,,,,,41,0.95,0
R00614,2024-03-04T20:05:06.841902,ENR-007,Zone-C-Residential,energy,Cloudy,,,,,,,,,,,,85.46,99.86,19.5,0,74,0.92,0
R00615,2024-03-04T22:57:31.511030,AQI-006,Zone-A-Downtown,air_quality,Foggy,,,,,,22.2,33.5,444.9,2.5,41,Good,,,,,63,0.92,0
R00616,2024-03-05T01:09:51.568854,TRF-001,Zone-B-Midtown,traffic,Windy,79,44.3,0.14,12,0,,,,,,,,,,,57,0.92,0
R00617,2024-03-05T03:55:09.499072,AQI-005,Zone-C-Residential,air_quality,Rainy,,,,,,76.2,163.4,456.1,61.7,181,Unhealthy,,,,,89,0.92,1
R00618,2024-03-05T06:37:27.694850,ENR-008,Zone-C-Residential,energy,Foggy,,,,,,,,,,,,91.15,114.96,27.1,0,69,0.94,0
R00619,2024-03-05T08:37:33.620326,AQI-005,Zone-B-Midtown,air_quality,Clear,,,,,,5.0,8.6,397.0,37.0,23,Good,,,,,23,0.98,0
R00620,2024-03-05T11:15:31.284649,AQI-005,Zone-D-Industrial,air_quality,Windy,,,,,,21.7,33.5,470.6,35.1,60,Moderate,,,,,35,0.99,0
R00621,2024-03-05T13:37:29.099299,TRF-001,Zone-D-Industrial,traffic,Rainy,132,65.2,0.19,10,0,,,,,,,,,,,100,0.92,0
R00622,2024-03-05T16:39:55.873963,AQI-004,Zone-C-Residential,air_quality,Rainy,,,,,,20.7,40.8,373.6,22.3,50,Good,,,,,33,0.91,0
R00623,2024-03-05T18:49:40.249067,ENR-006,Zone-D-Industrial,energy,Clear,,,,,,,,,,,,99.89,112.64,49.6,0,74,0.98,0
R00624,2024-03-05T21:26:46.190713,ENR-007,Zone-E-Airport,energy,Windy,,,,,,,,,,,,70.34,85.7,29.0,0,74,0.99,0
R00625,2024-03-06T00:29:47.442392,AQI-008,Zone-D-Industrial,air_quality,Cloudy,,,,,,36.8,58.5,533.9,19.4,79,Moderate,,,,,47,0.89,0
R00626,2024-03-06T02:27:19.556546,TRF-003,Zone-E-Airport,traffic,Rainy,65,68.3,0.2,19,0,,,,,,,,,,,57,0.97,0
R00627,2024-03-06T04:52:17.282475,AQI-005,Zone-C-Residential,air_quality,Foggy,,,,,,79.2,126.7,426.6,54.8,184,Unhealthy,,,,,56,0.96,1
R00628,2024-03-06T07:29:19.657162,TRF-006,Zone-A-Downtown,traffic,Clear,261,28.9,0.62,91,0,,,,,,,,,,,80,0.92,0
R00629,2024-03-06T10:20:04.055957,AQI-003,Zone-B-Midtown,air_quality,Windy,,,,,,18.9,30.3,375.6,24.4,54,Moderate,,,,,99,0.94,0
R00630,2024-03-06T12:24:34.661978,TRF-007,Zone-C-Residential,traffic,Windy,304,15.5,0.76,46,1,,,,,,,,,,,41,0.94,1
R00631,2024-03-06T15:17:46.171613,AQI-002,Zone-E-Airport,air_quality,Clear,,,,,,8.0,15.5,411.2,23.5,31,Good,,,,,86,0.96,0
R00632,2024-03-06T17:53:48.711409,TRF-003,Zone-A-Downtown,traffic,Rainy,227,37.0,0.65,78,0,,,,,,,,,,,88,0.93,0
R00633,2024-03-06T20:06:24.677356,ENR-001,Zone-D-Industrial,energy,Clear,,,,,,,,,,,,86.87,109.31,47.0,0,68,0.95,0
R00634,2024-03-06T22:05:57.601079,TRF-003,Zone-B-Midtown,traffic,Rainy,53,69.0,0.23,15,0,,,,,,,,,,,61,0.94,0
R00635,2024-03-07T00:40:53.248224,AQI-005,Zone-D-Industrial,air_quality,Clear,,,,,,22.0,38.8,513.8,27.4,55,Moderate,,,,,50,0.94,0
R00636,2024-03-07T03:45:07.681460,ENR-008,Zone-E-Airport,energy,Windy,,,,,,,,,,,,36.12,44.77,32.3,0,72,0.96,0
R00637,2024-03-07T06:08:00.748663,AQI-001,Zone-C-Residential,air_quality,Windy,,,,,,18.8,37.1,420.9,37.7,53,Moderate,,,,,58,0.92,0
R00638,2024-03-07T08:50:46.600269,ENR-003,Zone-C-Residential,energy,Windy,,,,,,,,,,,,113.94,152.07,19.8,0,91,0.94,0
R00639,2024-03-07T10:57:06.271204,TRF-008,Zone-E-Airport,traffic,Rainy,125,58.1,0.35,34,0,,,,,,,,,,,52,0.97,0
R00640,2024-03-07T13:21:05.104513,ENR-005,Zone-A-Downtown,energy,Cloudy,,,,,,,,,,,,68.45,86.86,26.9,0,35,0.98,0
R00641,2024-03-07T16:19:49.793188,AQI-005,Zone-D-Industrial,air_quality,Cloudy,,,,,,34.8,68.8,493.1,20.7,81,Moderate,,,,,54,0.97,0
R00642,2024-03-07T18:14:45.341826,AQI-006,Zone-B-Midtown,air_quality,Foggy,,,,,,9.6,15.3,478.5,37.1,32,Good,,,,,21,0.93,0
R00643,2024-03-07T21:10:21.743055,ENR-008,Zone-D-Industrial,energy,Windy,,,,,,,,,,,,105.75,133.41,19.8,0,76,0.94,0
R00644,2024-03-07T23:48:46.012490,AQI-006,Zone-D-Industrial,air_quality,Cloudy,,,,,,21.4,44.3,515.4,24.5,55,Moderate,,,,,44,0.93,0
R00645,2024-03-08T01:31:11.214011,TRF-006,Zone-B-Midtown,traffic,Clear,50,42.2,0.06,19,0,,,,,,,,,,,66,1.03,0
R00646,2024-03-08T04:02:12.465755,ENR-004,Zone-A-Downtown,energy,Cloudy,,,,,,,,,,,,31.5,37.27,26.3,0,84,0.91,0
R00647,2024-03-08T07:09:35.418316,ENR-003,Zone-A-Downtown,energy,Windy,,,,,,,,,,,,128.93,144.34,29.2,0,49,0.99,0
R00648,2024-03-08T09:52:51.611135,AQI-005,Zone-B-Midtown,air_quality,Clear,,,,,,14.5,24.3,385.3,14.8,37,Good,,,,,26,0.94,0
R00649,2024-03-08T12:21:13.895322,TRF-007,Zone-C-Residential,traffic,Clear,92,57.0,0.24,8,0,,,,,,,,,,,48,1.01,0
R00650,2024-03-08T14:31:56.677016,TRF-007,Zone-B-Midtown,traffic,Rainy,139,53.0,0.34,36,0,,,,,,,,,,,74,0.87,0
R00651,2024-03-08T17:27:27.992458,AQI-004,Zone-B-Midtown,air_quality,Rainy,,,,,,15.5,28.5,410.4,29.8,50,Good,,,,,62,0.91,0
R00652,2024-03-08T19:50:25.827301,TRF-008,Zone-B-Midtown,traffic,Rainy,203,29.4,0.51,68,0,,,,,,,,,,,96,0.91,0
R00653,2024-03-08T22:07:31.255527,ENR-002,Zone-A-Downtown,energy,Clear,,,,,,,,,,,,24.72,33.79,38.9,0,27,0.9,0
R00654,2024-03-09T00:55:08.816836,ENR-005,Zone-E-Airport,energy,Foggy,,,,,,,,,,,,29.5,35.06,18.5,0,68,0.92,0
R00655,2024-03-09T02:54:39.988814,AQI-001,Zone-D-Industrial,air_quality,Foggy,,,,,,34.4,61.9,489.9,21.8,84,Moderate,,,,,23,0.92,0
R00656,2024-03-09T05:11:32.932743,TRF-002,Zone-E-Airport,traffic,Cloudy,51,63.4,0.17,11,0,,,,,,,,,,,99,0.98,0
R00657,2024-03-09T07:56:40.647529,TRF-001,Zone-A-Downtown,traffic,Cloudy,75,43.3,0.19,40,0,,,,,,,,,,,89,0.95,0
R00658,2024-03-09T10:18:31.227892,TRF-006,Zone-A-Downtown,traffic,Windy,103,53.5,0.24,11,0,,,,,,,,,,,26,0.95,0
R00659,2024-03-09T12:55:19.420105,TRF-004,Zone-B-Midtown,traffic,Clear,97,41.6,0.31,37,0,,,,,,,,,,,62,0.97,0
R00660,2024-03-09T15:20:08.377744,TRF-006,Zone-B-Midtown,traffic,Clear,88,55.7,0.21,40,0,,,,,,,,,,,48,0.95,0
R00661,2024-03-09T18:11:35.594007,ENR-004,Zone-B-Midtown,energy,Foggy,,,,,,,,,,,,153.24,202.59,27.4,0,46,0.9,0
R00662,2024-03-09T20:00:24.211399,TRF-006,Zone-A-Downtown,traffic,Windy,152,53.3,0.41,18,0,,,,,,,,,,,25,0.92,0
R00663,2024-03-09T23:28:31.113391,TRF-005,Zone-B-Midtown,traffic,Cloudy,45,46.1,0.08,14,0,,,,,,,,,,,22,0.96,0
R00664,2024-03-10T01:06:04.284781,AQI-003,Zone-D-Industrial,air_quality,Clear,,,,,,33.6,55.3,472.3,27.6,81,Moderate,,,,,41,1.03,0
R00665,2024-03-10T04:29:51.701691,AQI-002,Zone-A-Downtown,air_quality,Cloudy,,,,,,10.1,16.1,433.7,36.5,38,Good,,,,,60,0.88,0
R00666,2024-03-10T06:14:40.378700,TRF-004,Zone-E-Airport,traffic,Rainy,71,53.4,0.19,48,0,,,,,,,,,,,85,0.89,0
R00667,2024-03-10T09:28:06.183507,AQI-004,Zone-A-Downtown,air_quality,Foggy,,,,,,14.4,25.5,408.0,37.3,47,Good,,,,,83,0.92,0
R00668,2024-03-10T11:31:08.012518,TRF-006,Zone-E-Airport,traffic,Foggy,96,55.3,0.15,59,0,,,,,,,,,,,94,0.94,0
R00669,2024-03-10T14:23:41.584650,ENR-004,Zone-D-Industrial,energy,Cloudy,,,,,,,,,,,,73.99,101.12,8.9,0,67,0.92,0
R00670,2024-03-10T16:15:16.305271,TRF-002,Zone-C-Residential,traffic,Foggy,121,57.9,0.26,38,0,,,,,,,,,,,77,0.92,0
R00671,2024-03-10T19:18:16.216075,TRF-007,Zone-A-Downtown,traffic,Cloudy,189,36.4,0.49,75,0,,,,,,,,,,,84,0.94,0
R00672,2024-03-10T21:30:46.047562,ENR-005,Zone-B-Midtown,energy,Clear,,,,,,,,,,,,68.95,82.75,54.7,0,62,0.95,0
R00673,2024-03-11T00:16:06.538275,AQI-004,Zone-E-Airport,air_quality,Cloudy,,,,,,31.2,63.2,415.8,3.0,58,Moderate,,,,,58,0.94,0
R00674,2024-03-11T02:59:48.632407,AQI-001,Zone-D-Industrial,air_quality,Windy,,,,,,35.2,76.2,514.3,19.6,78,Moderate,,,,,80,0.95,0
R00675,2024-03-11T05:03:09.414912,ENR-008,Zone-C-Residential,energy,Clear,,,,,,,,,,,,44.58,51.55,47.0,0,46,0.9,0
R00676,2024-03-11T07:26:19.250884,AQI-001,Zone-C-Residential,air_quality,Cloudy,,,,,,31.3,47.2,471.9,32.0,78,Moderate,,,,,48,0.9,0
R00677,2024-03-11T09:55:08.930337,AQI-007,Zone-E-Airport,air_quality,Rainy,,,,,,31.9,68.4,427.7,39.0,83,Moderate,,,,,92,1.01,0
R00678,2024-03-11T12:37:47.421505,ENR-007,Zone-D-Industrial,energy,Cloudy,,,,,,,,,,,,103.21,128.23,33.9,0,62,0.92,0
R00679,2024-03-11T15:23:41.077662,TRF-002,Zone-E-Airport,traffic,Cloudy,306,20.7,0.71,42,1,,,,,,,,,,,69,0.96,1
R00680,2024-03-11T17:17:01.743434,TRF-002,Zone-D-Industrial,traffic,Clear,219,37.1,0.59,47,0,,,,,,,,,,,34,0.97,0
R00681,2024-03-11T20:14:35.313916,ENR-004,Zone-B-Midtown,energy,Cloudy,,,,,,,,,,,,100.1,134.67,27.0,0,93,0.93,0
R00682,2024-03-11T22:56:20.955317,ENR-008,Zone-C-Residential,energy,Cloudy,,,,,,,,,,,,185.82,226.66,32.8,1,51,0.88,1
R00683,2024-03-12T01:22:45.261809,ENR-001,Zone-A-Downtown,energy,Rainy,,,,,,,,,,,,31.16,42.87,19.0,0,58,1.0,0
R00684,2024-03-12T03:23:27.925324,AQI-003,Zone-D-Industrial,air_quality,Cloudy,,,,,,21.7,38.4,478.5,16.6,47,Good,,,,,70,0.91,0
R00685,2024-03-12T06:11:55.121125,TRF-003,Zone-C-Residential,traffic,Windy,160,47.2,0.39,29,0,,,,,,,,,,,83,0.91,0
R00686,2024-03-12T08:07:16.430248,ENR-002,Zone-E-Airport,energy,Rainy,,,,,,,,,,,,154.39,177.46,30.8,0,23,0.96,0
R00687,2024-03-12T10:34:23.503771,AQI-008,Zone-D-Industrial,air_quality,Rainy,,,,,,33.0,49.7,476.3,41.8,86,Moderate,,,,,79,0.99,0
R00688,2024-03-12T13:29:05.133254,TRF-004,Zone-D-Industrial,traffic,Cloudy,116,60.8,0.33,22,0,,,,,,,,,,,42,0.94,0
R00689,2024-03-12T15:53:27.058208,TRF-001,Zone-C-Residential,traffic,Cloudy,155,61.9,0.46,54,0,,,,,,,,,,,76,0.93,0
R00690,2024-03-12T18:41:48.272509,AQI-002,Zone-D-Industrial,air_quality,Rainy,,,,,,25.9,45.7,494.5,27.3,63,Moderate,,,,,45,0.97,0
R00691,2024-03-12T20:35:28.991148,ENR-001,Zone-C-Residential,energy,Cloudy,,,,,,,,,,,,131.58,148.55,39.8,0,41,0.95,0
R00692,2024-03-12T23:30:45.000362,AQI-006,Zone-E-Airport,air_quality,Cloudy,,,,,,15.6,33.6,394.9,31.5,44,Good,,,,,47,0.97,0
R00693,2024-03-13T01:30:53.980460,ENR-001,Zone-D-Industrial,energy,Cloudy,,,,,,,,,,,,38.36,42.96,35.8,0,67,0.91,0
R00694,2024-03-13T04:02:38.180194,AQI-007,Zone-C-Residential,air_quality,Windy,,,,,,30.6,62.8,417.2,36.5,78,Moderate,,,,,32,0.93,0
R00695,2024-03-13T07:05:59.521723,AQI-007,Zone-B-Midtown,air_quality,Rainy,,,,,,18.9,41.3,374.4,23.1,44,Good,,,,,97,0.94,0
R00696,2024-03-13T09:54:43.571718,ENR-004,Zone-E-Airport,energy,Windy,,,,,,,,,,,,133.69,177.5,30.2,0,35,0.93,0
R00697,2024-03-13T12:15:26.084677,ENR-001,Zone-B-Midtown,energy,Rainy,,,,,,,,,,,,115.52,134.07,19.8,0,50,0.98,0
R00698,2024-03-13T14:55:24.272902,ENR-008,Zone-C-Residential,energy,Cloudy,,,,,,,,,,,,64.04,80.45,16.7,0,73,0.94,0
R00699,2024-03-13T16:31:25.295996,AQI-006,Zone-C-Residential,air_quality,Cloudy,,,,,,12.7,19.5,497.8,10.2,35,Good,,,,,48,0.93,0
R00700,2024-03-13T19:19:17.893168,ENR-001,Zone-A-Downtown,energy,Foggy,,,,,,,,,,,,109.03,126.23,26.3,0,46,0.94,0
R00701,2024-03-13T21:37:32.019599,TRF-004,Zone-B-Midtown,traffic,Windy,115,46.5,0.28,28,0,,,,,,,,,,,42,0.93,0
R00702,2024-03-14T00:34:35.118590,AQI-004,Zone-C-Residential,air_quality,Foggy,,,,,,13.8,30.1,405.4,28.6,43,Good,,,,,74,0.9,0
R00703,2024-03-14T03:15:37.168072,AQI-008,Zone-A-Downtown,air_quality,Foggy,,,,,,17.6,27.4,441.1,20.3,48,Good,,,,,39,0.93,0
R00704,2024-03-14T05:22:49.620854,TRF-005,Zone-D-Industrial,traffic,Windy,45,59.9,0.12,12,0,,,,,,,,,,,44,0.95,0
R00705,2024-03-14T07:30:15.049982,AQI-006,Zone-D-Industrial,air_quality,Foggy,,,,,,47.8,84.2,470.8,10.7,104,Unhealthy for Sensitive Groups,,,,,29,0.95,0
R00706,2024-03-14T10:24:31.635306,TRF-002,Zone-D-Industrial,traffic,Windy,126,30.0,0.33,15,0,,,,,,,,,,,64,0.92,0
R00707,2024-03-14T13:11:18.561823,AQI-007,Zone-D-Industrial,air_quality,Cloudy,,,,,,27.4,41.8,516.4,12.0,65,Moderate,,,,,23,0.94,0
R00708,2024-03-14T15:15:40.790514,ENR-003,Zone-C-Residential,energy,Cloudy,,,,,,,,,,,,57.76,80.03,30.9,0,31,0.95,0
R00709,2024-03-14T18:08:39.830607,AQI-007,Zone-E-Airport,air_quality,Clear,,,,,,21.1,43.9,449.2,24.8,57,Moderate,,,,,68,0.98,0
R00710,2024-03-14T20:35:09.887176,AQI-002,Zone-A-Downtown,air_quality,Windy,,,,,,15.5,31.4,433.8,34.1,47,Good,,,,,20,0.94,0
R00711,2024-03-14T23:29:13.291775,AQI-001,Zone-A-Downtown,air_quality,Clear,,,,,,10.8,18.4,435.4,19.3,28,Good,,,,,37,0.96,0
R00712,2024-03-15T01:11:52.873904,TRF-002,Zone-D-Industrial,traffic,Windy,49,58.2,0.16,25,0,,,,,,,,,,,53,1.01,0
R00713,2024-03-15T03:56:26.629619,AQI-002,Zone-B-Midtown,air_quality,Clear,,,,,,16.3,28.8,415.4,34.0,53,Moderate,,,,,50,0.91,0
R00714,2024-03-15T06:06:02.912911,TRF-001,Zone-E-Airport,traffic,Clear,126,53.8,0.31,4,0,,,,,,,,,,,54,0.9,0
R00715,2024-03-15T09:25:55.662171,ENR-006,Zone-E-Airport,energy,Foggy,,,,,,,,,,,,116.08,138.67,21.7,0,50,0.99,0
R00716,2024-03-15T11:22:42.368514,TRF-006,Zone-C-Residential,traffic,Clear,303,32.0,0.72,57,1,,,,,,,,,,,23,0.89,1
R00717,2024-03-15T14:06:06.873035,AQI-005,Zone-B-Midtown,air_quality,Rainy,,,,,,11.7,21.8,364.2,24.6,40,Good,,,,,61,0.95,0
R00718,2024-03-15T16:00:59.869095,ENR-001,Zone-C-Residential,energy,Foggy,,,,,,,,,,,,52.36,70.07,31.6,0,64,0.89,0
R00719,2024-03-15T19:25:51.040215,AQI-002,Zone-D-Industrial,air_quality,Rainy,,,,,,36.1,72.1,541.9,10.1,80,Moderate,,,,,24,0.99,0
R00720,2024-03-15T21:18:04.853898,ENR-008,Zone-B-Midtown,energy,Foggy,,,,,,,,,,,,110.7,137.78,22.8,0,41,0.94,0
R00721,2024-03-16T00:15:11.709075,ENR-002,Zone-A-Downtown,energy,Foggy,,,,,,,,,,,,52.09,62.4,34.2,0,69,0.95,0
R00722,2024-03-16T02:15:27.462754,ENR-002,Zone-B-Midtown,energy,Windy,,,,,,,,,,,,28.38,35.41,32.5,0,48,0.92,0
R00723,2024-03-16T05:25:54.407839,AQI-002,Zone-C-Residential,air_quality,Foggy,,,,,,17.4,34.1,371.8,30.7,51,Moderate,,,,,49,0.87,0
R00724,2024-03-16T07:13:24.783008,TRF-002,Zone-A-Downtown,traffic,Clear,155,34.3,0.45,49,0,,,,,,,,,,,36,1.0,0
R00725,2024-03-16T10:04:36.900630,TRF-001,Zone-E-Airport,traffic,Windy,60,47.0,0.18,43,0,,,,,,,,,,,36,0.9,0
R00726,2024-03-16T12:31:11.104976,ENR-004,Zone-A-Downtown,energy,Foggy,,,,,,,,,,,,245.45,330.09,23.0,1,57,0.97,1
R00727,2024-03-16T14:57:20.824310,ENR-003,Zone-A-Downtown,energy,Windy,,,,,,,,,,,,64.9,81.17,27.0,0,93,0.93,0
R00728,2024-03-16T17:28:41.817889,AQI-008,Zone-C-Residential,air_quality,Foggy,,,,,,19.7,39.4,404.0,38.5,56,Moderate,,,,,26,0.89,0
R00729,2024-03-16T20:25:23.368278,AQI-008,Zone-D-Industrial,air_quality,Rainy,,,,,,19.6,43.0,450.9,16.3,52,Moderate,,,,,80,0.94,0
R00730,2024-03-16T22:59:25.131480,AQI-007,Zone-A-Downtown,air_quality,Windy,,,,,,14.3,28.5,486.5,20.7,38,Good,,,,,94,0.95,0
R00731,2024-03-17T01:21:57.079554,TRF-005,Zone-D-Industrial,traffic,Cloudy,35,59.1,0.11,13,0,,,,,,,,,,,45,0.95,0
R00732,2024-03-17T03:43:33.447042,ENR-003,Zone-D-Industrial,energy,Foggy,,,,,,,,,,,,32.92,37.87,38.8,0,80,0.96,0
R00733,2024-03-17T05:40:46.678366,TRF-006,Zone-E-Airport,traffic,Foggy,39,47.7,0.13,16,0,,,,,,,,,,,82,0.94,0
R00734,2024-03-17T08:10:20.953211,AQI-002,Zone-D-Industrial,air_quality,Foggy,,,,,,38.2,74.8,489.8,28.7,86,Moderate,,,,,35,0.91,0
R00735,2024-03-17T11:00:35.094592,TRF-008,Zone-C-Residential,traffic,Clear,123,59.8,0.36,30,0,,,,,,,,,,,93,0.92,0
R00736,2024-03-17T13:07:30.851175,TRF-003,Zone-D-Industrial,traffic,Clear,141,39.1,0.33,38,0,,,,,,,,,,,94,0.9,0
R00737,2024-03-17T16:09:06.122381,AQI-004,Zone-A-Downtown,air_quality,Cloudy,,,,,,14.4,28.6,452.6,25.4,41,Good,,,,,35,0.99,0
R00738,2024-03-17T18:39:09.505801,TRF-005,Zone-A-Downtown,traffic,Clear,194,30.3,0.48,37,0,,,,,,,,,,,20,0.94,0
R00739,2024-03-17T20:44:54.013505,TRF-005,Zone-E-Airport,traffic,Foggy,94,55.5,0.38,12,0,,,,,,,,,,,97,0.93,0
R00740,2024-03-17T23:05:56.432873,AQI-004,Zone-A-Downtown,air_quality,Cloudy,,,,,,16.7,35.1,423.5,30.2,51,Moderate,,,,,47,0.93,0
R00741,2024-03-18T02:13:44.775856,ENR-005,Zone-C-Residential,energy,Foggy,,,,,,,,,,,,30.48,35.02,6.8,0,74,0.97,0
R00742,2024-03-18T04:56:24.717581,TRF-004,Zone-A-Downtown,traffic,Rainy,45,48.8,0.06,22,0,,,,,,,,,,,85,0.93,0
R00743,2024-03-18T06:39:12.569076,AQI-007,Zone-D-Industrial,air_quality,Clear,,,,,,22.9,38.3,495.3,37.2,69,Moderate,,,,,90,0.93,0
R00744,2024-03-18T09:05:20.306969,AQI-005,Zone-B-Midtown,air_quality,Cloudy,,,,,,22.0,34.5,441.1,24.1,52,Moderate,,,,,35,0.97,0
R00745,2024-03-18T11:48:23.578393,AQI-008,Zone-A-Downtown,air_quality,Windy,,,,,,29.5,56.1,415.2,32.8,71,Moderate,,,,,26,0.98,0
R00746,2024-03-18T14:23:22.427991,TRF-007,Zone-D-Industrial,traffic,Windy,183,67.0,0.46,44,0,,,,,,,,,,,68,0.96,0
R00747,2024-03-18T17:04:03.218790,TRF-006,Zone-B-Midtown,traffic,Windy,133,38.5,0.3,80,0,,,,,,,,,,,56,0.94,0
R00748,2024-03-18T19:56:30.037234,AQI-004,Zone-C-Residential,air_quality,Clear,,,,,,26.3,46.9,415.0,29.0,63,Moderate,,,,,29,0.94,0
R00749,2024-03-18T21:39:54.407252,TRF-005,Zone-E-Airport,traffic,Foggy,48,79.3,0.13,24,0,,,,,,,,,,,37,0.89,0
R00750,2024-03-19T00:28:46.761411,ENR-002,Zone-D-Industrial,energy,Clear,,,,,,,,,,,,45.22,59.43,36.2,0,88,0.95,0
R00751,2024-03-19T03:14:20.339346,AQI-001,Zone-E-Airport,air_quality,Foggy,,,,,,12.0,23.7,446.9,16.8,30,Good,,,,,42,1.0,0
R00752,2024-03-19T05:30:49.264142,AQI-007,Zone-D-Industrial,air_quality,Foggy,,,,,,35.0,76.3,476.3,37.8,91,Moderate,,,,,35,0.94,0
R00753,2024-03-19T07:45:53.102836,TRF-007,Zone-B-Midtown,traffic,Rainy,230,44.4,0.56,101,0,,,,,,,,,,,99,0.91,0
R00754,2024-03-19T10:50:54.066409,TRF-001,Zone-E-Airport,traffic,Foggy,118,55.8,0.32,33,0,,,,,,,,,,,65,0.98,0
R00755,2024-03-19T12:41:51.159962,ENR-003,Zone-D-Industrial,energy,Clear,,,,,,,,,,,,86.18,94.98,45.9,0,80,0.93,0
R00756,2024-03-19T15:23:43.291774,TRF-007,Zone-B-Midtown,traffic,Windy,145,61.8,0.38,32,0,,,,,,,,,,,65,0.95,0
R00757,2024-03-19T18:23:00.874556,AQI-002,Zone-B-Midtown,air_quality,Rainy,,,,,,77.1,136.9,417.5,43.5,172,Unhealthy,,,,,45,1.02,1
R00758,2024-03-19T20:58:58.543330,TRF-008,Zone-E-Airport,traffic,Foggy,95,53.0,0.19,42,0,,,,,,,,,,,84,0.89,0
R00759,2024-03-19T23:13:33.580404,AQI-007,Zone-B-Midtown,air_quality,Clear,,,,,,19.1,33.3,405.0,40.1,53,Moderate,,,,,63,0.95,0
R00760,2024-03-20T01:25:46.794184,ENR-001,Zone-D-Industrial,energy,Foggy,,,,,,,,,,,,20.52,24.1,31.5,0,39,0.95,0
R00761,2024-03-20T03:46:52.099808,TRF-005,Zone-B-Midtown,traffic,Foggy,40,50.1,0.01,13,0,,,,,,,,,,,43,0.92,0
R00762,2024-03-20T06:11:19.208386,AQI-003,Zone-B-Midtown,air_quality,Clear,,,,,,41.7,89.7,441.8,12.6,85,Moderate,,,,,26,0.97,0
R00763,2024-03-20T08:52:49.269537,ENR-004,Zone-B-Midtown,energy,Rainy,,,,,,,,,,,,156.84,174.95,34.0,0,34,0.95,0
R00764,2024-03-20T11:21:03.688250,ENR-006,Zone-A-Downtown,energy,Cloudy,,,,,,,,,,,,251.11,280.15,29.8,1,80,0.93,1
R00765,2024-03-20T13:46:48.573673,ENR-007,Zone-B-Midtown,energy,Rainy,,,,,,,,,,,,73.85,83.38,36.4,0,21,0.93,0
R00766,2024-03-20T16:07:49.109112,ENR-006,Zone-E-Airport,energy,Windy,,,,,,,,,,,,53.69,62.9,27.8,0,31,0.99,0
R00767,2024-03-20T19:23:13.897679,TRF-002,Zone-A-Downtown,traffic,Windy,241,28.5,0.62,82,0,,,,,,,,,,,32,0.98,0
R00768,2024-03-20T21:20:34.432688,AQI-004,Zone-E-Airport,air_quality,Cloudy,,,,,,82.6,135.0,398.3,62.6,199,Unhealthy,,,,,64,0.98,1
R00769,2024-03-21T00:13:02.373148,AQI-002,Zone-D-Industrial,air_quality,Foggy,,,,,,22.6,49.0,504.6,19.2,53,Moderate,,,,,36,0.93,0
R00770,2024-03-21T02:03:38.856207,AQI-004,Zone-D-Industrial,air_quality,Foggy,,,,,,47.4,100.0,517.8,23.9,109,Unhealthy for Sensitive Groups,,,,,69,0.92,0
R00771,2024-03-21T05:06:25.986166,TRF-001,Zone-B-Midtown,traffic,Windy,43,48.2,0.01,17,0,,,,,,,,,,,87,0.92,0
R00772,2024-03-21T07:15:31.804623,AQI-005,Zone-C-Residential,air_quality,Windy,,,,,,19.6,33.4,456.6,9.7,43,Good,,,,,37,0.89,0
R00773,2024-03-21T09:46:13.565480,AQI-004,Zone-B-Midtown,air_quality,Windy,,,,,,11.3,24.6,385.9,14.1,32,Good,,,,,53,1.01,0
R00774,2024-03-21T12:43:19.486527,ENR-005,Zone-C-Residential,energy,Clear,,,,,,,,,,,,103.71,136.81,45.6,0,55,0.99,0
R00775,2024-03-21T15:02:14.599301,AQI-002,Zone-D-Industrial,air_quality,Rainy,,,,,,47.1,91.6,447.5,19.2,101,Unhealthy for Sensitive Groups,,,,,61,0.95,0
R00776,2024-03-21T17:48:27.838660,AQI-003,Zone-D-Industrial,air_quality,Cloudy,,,,,,38.5,69.4,520.4,34.2,96,Moderate,,,,,43,0.9,0
R00777,2024-03-21T19:40:33.997988,ENR-003,Zone-C-Residential,energy,Clear,,,,,,,,,,,,141.42,193.12,51.3,0,44,0.91,0
R00778,2024-03-21T22:04:10.034831,TRF-004,Zone-D-Industrial,traffic,Foggy,28,52.3,0.09,8,0,,,,,,,,,,,68,0.94,0
R00779,2024-03-22T00:30:48.787418,AQI-001,Zone-B-Midtown,air_quality,Cloudy,,,,,,20.6,34.8,457.6,19.9,46,Good,,,,,33,0.9,0
R00780,2024-03-22T03:51:09.792769,TRF-003,Zone-D-Industrial,traffic,Windy,42,58.4,0.07,11,0,,,,,,,,,,,89,0.95,0
R00781,2024-03-22T06:11:31.348313,ENR-002,Zone-A-Downtown,energy,Clear,,,,,,,,,,,,78.07,105.47,56.5,0,38,0.97,0
R00782,2024-03-22T08:13:36.030508,ENR-006,Zone-C-Residential,energy,Cloudy,,,,,,,,,,,,127.66,166.64,23.9,0,34,0.91,0
R00783,2024-03-22T10:59:30.554070,AQI-004,Zone-A-Downtown,air_quality,Rainy,,,,,,15.0,32.2,410.0,43.6,55,Moderate,,,,,39,0.92,0
R00784,2024-03-22T13:10:41.043996,ENR-003,Zone-D-Industrial,energy,Cloudy,,,,,,,,,,,,74.23,88.04,17.1,0,33,0.95,0
R00785,2024-03-22T15:52:08.804995,TRF-002,Zone-A-Downtown,traffic,Cloudy,154,58.4,0.41,14,0,,,,,,,,,,,81,0.97,0
R00786,2024-03-22T18:48:52.739140,TRF-007,Zone-C-Residential,traffic,Cloudy,208,36.5,0.49,73,0,,,,,,,,,,,74,0.87,0
R00787,2024-03-22T21:06:06.275216,ENR-003,Zone-B-Midtown,energy,Foggy,,,,,,,,,,,,91.3,114.05,17.9,0,49,0.94,0
R00788,2024-03-22T23:23:04.658112,ENR-007,Zone-E-Airport,energy,Windy,,,,,,,,,,,,36.11,40.67,23.5,0,66,1.05,0
R00789,2024-03-23T01:31:01.756746,ENR-003,Zone-A-Downtown,energy,Clear,,,,,,,,,,,,34.46,41.64,55.1,0,37,0.91,0
R00790,2024-03-23T04:17:40.910237,TRF-007,Zone-B-Midtown,traffic,Cloudy,54,56.9,0.21,13,0,,,,,,,,,,,68,0.95,0
R00791,2024-03-23T06:55:28.951470,TRF-002,Zone-E-Airport,traffic,Clear,73,50.1,0.17,44,0,,,,,,,,,,,51,0.96,0
R00792,2024-03-23T09:04:37.435068,ENR-007,Zone-B-Midtown,energy,Cloudy,,,,,,,,,,,,150.89,208.93,39.4,0,80,0.93,0
R00793,2024-03-23T12:16:53.028868,AQI-005,Zone-A-Downtown,air_quality,Cloudy,,,,,,21.8,42.5,405.3,21.2,51,Moderate,,,,,21,0.92,0
R00794,2024-03-23T14:56:53.671067,ENR-005,Zone-E-Airport,energy,Windy,,,,,,,,,,,,97.72,114.16,37.2,0,31,0.94,0
R00795,2024-03-23T17:01:17.403761,AQI-003,Zone-B-Midtown,air_quality,Foggy,,,,,,19.0,38.4,438.8,7.1,43,Good,,,,,81,0.93,0
R00796,2024-03-23T19:18:47.482777,ENR-007,Zone-B-Midtown,energy,Clear,,,,,,,,,,,,115.56,130.87,39.8,0,29,0.92,0
R00797,2024-03-23T21:50:07.697976,TRF-003,Zone-E-Airport,traffic,Clear,159,41.2,0.35,33,0,,,,,,,,,,,24,0.99,0
R00798,2024-03-24T00:14:25.206553,TRF-001,Zone-E-Airport,traffic,Foggy,236,47.0,0.64,16,1,,,,,,,,,,,56,0.98,1
R00799,2024-03-24T02:48:52.100793,ENR-006,Zone-B-Midtown,energy,Clear,,,,,,,,,,,,31.58,43.23,33.2,0,39,0.95,0
R00800,2024-03-24T05:01:25.267118,AQI-008,Zone-E-Airport,air_quality,Clear,,,,,,23.2,49.2,447.3,38.3,63,Moderate,,,,,38,0.98,0
R00801,2024-03-24T08:16:07.772575,TRF-006,Zone-D-Industrial,traffic,Cloudy,123,46.8,0.21,79,0,,,,,,,,,,,69,0.96,0
R00802,2024-03-24T10:36:24.757360,AQI-008,Zone-A-Downtown,air_quality,Clear,,,,,,45.2,95.3,344.4,17.3,95,Moderate,,,,,83,0.97,0
R00803,2024-03-24T13:26:02.601497,TRF-005,Zone-E-Airport,traffic,Rainy,134,69.2,0.37,-2,0,,,,,,,,,,,52,0.97,0
R00804,2024-03-24T15:45:47.326931,ENR-003,Zone-A-Downtown,energy,Windy,,,,,,,,,,,,74.25,90.79,36.2,0,99,0.96,0
R00805,2024-03-24T17:52:00.236157,AQI-006,Zone-C-Residential,air_quality,Clear,,,,,,15.9,29.5,415.1,45.3,59,Moderate,,,,,25,0.92,0
R00806,2024-03-24T20:44:27.753217,TRF-001,Zone-B-Midtown,traffic,Clear,90,60.5,0.27,53,0,,,,,,,,,,,79,0.96,0
R00807,2024-03-24T23:10:08.942022,TRF-008,Zone-E-Airport,traffic,Foggy,50,59.3,0.17,14,0,,,,,,,,,,,75,0.96,0
R00808,2024-03-25T01:19:02.225504,AQI-008,Zone-B-Midtown,air_quality,Foggy,,,,,,24.8,45.1,349.8,18.2,55,Moderate,,,,,47,0.95,0
R00809,2024-03-25T04:06:03.878688,ENR-006,Zone-D-Industrial,energy,Foggy,,,,,,,,,,,,35.83,41.69,46.7,0,74,0.96,0
R00810,2024-03-25T06:16:11.453197,ENR-002,Zone-B-Midtown,energy,Clear,,,,,,,,,,,,120.45,148.81,55.0,0,73,0.91,0
R00811,2024-03-25T08:45:34.010013,AQI-002,Zone-D-Industrial,air_quality,Rainy,,,,,,26.2,44.7,522.7,47.6,78,Moderate,,,,,80,0.9,0
R00812,2024-03-25T11:57:56.123402,ENR-007,Zone-A-Downtown,energy,Windy,,,,,,,,,,,,77.25,98.81,43.1,0,98,0.97,0
R00813,2024-03-25T13:38:40.622062,ENR-006,Zone-A-Downtown,energy,Cloudy,,,,,,,,,,,,106.52,127.28,25.2,0,72,0.95,0
R00814,2024-03-25T16:59:17.658982,AQI-003,Zone-D-Industrial,air_quality,Windy,,,,,,40.8,67.4,531.1,23.6,96,Moderate,,,,,41,0.93,0
R00815,2024-03-25T18:42:35.147086,TRF-001,Zone-C-Residential,traffic,Rainy,361,12.9,0.87,83,1,,,,,,,,,,,78,0.92,1
R00816,2024-03-25T21:24:50.593415,ENR-007,Zone-E-Airport,energy,Rainy,,,,,,,,,,,,94.51,108.98,39.4,0,96,0.97,0
R00817,2024-03-25T23:47:06.100566,ENR-007,Zone-C-Residential,energy,Windy,,,,,,,,,,,,41.3,56.65,33.5,0,33,0.96,0
R00818,2024-03-26T02:05:22.696584,TRF-007,Zone-A-Downtown,traffic,Foggy,37,46.2,0.05,10,0,,,,,,,,,,,24,0.92,0
R00819,2024-03-26T04:42:42.736055,AQI-007,Zone-A-Downtown,air_quality,Cloudy,,,,,,4.4,9.5,388.5,39.3,30,Good,,,,,72,0.99,0
R00820,2024-03-26T07:47:04.686610,ENR-006,Zone-B-Midtown,energy,Windy,,,,,,,,,,,,103.91,141.72,28.3,0,73,1.01,0
R00821,2024-03-26T10:10:23.882923,TRF-007,Zone-A-Downtown,traffic,Clear,334,6.4,0.75,37,1,,,,,,,,,,,60,0.91,1
R00822,2024-03-26T12:59:34.184849,TRF-007,Zone-B-Midtown,traffic,Windy,185,63.5,0.38,33,0,,,,,,,,,,,69,0.94,0
R00823,2024-03-26T15:28:38.480285,TRF-006,Zone-E-Airport,traffic,Cloudy,163,65.5,0.34,39,0,,,,,,,,,,,70,0.97,0
R00824,2024-03-26T17:15:36.828442,ENR-006,Zone-B-Midtown,energy,Clear,,,,,,,,,,,,92.35,113.7,35.7,0,23,0.92,0
R00825,2024-03-26T20:07:05.158713,ENR-002,Zone-E-Airport,energy,Foggy,,,,,,,,,,,,229.31,295.89,1.5,1,65,0.97,1
R00826,2024-03-26T22:13:18.318805,TRF-004,Zone-D-Industrial,traffic,Rainy,64,51.3,0.28,10,0,,,,,,,,,,,94,0.92,0
R00827,2024-03-27T01:22:00.980567,TRF-002,Zone-A-Downtown,traffic,Cloudy,52,52.3,0.08,16,0,,,,,,,,,,,46,0.92,0
R00828,2024-03-27T03:01:19.045086,TRF-002,Zone-B-Midtown,traffic,Foggy,56,46.5,0.24,17,0,,,,,,,,,,,21,0.93,0
R00829,2024-03-27T06:24:13.097414,ENR-001,Zone-A-Downtown,energy,Rainy,,,,,,,,,,,,57.54,72.73,31.4,0,40,0.93,0
R00830,2024-03-27T08:07:17.736999,ENR-001,Zone-E-Airport,energy,Windy,,,,,,,,,,,,124.37,144.88,15.9,0,23,1.0,0
R00831,2024-03-27T10:49:39.143021,TRF-003,Zone-C-Residential,traffic,Rainy,146,52.3,0.33,36,0,,,,,,,,,,,83,0.88,0
R00832,2024-03-27T13:55:20.453154,TRF-004,Zone-C-Residential,traffic,Foggy,148,58.6,0.31,45,0,,,,,,,,,,,82,0.97,0
R00833,2024-03-27T15:56:00.498017,ENR-005,Zone-C-Residential,energy,Windy,,,,,,,,,,,,75.09,90.55,34.5,0,100,0.96,0
R00834,2024-03-27T18:53:22.018870,AQI-005,Zone-E-Airport,air_quality,Foggy,,,,,,10.1,21.0,372.4,4.5,22,Good,,,,,70,0.97,0
R00835,2024-03-27T20:49:21.652183,AQI-006,Zone-B-Midtown,air_quality,Clear,,,,,,18.9,33.3,436.0,31.9,48,Good,,,,,60,0.93,0
R00836,2024-03-27T23:12:49.580737,ENR-006,Zone-B-Midtown,energy,Windy,,,,,,,,,,,,22.24,26.36,31.6,0,91,0.97,0
R00837,2024-03-28T01:46:40.974487,ENR-002,Zone-E-Airport,energy,Foggy,,,,,,,,,,,,20.54,23.82,37.3,0,26,0.96,0
R00838,2024-03-28T04:59:24.934979,ENR-002,Zone-D-Industrial,energy,Cloudy,,,,,,,,,,,,25.11,32.07,30.2,0,22,0.96,0
R00839,2024-03-28T07:08:37.199791,AQI-001,Zone-D-Industrial,air_quality,Rainy,,,,,,30.1,56.4,498.3,16.1,63,Moderate,,,,,28,0.95,0
R00840,2024-03-28T09:28:11.616067,AQI-007,Zone-C-Residential,air_quality,Rainy,,,,,,16.2,33.1,430.1,21.9,42,Good,,,,,78,0.95,0
R00841,2024-03-28T11:59:36.011847,ENR-002,Zone-C-Residential,energy,Windy,,,,,,,,,,,,91.07,103.97,48.4,0,61,0.98,0
R00842,2024-03-28T14:13:34.828523,TRF-006,Zone-E-Airport,traffic,Clear,83,60.2,0.18,41,0,,,,,,,,,,,58,0.94,0
R00843,2024-03-28T16:34:30.151831,TRF-007,Zone-C-Residential,traffic,Cloudy,106,52.5,0.25,47,0,,,,,,,,,,,94,1.01,0
R00844,2024-03-28T19:24:47.858104,ENR-002,Zone-E-Airport,energy,Windy,,,,,,,,,,,,76.98,95.72,21.9,0,81,0.95,0
R00845,2024-03-28T21:43:32.989866,TRF-005,Zone-A-Downtown,traffic,Rainy,150,44.5,0.37,29,0,,,,,,,,,,,29,0.98,0
R00846,2024-03-29T00:12:44.911697,ENR-008,Zone-D-Industrial,energy,Cloudy,,,,,,,,,,,,38.25,45.98,36.6,0,85,0.9,0
R00847,2024-03-29T03:21:30.451803,AQI-005,Zone-D-Industrial,air_quality,Cloudy,,,,,,31.3,67.0,509.8,16.7,74,Moderate,,,,,85,0.97,0
R00848,2024-03-29T05:12:10.874619,ENR-002,Zone-C-Residential,energy,Foggy,,,,,,,,,,,,28.32,36.66,48.9,0,38,0.94,0
R00849,2024-03-29T07:36:36.717039,TRF-008,Zone-B-Midtown,traffic,Rainy,385,5,0.92,54,1,,,,,,,,,,,30,1.02,1
R00850,2024-03-29T10:21:15.936603,TRF-007,Zone-E-Airport,traffic,Foggy,142,57.6,0.41,52,0,,,,,,,,,,,74,0.96,0
R00851,2024-03-29T12:40:35.922376,TRF-008,Zone-E-Airport,traffic,Foggy,138,62.2,0.36,45,0,,,,,,,,,,,24,0.96,0
R00852,2024-03-29T15:34:30.829813,TRF-002,Zone-C-Residential,traffic,Cloudy,110,45.3,0.25,46,0,,,,,,,,,,,54,0.93,0
R00853,2024-03-29T17:42:12.871727,ENR-005,Zone-A-Downtown,energy,Clear,,,,,,,,,,,,128.06,175.74,33.2,0,50,0.92,0
R00854,2024-03-29T20:10:12.837266,AQI-003,Zone-B-Midtown,air_quality,Rainy,,,,,,18.8,34.4,423.7,21.8,47,Good,,,,,29,0.97,0
R00855,2024-03-29T22:40:14.610404,AQI-001,Zone-E-Airport,air_quality,Rainy,,,,,,10.0,16.7,402.7,39.3,43,Good,,,,,57,0.99,0
R00856,2024-03-30T01:50:07.292512,ENR-003,Zone-B-Midtown,energy,Clear,,,,,,,,,,,,36.4,45.4,36.5,0,64,0.97,0
R00857,2024-03-30T03:59:11.375929,ENR-001,Zone-C-Residential,energy,Rainy,,,,,,,,,,,,33.6,45.95,33.0,0,96,0.89,0
R00858,2024-03-30T06:29:03.677422,TRF-001,Zone-B-Midtown,traffic,Foggy,111,50.3,0.24,40,0,,,,,,,,,,,75,0.92,0
R00859,2024-03-30T08:41:37.831605,AQI-002,Zone-C-Residential,air_quality,Windy,,,,,,28.2,51.2,455.5,21.8,66,Moderate,,,,,64,0.97,0
R00860,2024-03-30T11:25:02.259429,AQI-005,Zone-B-Midtown,air_quality,Clear,,,,,,12.8,25.5,427.8,20.6,37,Good,,,,,92,1.0,0
R00861,2024-03-30T13:47:18.270721,AQI-008,Zone-B-Midtown,air_quality,Foggy,,,,,,15.2,28.4,410.5,37.4,46,Good,,,,,58,0.94,0
R00862,2024-03-30T16:17:41.016226,ENR-004,Zone-C-Residential,energy,Windy,,,,,,,,,,,,85.6,106.7,39.3,0,20,0.95,0
R00863,2024-03-30T18:32:59.647366,TRF-005,Zone-E-Airport,traffic,Windy,210,39.4,0.56,59,0,,,,,,,,,,,94,0.97,0
R00864,2024-03-30T21:01:55.692083,AQI-004,Zone-D-Industrial,air_quality,Foggy,,,,,,24.7,52.7,552.8,11.0,58,Moderate,,,,,59,0.96,0
R00865,2024-03-31T00:22:33.356659,AQI-003,Zone-B-Midtown,air_quality,Rainy,,,,,,25.6,48.3,416.0,29.0,69,Moderate,,,,,100,0.93,0
R00866,2024-03-31T02:46:56.660639,AQI-002,Zone-B-Midtown,air_quality,Windy,,,,,,19.2,33.0,463.5,18.7,49,Good,,,,,65,0.92,0
R00867,2024-03-31T04:54:36.931048,TRF-001,Zone-D-Industrial,traffic,Clear,53,48.6,0.1,16,0,,,,,,,,,,,36,0.99,0
R00868,2024-03-31T07:37:15.203072,AQI-005,Zone-A-Downtown,air_quality,Foggy,,,,,,13.7,27.9,390.7,6.0,26,Good,,,,,27,0.94,0
R00869,2024-03-31T09:46:12.629441,AQI-002,Zone-C-Residential,air_quality,Windy,,,,,,15.7,27.2,453.3,40.2,56,Moderate,,,,,85,0.97,0
R00870,2024-03-31T12:44:21.708321,TRF-004,Zone-E-Airport,traffic,Cloudy,135,53.9,0.39,26,0,,,,,,,,,,,39,0.94,0
R00871,2024-03-31T15:29:20.971068,TRF-008,Zone-E-Airport,traffic,Cloudy,144,68.6,0.36,44,0,,,,,,,,,,,46,0.96,0
R00872,2024-03-31T17:06:12.985289,TRF-008,Zone-D-Industrial,traffic,Clear,164,44.0,0.42,75,0,,,,,,,,,,,89,0.95,0
R00873,2024-03-31T19:56:20.867463,ENR-002,Zone-D-Industrial,energy,Cloudy,,,,,,,,,,,,168.74,194.97,36.1,0,41,0.91,0
R00874,2024-03-31T22:30:41.453989,AQI-004,Zone-D-Industrial,air_quality,Foggy,,,,,,18.0,33.2,434.1,20.1,42,Good,,,,,79,0.92,0
R00875,2024-04-01T00:55:00.827287,ENR-001,Zone-C-Residential,energy,Foggy,,,,,,,,,,,,25.9,28.75,38.4,0,99,0.89,0
R00876,2024-04-01T03:21:17.016743,TRF-008,Zone-C-Residential,traffic,Clear,56,42.7,0.22,10,0,,,,,,,,,,,87,0.95,0
R00877,2024-04-01T05:53:26.247573,TRF-003,Zone-C-Residential,traffic,Windy,43,37.8,0.09,26,0,,,,,,,,,,,58,0.96,0
R00878,2024-04-01T08:50:21.571773,ENR-008,Zone-E-Airport,energy,Cloudy,,,,,,,,,,,,122.28,168.53,31.9,0,36,0.91,0
R00879,2024-04-01T11:11:51.967340,ENR-006,Zone-E-Airport,energy,Windy,,,,,,,,,,,,89.46,118.07,31.0,0,49,0.96,0
R00880,2024-04-01T13:56:03.242072,ENR-004,Zone-B-Midtown,energy,Clear,,,,,,,,,,,,90.4,104.16,58.1,0,73,0.92,0
R00881,2024-04-01T16:25:20.552875,TRF-005,Zone-A-Downtown,traffic,Clear,165,62.5,0.34,22,0,,,,,,,,,,,42,0.93,0
R00882,2024-04-01T18:22:39.464205,AQI-004,Zone-B-Midtown,air_quality,Rainy,,,,,,29.2,57.7,427.6,41.3,80,Moderate,,,,,87,0.96,0
R00883,2024-04-01T21:04:55.588607,ENR-002,Zone-B-Midtown,energy,Clear,,,,,,,,,,,,72.81,99.6,38.5,0,89,0.97,0
R00884,2024-04-01T23:51:52.168168,TRF-008,Zone-B-Midtown,traffic,Cloudy,36,56.5,0.04,10,0,,,,,,,,,,,37,0.96,0
R00885,2024-04-02T02:07:31.694522,AQI-002,Zone-B-Midtown,air_quality,Windy,,,,,,9.8,15.5,425.0,38.5,38,Good,,,,,22,0.96,0
R00886,2024-04-02T04:55:20.183985,TRF-006,Zone-A-Downtown,traffic,Cloudy,76,66.7,0.22,24,0,,,,,,,,,,,84,0.89,0
R00887,2024-04-02T06:48:44.061559,ENR-002,Zone-E-Airport,energy,Foggy,,,,,,,,,,,,113.98,126.48,28.6,0,73,0.95,0
R00888,2024-04-02T09:45:53.049295,TRF-006,Zone-A-Downtown,traffic,Cloudy,220,39.6,0.49,27,0,,,,,,,,,,,24,0.91,0
R00889,2024-04-02T11:50:45.044061,TRF-007,Zone-E-Airport,traffic,Windy,146,47.6,0.42,57,0,,,,,,,,,,,33,0.98,0
R00890,2024-04-02T14:39:01.213087,ENR-005,Zone-B-Midtown,energy,Clear,,,,,,,,,,,,90.28,100.02,46.3,0,97,0.93,0
R00891,2024-04-02T17:21:37.060097,AQI-001,Zone-E-Airport,air_quality,Foggy,,,,,,19.2,34.6,374.0,20.1,50,Good,,,,,35,0.96,0
R00892,2024-04-02T19:53:49.728224,AQI-006,Zone-C-Residential,air_quality,Cloudy,,,,,,23.1,36.1,409.1,35.3,66,Moderate,,,,,92,0.95,0
R00893,2024-04-02T21:32:44.806992,AQI-004,Zone-A-Downtown,air_quality,Clear,,,,,,12.0,20.6,429.2,8.2,27,Good,,,,,36,0.91,0
R00894,2024-04-03T00:36:22.045843,ENR-002,Zone-A-Downtown,energy,Clear,,,,,,,,,,,,25.0,33.01,41.8,0,65,1.0,0
R00895,2024-04-03T02:56:36.750615,TRF-006,Zone-E-Airport,traffic,Rainy,33,55.8,0.19,12,0,,,,,,,,,,,33,0.98,0
R00896,2024-04-03T05:03:14.391123,AQI-008,Zone-C-Residential,air_quality,Clear,,,,,,32.2,53.5,482.2,24.7,76,Moderate,,,,,38,0.93,0
R00897,2024-04-03T07:32:09.123634,TRF-008,Zone-D-Industrial,traffic,Clear,398,5,0.96,49,1,,,,,,,,,,,30,1.0,1
R00898,2024-04-03T10:23:02.170535,TRF-007,Zone-D-Industrial,traffic,Foggy,341,26.8,0.88,35,1,,,,,,,,,,,59,0.95,1
R00899,2024-04-03T12:31:52.701958,AQI-001,Zone-E-Airport,air_quality,Rainy,,,,,,30.2,57.8,390.0,25.4,77,Moderate,,,,,75,0.92,0
R00900,2024-04-03T15:51:56.672250,AQI-001,Zone-A-Downtown,air_quality,Windy,,,,,,15.8,33.2,375.6,35.3,53,Moderate,,,,,92,0.94,0
R00901,2024-04-03T18:16:08.444463,TRF-007,Zone-D-Industrial,traffic,Cloudy,260,37.8,0.67,57,0,,,,,,,,,,,51,0.95,0
R00902,2024-04-03T20:34:15.897476,TRF-005,Zone-C-Residential,traffic,Rainy,95,58.7,0.15,33,0,,,,,,,,,,,92,0.94,0
R00903,2024-04-03T23:09:38.795314,AQI-003,Zone-D-Industrial,air_quality,Foggy,,,,,,90.2,157.9,500.5,56.7,209,Very Unhealthy,,,,,27,0.92,1
R00904,2024-04-04T01:34:46.453162,TRF-006,Zone-A-Downtown,traffic,Foggy,48,47.0,0.14,13,0,,,,,,,,,,,100,0.98,0
R00905,2024-04-04T04:09:21.521344,TRF-001,Zone-B-Midtown,traffic,Windy,69,52.4,0.17,15,0,,,,,,,,,,,53,0.94,0
R00906,2024-04-04T06:58:31.016382,TRF-006,Zone-E-Airport,traffic,Clear,112,58.3,0.22,46,0,,,,,,,,,,,50,0.96,0
R00907,2024-04-04T09:19:44.896271,AQI-002,Zone-D-Industrial,air_quality,Rainy,,,,,,38.0,65.7,506.4,16.2,85,Moderate,,,,,67,0.87,0
R00908,2024-04-04T11:37:18.898928,TRF-001,Zone-C-Residential,traffic,Cloudy,134,68.5,0.35,46,0,,,,,,,,,,,85,0.92,0
R00909,2024-04-04T14:17:00.481733,AQI-004,Zone-D-Industrial,air_quality,Windy,,,,,,86.8,190.8,470.9,68.5,205,Very Unhealthy,,,,,92,0.96,1
R00910,2024-04-04T16:30:12.585193,ENR-007,Zone-E-Airport,energy,Clear,,,,,,,,,,,,78.6,97.6,44.4,0,87,0.92,0
R00911,2024-04-04T18:41:42.084942,ENR-004,Zone-C-Residential,energy,Cloudy,,,,,,,,,,,,124.16,172.98,31.0,0,34,0.98,0
R00912,2024-04-04T21:41:35.063279,ENR-007,Zone-C-Residential,energy,Clear,,,,,,,,,,,,40.66,52.7,44.2,0,97,0.96,0
R00913,2024-04-04T23:43:47.147892,AQI-003,Zone-E-Airport,air_quality,Cloudy,,,,,,31.9,57.0,405.9,22.2,73,Moderate,,,,,56,0.94,0
R00914,2024-04-05T02:24:30.610046,ENR-003,Zone-E-Airport,energy,Foggy,,,,,,,,,,,,37.36,49.76,46.5,0,21,0.91,0
R00915,2024-04-05T04:40:00.375396,ENR-008,Zone-A-Downtown,energy,Cloudy,,,,,,,,,,,,34.89,40.13,28.1,0,29,0.99,0
R00916,2024-04-05T07:55:07.042812,AQI-006,Zone-B-Midtown,air_quality,Foggy,,,,,,29.9,49.9,412.7,33.7,76,Moderate,,,,,95,0.94,0
R00917,2024-04-05T10:13:19.846504,TRF-006,Zone-D-Industrial,traffic,Foggy,110,54.4,0.22,41,0,,,,,,,,,,,43,0.9,0
R00918,2024-04-05T12:43:25.346876,ENR-002,Zone-B-Midtown,energy,Clear,,,,,,,,,,,,65.19,79.13,55.6,0,76,0.97,0
R00919,2024-04-05T14:46:45.478512,AQI-004,Zone-C-Residential,air_quality,Foggy,,,,,,29.5,55.9,451.6,17.1,68,Moderate,,,,,56,0.94,0
R00920,2024-04-05T17:10:42.296924,TRF-004,Zone-D-Industrial,traffic,Windy,215,40.9,0.51,52,0,,,,,,,,,,,56,0.96,0
R00921,2024-04-05T19:46:25.854600,ENR-003,Zone-C-Residential,energy,Rainy,,,,,,,,,,,,128.99,167.68,7.3,0,38,0.98,0
R00922,2024-04-05T22:30:31.313416,TRF-001,Zone-E-Airport,traffic,Windy,56,73.9,0.14,19,0,,,,,,,,,,,93,0.95,0
R00923,2024-04-06T00:55:35.409220,ENR-003,Zone-D-Industrial,energy,Rainy,,,,,,,,,,,,30.22,34.33,8.1,0,75,0.94,0
R00924,2024-04-06T03:08:12.544931,TRF-002,Zone-C-Residential,traffic,Clear,48,55.7,0.14,18,0,,,,,,,,,,,78,0.97,0
R00925,2024-04-06T06:07:50.246192,ENR-002,Zone-C-Residential,energy,Clear,,,,,,,,,,,,117.4,140.32,37.7,0,91,0.92,0
R00926,2024-04-06T08:02:08.290270,ENR-001,Zone-B-Midtown,energy,Cloudy,,,,,,,,,,,,75.35,102.6,31.2,0,80,0.97,0
R00927,2024-04-06T10:39:05.159183,AQI-008,Zone-C-Residential,air_quality,Cloudy,,,,,,32.0,67.2,368.2,25.0,72,Moderate,,,,,82,0.95,0
R00928,2024-04-06T13:33:27.853781,TRF-003,Zone-A-Downtown,traffic,Foggy,87,45.8,0.22,53,0,,,,,,,,,,,87,0.94,0
R00929,2024-04-06T15:48:00.362056,TRF-005,Zone-D-Industrial,traffic,Foggy,104,47.7,0.29,33,0,,,,,,,,,,,34,0.95,0
R00930,2024-04-06T18:57:46.508224,AQI-005,Zone-D-Industrial,air_quality,Foggy,,,,,,25.9,47.3,487.3,22.9,64,Moderate,,,,,36,0.96,0
R00931,2024-04-06T21:16:25.254413,ENR-008,Zone-E-Airport,energy,Foggy,,,,,,,,,,,,100.53,117.07,31.4,0,72,1.0,0
R00932,2024-04-06T23:15:41.778910,TRF-007,Zone-D-Industrial,traffic,Foggy,55,61.7,0.12,15,0,,,,,,,,,,,25,0.92,0
R00933,2024-04-07T01:48:30.638338,ENR-003,Zone-E-Airport,energy,Cloudy,,,,,,,,,,,,50.17,64.38,46.8,0,36,0.95,0
R00934,2024-04-07T04:43:20.023395,AQI-002,Zone-C-Residential,air_quality,Rainy,,,,,,17.0,32.1,399.6,15.0,41,Good,,,,,88,0.96,0
R00935,2024-04-07T07:02:08.515722,AQI-004,Zone-C-Residential,air_quality,Cloudy,,,,,,22.4,38.8,430.5,40.9,60,Moderate,,,,,24,0.98,0
R00936,2024-04-07T09:31:35.599377,ENR-008,Zone-A-Downtown,energy,Cloudy,,,,,,,,,,,,85.96,95.18,19.7,0,24,0.92,0
R00937,2024-04-07T11:46:20.849686,TRF-007,Zone-D-Industrial,traffic,Cloudy,162,41.1,0.46,48,0,,,,,,,,,,,73,1.0,0
R00938,2024-04-07T14:32:30.112633,AQI-002,Zone-E-Airport,air_quality,Foggy,,,,,,19.7,37.9,409.9,33.2,59,Moderate,,,,,22,0.94,0
R00939,2024-04-07T16:35:58.845187,AQI-008,Zone-D-Industrial,air_quality,Rainy,,,,,,36.4,60.3,479.8,29.5,86,Moderate,,,,,88,0.92,0
R00940,2024-04-07T19:59:35.354241,AQI-006,Zone-E-Airport,air_quality,Clear,,,,,,17.7,33.7,470.9,27.7,51,Moderate,,,,,67,0.94,0
R00941,2024-04-07T21:48:38.195352,TRF-002,Zone-A-Downtown,traffic,Windy,122,62.7,0.26,40,0,,,,,,,,,,,98,0.97,0
R00942,2024-04-08T00:50:17.053426,ENR-004,Zone-A-Downtown,energy,Foggy,,,,,,,,,,,,31.26,35.8,38.4,0,61,0.93,0
R00943,2024-04-08T03:22:17.140498,TRF-004,Zone-E-Airport,traffic,Foggy,32,49.4,0.15,11,0,,,,,,,,,,,85,0.99,0
R00944,2024-04-08T05:33:17.306081,AQI-002,Zone-A-Downtown,air_quality,Foggy,,,,,,8.4,13.6,455.5,24.9,31,Good,,,,,34,0.93,0
R00945,2024-04-08T07:32:20.623012,ENR-003,Zone-E-Airport,energy,Foggy,,,,,,,,,,,,149.47,164.83,22.6,0,35,0.93,0
R00946,2024-04-08T10:55:19.092783,ENR-006,Zone-E-Airport,energy,Rainy,,,,,,,,,,,,91.58,105.3,26.2,0,98,0.99,0
R00947,2024-04-08T13:27:07.183307,ENR-005,Zone-D-Industrial,energy,Foggy,,,,,,,,,,,,69.0,96.52,44.5,0,37,0.97,0
R00948,2024-04-08T15:28:25.933509,TRF-003,Zone-B-Midtown,traffic,Foggy,160,63.6,0.39,48,0,,,,,,,,,,,88,0.99,0
R00949,2024-04-08T17:57:30.936887,TRF-008,Zone-E-Airport,traffic,Cloudy,118,26.2,0.29,63,0,,,,,,,,,,,44,0.94,0
R00950,2024-04-08T20:52:05.135371,ENR-005,Zone-C-Residential,energy,Windy,,,,,,,,,,,,121.64,167.9,16.7,0,45,0.93,0
R00951,2024-04-08T22:34:38.914053,TRF-004,Zone-C-Residential,traffic,Cloudy,65,65.7,0.09,10,0,,,,,,,,,,,62,0.9,0
R00952,2024-04-09T01:36:17.190746,AQI-008,Zone-B-Midtown,air_quality,Cloudy,,,,,,70.8,117.7,434.5,87.5,189,Unhealthy,,,,,38,0.97,1
R00953,2024-04-09T03:30:00.888732,TRF-001,Zone-B-Midtown,traffic,Windy,58,44.9,0.17,12,0,,,,,,,,,,,50,1.0,0
R00954,2024-04-09T06:33:36.522487,ENR-007,Zone-D-Industrial,energy,Rainy,,,,,,,,,,,,60.63,82.76,28.3,0,47,1.02,0
R00955,2024-04-09T09:20:00.977762,AQI-007,Zone-E-Airport,air_quality,Foggy,,,,,,12.7,26.1,404.9,13.3,33,Good,,,,,64,0.98,0
R00956,2024-04-09T11:51:19.340327,AQI-006,Zone-D-Industrial,air_quality,Cloudy,,,,,,42.4,89.6,517.2,21.9,95,Moderate,,,,,42,1.04,0
R00957,2024-04-09T13:41:45.009907,ENR-004,Zone-A-Downtown,energy,Windy,,,,,,,,,,,,58.24,65.71,24.8,0,21,0.97,0
R00958,2024-04-09T16:36:24.387891,TRF-005,Zone-D-Industrial,traffic,Foggy,312,17.8,0.69,11,1,,,,,,,,,,,23,0.99,1
R00959,2024-04-09T19:29:50.033679,ENR-008,Zone-B-Midtown,energy,Foggy,,,,,,,,,,,,75.42,97.61,25.5,0,67,0.95,0
R00960,2024-04-09T21:01:43.813092,AQI-003,Zone-B-Midtown,air_quality,Cloudy,,,,,,20.0,36.2,406.9,22.9,54,Moderate,,,,,55,0.92,0
R00961,2024-04-10T00:29:00.252342,TRF-001,Zone-C-Residential,traffic,Rainy,65,80.6,0.15,10,0,,,,,,,,,,,21,0.98,0
R00962,2024-04-10T02:50:15.780026,ENR-002,Zone-B-Midtown,energy,Windy,,,,,,,,,,,,31.03,36.62,31.4,0,97,0.96,0
R00963,2024-04-10T04:41:55.260244,ENR-003,Zone-A-Downtown,energy,Rainy,,,,,,,,,,,,29.68,37.71,37.4,0,31,0.92,0
R00964,2024-04-10T07:06:58.542085,TRF-002,Zone-B-Midtown,traffic,Rainy,159,47.8,0.38,63,0,,,,,,,,,,,67,0.93,0
R00965,2024-04-10T09:57:37.256754,AQI-004,Zone-C-Residential,air_quality,Cloudy,,,,,,17.5,30.9,394.2,23.1,50,Good,,,,,60,0.97,0
R00966,2024-04-10T12:24:50.337983,AQI-005,Zone-B-Midtown,air_quality,Cloudy,,,,,,17.5,27.4,452.2,19.2,49,Good,,,,,86,0.97,0
R00967,2024-04-10T14:56:58.823321,ENR-003,Zone-A-Downtown,energy,Windy,,,,,,,,,,,,71.63,93.88,28.4,0,64,0.92,0
R00968,2024-04-10T17:17:19.280414,TRF-005,Zone-A-Downtown,traffic,Windy,125,36.3,0.37,70,0,,,,,,,,,,,100,0.95,0
R00969,2024-04-10T19:41:11.131838,TRF-006,Zone-C-Residential,traffic,Windy,169,35.7,0.4,29,0,,,,,,,,,,,21,0.97,0
R00970,2024-04-10T22:20:12.018629,AQI-003,Zone-C-Residential,air_quality,Rainy,,,,,,25.6,48.2,420.4,14.2,62,Moderate,,,,,78,0.91,0
R00971,2024-04-11T01:13:51.437491,ENR-004,Zone-C-Residential,energy,Rainy,,,,,,,,,,,,27.17,33.82,27.7,0,49,0.95,0
R00972,2024-04-11T03:45:47.422768,AQI-002,Zone-D-Industrial,air_quality,Foggy,,,,,,35.8,54.4,491.3,2.5,76,Moderate,,,,,87,0.94,0
R00973,2024-04-11T05:41:54.463715,AQI-003,Zone-B-Midtown,air_quality,Rainy,,,,,,21.3,43.8,424.3,30.8,59,Moderate,,,,,41,0.97,0
R00974,2024-04-11T08:27:38.115810,ENR-004,Zone-B-Midtown,energy,Rainy,,,,,,,,,,,,151.17,186.08,48.1,0,51,0.97,0
R00975,2024-04-11T11:16:32.190672,TRF-003,Zone-C-Residential,traffic,Clear,151,49.0,0.31,59,0,,,,,,,,,,,79,0.93,0
R00976,2024-04-11T13:42:22.406762,AQI-002,Zone-D-Industrial,air_quality,Cloudy,,,,,,35.4,61.2,488.0,21.9,82,Moderate,,,,,96,0.99,0
R00977,2024-04-11T15:53:37.861297,TRF-008,Zone-E-Airport,traffic,Clear,80,44.2,0.17,50,0,,,,,,,,,,,20,0.91,0
R00978,2024-04-11T18:54:52.509603,ENR-003,Zone-D-Industrial,energy,Cloudy,,,,,,,,,,,,245.44,292.22,38.2,1,43,0.97,1
R00979,2024-04-11T20:55:32.560752,TRF-007,Zone-D-Industrial,traffic,Clear,138,53.2,0.3,50,0,,,,,,,,,,,33,0.94,0
R00980,2024-04-11T23:41:09.836231,TRF-007,Zone-A-Downtown,traffic,Cloudy,49,46.2,0.1,9,0,,,,,,,,,,,71,0.96,0
R00981,2024-04-12T01:55:20.845443,TRF-007,Zone-C-Residential,traffic,Clear,52,44.6,0.09,20,0,,,,,,,,,,,62,0.99,0
R00982,2024-04-12T04:06:42.019701,TRF-007,Zone-E-Airport,traffic,Foggy,21,56.0,0.06,24,0,,,,,,,,,,,53,0.93,0
R00983,2024-04-12T06:41:51.406978,AQI-008,Zone-D-Industrial,air_quality,Clear,,,,,,43.6,79.4,515.0,37.9,106,Unhealthy for Sensitive Groups,,,,,52,0.96,0
R00984,2024-04-12T09:25:32.529134,ENR-001,Zone-E-Airport,energy,Rainy,,,,,,,,,,,,123.99,148.46,31.5,0,24,0.93,0
R00985,2024-04-12T11:32:11.804463,AQI-004,Zone-B-Midtown,air_quality,Clear,,,,,,13.7,21.8,441.5,34.2,43,Good,,,,,64,1.0,0
R00986,2024-04-12T14:14:38.762535,AQI-008,Zone-A-Downtown,air_quality,Clear,,,,,,15.8,24.1,382.8,14.8,35,Good,,,,,68,0.9,0
R00987,2024-04-12T16:50:15.981869,ENR-005,Zone-D-Industrial,energy,Foggy,,,,,,,,,,,,232.45,321.97,29.4,1,30,0.99,1
R00988,2024-04-12T19:50:12.671942,ENR-002,Zone-B-Midtown,energy,Windy,,,,,,,,,,,,115.68,156.89,41.3,0,51,0.95,0
R00989,2024-04-12T22:04:24.009658,TRF-007,Zone-C-Residential,traffic,Cloudy,44,48.5,0.05,23,0,,,,,,,,,,,54,0.93,0
R00990,2024-04-13T00:00:18.183779,TRF-007,Zone-B-Midtown,traffic,Rainy,21,39.1,0.04,19,0,,,,,,,,,,,22,0.94,0
R00991,2024-04-13T03:06:40.990604,AQI-008,Zone-E-Airport,air_quality,Foggy,,,,,,12.5,21.6,367.0,39.8,39,Good,,,,,63,0.94,0
R00992,2024-04-13T05:26:39.779029,ENR-008,Zone-B-Midtown,energy,Windy,,,,,,,,,,,,40.21,52.35,29.9,0,93,0.96,0
R00993,2024-04-13T08:28:03.804991,ENR-006,Zone-A-Downtown,energy,Cloudy,,,,,,,,,,,,102.4,135.71,28.4,0,77,0.95,0
R00994,2024-04-13T10:37:29.505711,TRF-006,Zone-E-Airport,traffic,Foggy,113,56.6,0.2,34,0,,,,,,,,,,,50,1.0,0
R00995,2024-04-13T12:52:31.023609,ENR-007,Zone-E-Airport,energy,Clear,,,,,,,,,,,,97.32,123.72,75.5,0,42,0.98,0
R00996,2024-04-13T15:59:03.777754,AQI-007,Zone-C-Residential,air_quality,Cloudy,,,,,,7.8,15.0,408.0,33.6,28,Good,,,,,60,0.91,0
R00997,2024-04-13T17:43:30.357165,ENR-008,Zone-C-Residential,energy,Foggy,,,,,,,,,,,,126.96,172.92,29.3,0,62,0.95,0
R00998,2024-04-13T20:45:46.565655,ENR-002,Zone-D-Industrial,energy,Windy,,,,,,,,,,,,105.29,135.92,28.3,0,99,0.96,0
R00999,2024-04-13T23:00:12.100518,TRF-007,Zone-A-Downtown,traffic,Rainy,64,62.0,0.22,10,0,,,,,,,,,,,22,0.88,0
R01000,2024-04-14T01:44:34.675350,AQI-007,Zone-E-Airport,air_quality,Windy,,,,,,20.8,36.6,405.6,29.4,54,Moderate,,,,,61,0.94,0
R01001,2024-04-14T03:37:57.540206,TRF-001,Zone-B-Midtown,traffic,Windy,48,68.6,0.21,15,0,,,,,,,,,,,79,0.94,0
R01002,2024-04-14T06:36:14.424465,TRF-003,Zone-B-Midtown,traffic,Foggy,119,70.0,0.33,33,0,,,,,,,,,,,86,0.92,0
R01003,2024-04-14T09:29:43.924381,AQI-002,Zone-D-Industrial,air_quality,Rainy,,,,,,15.7,30.2,488.9,40.8,53,Moderate,,,,,81,0.95,0
R01004,2024-04-14T11:49:39.913797,TRF-007,Zone-A-Downtown,traffic,Rainy,157,48.8,0.31,49,0,,,,,,,,,,,33,0.96,0
R01005,2024-04-14T14:19:30.822928,AQI-002,Zone-B-Midtown,air_quality,Rainy,,,,,,23.0,40.0,465.7,15.7,51,Moderate,,,,,53,0.99,0
R01006,2024-04-14T16:04:26.650400,AQI-008,Zone-B-Midtown,air_quality,Rainy,,,,,,24.6,48.8,404.1,34.6,65,Moderate,,,,,92,0.95,0
R01007,2024-04-14T18:38:24.075537,ENR-001,Zone-B-Midtown,energy,Rainy,,,,,,,,,,,,135.49,178.05,24.5,0,92,0.99,0
R01008,2024-04-14T21:38:02.020488,ENR-008,Zone-C-Residential,energy,Cloudy,,,,,,,,,,,,81.19,96.43,24.7,0,69,0.95,0
R01009,2024-04-15T00:21:03.308945,ENR-003,Zone-E-Airport,energy,Clear,,,,,,,,,,,,39.75,52.32,44.0,0,71,0.85,0
R01010,2024-04-15T02:28:37.107608,AQI-006,Zone-B-Midtown,air_quality,Windy,,,,,,15.0,31.6,446.7,18.9,42,Good,,,,,81,0.95,0
R01011,2024-04-15T04:40:31.394483,AQI-001,Zone-A-Downtown,air_quality,Rainy,,,,,,19.2,37.0,436.5,24.3,48,Good,,,,,65,0.93,0
R01012,2024-04-15T07:29:55.644883,ENR-001,Zone-E-Airport,energy,Cloudy,,,,,,,,,,,,122.43,157.68,32.0,0,62,0.93,0
R01013,2024-04-15T10:27:41.962246,AQI-002,Zone-A-Downtown,air_quality,Foggy,,,,,,17.7,29.6,418.1,41.4,61,Moderate,,,,,51,0.96,0
R01014,2024-04-15T12:10:38.750429,AQI-005,Zone-E-Airport,air_quality,Rainy,,,,,,30.6,50.0,425.3,21.8,69,Moderate,,,,,86,0.94,0
R01015,2024-04-15T14:44:38.186146,AQI-008,Zone-D-Industrial,air_quality,Clear,,,,,,33.2,68.0,482.2,37.9,83,Moderate,,,,,81,0.96,0
R01016,2024-04-15T17:11:50.626471,ENR-004,Zone-E-Airport,energy,Foggy,,,,,,,,,,,,135.86,149.84,10.4,0,76,0.98,0
R01017,2024-04-15T20:16:38.625111,TRF-008,Zone-A-Downtown,traffic,Rainy,91,48.1,0.25,55,0,,,,,,,,,,,85,0.94,0
R01018,2024-04-15T22:15:51.119655,ENR-006,Zone-C-Residential,energy,Windy,,,,,,,,,,,,45.26,58.28,42.9,0,43,0.98,0
R01019,2024-04-16T00:59:15.289588,TRF-008,Zone-D-Industrial,traffic,Cloudy,49,40.1,0.2,22,0,,,,,,,,,,,63,0.93,0
R01020,2024-04-16T03:10:57.560416,AQI-004,Zone-B-Midtown,air_quality,Rainy,,,,,,10.4,17.9,406.3,24.1,31,Good,,,,,98,0.96,0
R01021,2024-04-16T05:49:25.555541,TRF-007,Zone-B-Midtown,traffic,Cloudy,65,68.8,0.27,24,0,,,,,,,,,,,73,0.94,0
R01022,2024-04-16T08:46:47.117684,TRF-005,Zone-D-Industrial,traffic,Rainy,154,46.7,0.41,42,0,,,,,,,,,,,59,0.92,0
R01023,2024-04-16T10:55:01.645097,AQI-007,Zone-A-Downtown,air_quality,Foggy,,,,,,21.6,44.6,470.6,22.3,49,Good,,,,,45,0.96,0
R01024,2024-04-16T13:17:41.268805,ENR-006,Zone-D-Industrial,energy,Foggy,,,,,,,,,,,,115.7,146.71,32.2,0,84,0.97,0
R01025,2024-04-16T15:56:24.371339,TRF-002,Zone-B-Midtown,traffic,Cloudy,72,57.0,0.05,47,0,,,,,,,,,,,25,0.96,0
R01026,2024-04-16T18:57:35.034137,AQI-004,Zone-C-Residential,air_quality,Windy,,,,,,10.2,15.7,445.8,28.2,37,Good,,,,,67,0.93,0
R01027,2024-04-16T20:58:18.627121,AQI-002,Zone-C-Residential,air_quality,Foggy,,,,,,20.5,43.3,386.9,18.0,53,Moderate,,,,,31,0.93,0
R01028,2024-04-16T23:32:47.706534,ENR-005,Zone-A-Downtown,energy,Cloudy,,,,,,,,,,,,36.7,41.12,33.5,0,60,0.9,0
R01029,2024-04-17T02:27:25.920499,ENR-008,Zone-B-Midtown,energy,Cloudy,,,,,,,,,,,,35.06,40.66,39.4,0,53,0.95,0
R01030,2024-04-17T04:01:23.297909,TRF-007,Zone-D-Industrial,traffic,Foggy,67,60.6,0.08,32,0,,,,,,,,,,,67,0.98,0
R01031,2024-04-17T06:30:58.324570,ENR-001,Zone-E-Airport,energy,Rainy,,,,,,,,,,,,58.88,75.97,30.7,0,29,0.88,0
R01032,2024-04-17T09:46:50.117558,ENR-002,Zone-E-Airport,energy,Foggy,,,,,,,,,,,,95.13,132.98,30.2,0,75,0.9,0
R01033,2024-04-17T12:19:03.920766,ENR-003,Zone-C-Residential,energy,Clear,,,,,,,,,,,,65.41,87.28,40.0,0,75,0.97,0
R01034,2024-04-17T14:17:37.729635,ENR-007,Zone-A-Downtown,energy,Clear,,,,,,,,,,,,72.02,88.45,44.6,0,61,0.97,0
R01035,2024-04-17T17:01:56.511390,ENR-004,Zone-E-Airport,energy,Rainy,,,,,,,,,,,,118.89,137.51,17.2,0,38,0.96,0
R01036,2024-04-17T19:01:34.408166,ENR-001,Zone-B-Midtown,energy,Windy,,,,,,,,,,,,145.78,163.39,45.8,0,46,0.9,0
R01037,2024-04-17T21:42:06.125138,TRF-005,Zone-B-Midtown,traffic,Cloudy,180,58.5,0.47,37,0,,,,,,,,,,,68,1.01,0
R01038,2024-04-18T00:51:15.077205,TRF-001,Zone-D-Industrial,traffic,Foggy,51,57.7,0.17,17,0,,,,,,,,,,,42,0.94,0
R01039,2024-04-18T03:00:24.131993,ENR-002,Zone-B-Midtown,energy,Cloudy,,,,,,,,,,,,23.12,30.63,30.9,0,60,0.93,0
R01040,2024-04-18T05:05:26.847521,ENR-008,Zone-C-Residential,energy,Windy,,,,,,,,,,,,36.79,45.51,48.0,0,71,0.95,0
R01041,2024-04-18T08:27:41.647525,TRF-006,Zone-C-Residential,traffic,Clear,201,32.1,0.52,59,0,,,,,,,,,,,69,0.95,0
R01042,2024-04-18T10:57:51.244077,AQI-006,Zone-A-Downtown,air_quality,Cloudy,,,,,,17.0,27.6,456.2,25.7,43,Good,,,,,80,0.95,0
R01043,2024-04-18T13:18:08.568982,AQI-005,Zone-C-Residential,air_quality,Windy,,,,,,15.2,24.5,453.0,45.7,50,Good,,,,,43,0.9,0
R01044,2024-04-18T15:47:11.604414,TRF-004,Zone-C-Residential,traffic,Foggy,171,61.6,0.41,28,0,,,,,,,,,,,62,1.0,0
R01045,2024-04-18T17:31:42.588806,ENR-003,Zone-D-Industrial,energy,Clear,,,,,,,,,,,,131.27,151.08,29.0,0,32,1.01,0
R01046,2024-04-18T20:05:31.646036,AQI-002,Zone-D-Industrial,air_quality,Foggy,,,,,,29.6,62.1,484.3,23.8,75,Moderate,,,,,20,0.94,0
R01047,2024-04-18T23:24:10.378622,TRF-006,Zone-E-Airport,traffic,Clear,60,54.8,0.05,17,0,,,,,,,,,,,36,0.97,0
R01048,2024-04-19T01:48:19.610932,TRF-002,Zone-A-Downtown,traffic,Foggy,41,50.0,0.1,25,0,,,,,,,,,,,58,0.91,0
R01049,2024-04-19T04:10:06.082908,ENR-005,Zone-B-Midtown,energy,Rainy,,,,,,,,,,,,53.03,68.85,9.5,0,24,0.92,0
R01050,2024-04-19T06:44:52.569393,AQI-001,Zone-B-Midtown,air_quality,Cloudy,,,,,,67.9,113.2,377.3,63.8,169,Unhealthy,,,,,81,0.95,1
R01051,2024-04-19T09:21:27.649620,TRF-007,Zone-D-Industrial,traffic,Cloudy,176,43.8,0.44,27,0,,,,,,,,,,,85,0.97,0
R01052,2024-04-19T11:53:33.096639,TRF-008,Zone-E-Airport,traffic,Foggy,107,50.5,0.23,34,0,,,,,,,,,,,66,0.95,0
R01053,2024-04-19T13:55:35.452267,TRF-003,Zone-A-Downtown,traffic,Cloudy,127,50.6,0.31,32,0,,,,,,,,,,,64,0.94,0
R01054,2024-04-19T16:59:03.522118,TRF-003,Zone-D-Industrial,traffic,Windy,150,58.8,0.35,64,0,,,,,,,,,,,65,0.96,0
R01055,2024-04-19T19:01:32.068879,AQI-001,Zone-E-Airport,air_quality,Rainy,,,,,,8.5,13.7,323.6,33.2,38,Good,,,,,99,0.99,0
R01056,2024-04-19T21:13:34.526980,AQI-003,Zone-E-Airport,air_quality,Windy,,,,,,18.7,40.7,429.1,16.9,48,Good,,,,,73,0.97,0
R01057,2024-04-20T00:23:37.480181,ENR-003,Zone-C-Residential,energy,Clear,,,,,,,,,,,,30.93,35.96,30.7,0,98,0.94,0
R01058,2024-04-20T02:45:18.610438,TRF-008,Zone-B-Midtown,traffic,Cloudy,45,60.6,0.16,12,0,,,,,,,,,,,64,0.94,0
R01059,2024-04-20T04:34:13.913897,AQI-005,Zone-B-Midtown,air_quality,Foggy,,,,,,16.8,27.0,348.0,11.0,39,Good,,,,,21,0.97,0
R01060,2024-04-20T07:38:12.323786,ENR-002,Zone-E-Airport,energy,Foggy,,,,,,,,,,,,75.88,95.79,37.0,0,98,0.94,0
R01061,2024-04-20T10:28:44.374654,AQI-006,Zone-C-Residential,air_quality,Clear,,,,,,18.9,40.1,445.5,32.3,57,Moderate,,,,,41,0.98,0
R01062,2024-04-20T12:47:40.040210,AQI-004,Zone-E-Airport,air_quality,Clear,,,,,,9.4,18.9,478.1,20.0,26,Good,,,,,83,0.99,0
R01063,2024-04-20T14:55:18.026824,ENR-005,Zone-C-Residential,energy,Rainy,,,,,,,,,,,,41.03,49.18,26.2,0,65,0.93,0
R01064,2024-04-20T17:04:59.136097,TRF-008,Zone-B-Midtown,traffic,Windy,124,31.3,0.38,83,0,,,,,,,,,,,82,0.9,0
R01065,2024-04-20T19:52:32.960424,ENR-007,Zone-A-Downtown,energy,Windy,,,,,,,,,,,,106.23,143.57,27.2,0,32,0.94,0
R01066,2024-04-20T22:07:02.904109,AQI-006,Zone-E-Airport,air_quality,Windy,,,,,,7.6,13.2,450.7,29.6,34,Good,,,,,86,0.89,0
R01067,2024-04-21T00:32:14.194456,ENR-007,Zone-A-Downtown,energy,Cloudy,,,,,,,,,,,,53.1,59.98,33.7,0,72,0.97,0
R01068,2024-04-21T03:50:57.948300,TRF-006,Zone-C-Residential,traffic,Cloudy,29,56.9,0.03,13,0,,,,,,,,,,,40,0.91,0
R01069,2024-04-21T05:42:33.771666,AQI-006,Zone-D-Industrial,air_quality,Rainy,,,,,,32.4,50.6,531.2,17.6,71,Moderate,,,,,60,0.98,0
R01070,2024-04-21T08:49:43.259197,TRF-002,Zone-D-Industrial,traffic,Rainy,131,28.1,0.36,102,0,,,,,,,,,,,82,0.92,0
R01071,2024-04-21T11:23:44.808831,AQI-003,Zone-C-Residential,air_quality,Clear,,,,,,29.7,56.6,459.1,16.6,70,Moderate,,,,,57,0.95,0
R01072,2024-04-21T13:23:52.696437,AQI-004,Zone-A-Downtown,air_quality,Clear,,,,,,8.1,17.3,389.6,8.3,17,Good,,,,,63,0.92,0
R01073,2024-04-21T16:25:16.529973,TRF-005,Zone-E-Airport,traffic,Windy,113,51.8,0.31,45,0,,,,,,,,,,,39,0.93,0
R01074,2024-04-21T18:40:03.076780,TRF-008,Zone-B-Midtown,traffic,Cloudy,189,46.2,0.47,63,0,,,,,,,,,,,51,1.01,0
R01075,2024-04-21T20:58:59.783840,ENR-004,Zone-D-Industrial,energy,Cloudy,,,,,,,,,,,,76.29,97.21,15.4,0,69,0.9,0
R01076,2024-04-21T23:44:48.454009,AQI-006,Zone-C-Residential,air_quality,Foggy,,,,,,33.2,57.2,378.6,9.3,68,Moderate,,,,,61,1.01,0
R01077,2024-04-22T02:21:35.800920,AQI-004,Zone-E-Airport,air_quality,Windy,,,,,,31.9,59.2,413.7,16.4,76,Moderate,,,,,49,0.95,0
R01078,2024-04-22T04:43:12.382488,AQI-004,Zone-D-Industrial,air_quality,Rainy,,,,,,38.5,71.1,513.7,2.2,75,Moderate,,,,,22,0.98,0
R01079,2024-04-22T07:03:35.851426,ENR-001,Zone-C-Residential,energy,Foggy,,,,,,,,,,,,154.68,173.18,42.1,0,55,0.88,0
R01080,2024-04-22T09:43:39.937805,AQI-008,Zone-D-Industrial,air_quality,Cloudy,,,,,,19.8,32.7,464.4,28.7,58,Moderate,,,,,58,0.93,0
R01081,2024-04-22T12:22:33.487314,AQI-003,Zone-E-Airport,air_quality,Windy,,,,,,27.1,40.8,383.4,15.0,61,Moderate,,,,,95,1.01,0
R01082,2024-04-22T14:36:49.861656,ENR-003,Zone-B-Midtown,energy,Cloudy,,,,,,,,,,,,122.6,163.32,49.0,0,23,0.95,0
R01083,2024-04-22T17:08:57.865249,ENR-002,Zone-C-Residential,energy,Clear,,,,,,,,,,,,89.19,116.45,53.8,0,72,0.93,0
R01084,2024-04-22T19:50:50.155959,TRF-005,Zone-C-Residential,traffic,Cloudy,214,42.4,0.49,69,0,,,,,,,,,,,49,0.98,0
R01085,2024-04-22T21:51:04.322465,ENR-002,Zone-C-Residential,energy,Foggy,,,,,,,,,,,,80.98,103.8,29.7,0,91,0.98,0
R01086,2024-04-23T00:10:06.647202,AQI-001,Zone-A-Downtown,air_quality,Rainy,,,,,,20.8,31.6,452.0,17.8,46,Good,,,,,42,0.97,0
R01087,2024-04-23T02:40:54.432138,TRF-006,Zone-A-Downtown,traffic,Cloudy,63,36.2,0.11,12,0,,,,,,,,,,,42,0.89,0
R01088,2024-04-23T05:30:26.383419,AQI-008,Zone-A-Downtown,air_quality,Windy,,,,,,58.4,126.1,402.3,68.0,149,Unhealthy for Sensitive Groups,,,,,33,0.93,1
R01089,2024-04-23T07:50:56.594477,TRF-003,Zone-A-Downtown,traffic,Foggy,214,44.3,0.51,81,0,,,,,,,,,,,90,0.98,0
R01090,2024-04-23T10:56:38.439962,ENR-002,Zone-C-Residential,energy,Cloudy,,,,,,,,,,,,54.5,63.87,32.7,0,71,0.93,0
R01091,2024-04-23T12:32:29.725396,TRF-008,Zone-E-Airport,traffic,Clear,156,62.9,0.44,29,0,,,,,,,,,,,88,0.9,0
R01092,2024-04-23T15:38:35.514624,TRF-003,Zone-D-Industrial,traffic,Cloudy,113,47.9,0.25,27,0,,,,,,,,,,,82,0.97,0
R01093,2024-04-23T17:36:15.546607,ENR-007,Zone-C-Residential,energy,Foggy,,,,,,,,,,,,134.19,175.74,13.0,0,87,0.96,0
R01094,2024-04-23T20:05:21.074992,AQI-003,Zone-C-Residential,air_quality,Clear,,,,,,13.5,20.7,413.7,31.1,45,Good,,,,,26,0.97,0
R01095,2024-04-23T22:56:01.694627,ENR-003,Zone-E-Airport,energy,Rainy,,,,,,,,,,,,23.13,25.75,32.4,0,43,0.98,0
R01096,2024-04-24T01:53:32.481877,AQI-002,Zone-B-Midtown,air_quality,Foggy,,,,,,17.1,36.7,415.9,29.2,47,Good,,,,,20,0.99,0
R01097,2024-04-24T04:24:15.824873,ENR-006,Zone-B-Midtown,energy,Foggy,,,,,,,,,,,,23.43,26.09,43.8,0,38,0.92,0
R01098,2024-04-24T06:15:29.467067,AQI-005,Zone-B-Midtown,air_quality,Rainy,,,,,,11.5,17.3,433.0,16.3,29,Good,,,,,82,0.95,0
R01099,2024-04-24T09:11:33.083303,TRF-008,Zone-B-Midtown,traffic,Cloudy,186,39.6,0.48,62,0,,,,,,,,,,,88,0.94,0
R01100,2024-04-24T11:19:38.562833,AQI-005,Zone-D-Industrial,air_quality,Rainy,,,,,,25.8,40.7,538.1,38.6,68,Moderate,,,,,31,0.99,0
R01101,2024-04-24T14:03:17.099953,ENR-003,Zone-E-Airport,energy,Clear,,,,,,,,,,,,96.14,129.78,49.6,0,43,0.99,0
R01102,2024-04-24T16:04:02.641351,ENR-006,Zone-D-Industrial,energy,Cloudy,,,,,,,,,,,,100.43,133.65,23.8,0,44,0.92,0
R01103,2024-04-24T19:16:06.777166,AQI-001,Zone-E-Airport,air_quality,Clear,,,,,,7.4,15.9,481.8,21.1,30,Good,,,,,27,0.97,0
R01104,2024-04-24T21:23:28.722712,TRF-005,Zone-E-Airport,traffic,Clear,101,48.5,0.25,36,0,,,,,,,,,,,76,0.97,0
R01105,2024-04-25T00:01:42.803768,ENR-003,Zone-E-Airport,energy,Rainy,,,,,,,,,,,,36.54,47.7,19.6,0,99,0.97,0
R01106,2024-04-25T02:43:13.736865,AQI-006,Zone-C-Residential,air_quality,Clear,,,,,,22.6,39.9,433.3,8.1,53,Moderate,,,,,35,0.93,0
R01107,2024-04-25T05:21:25.210845,AQI-001,Zone-E-Airport,air_quality,Windy,,,,,,7.6,16.4,366.9,20.0,29,Good,,,,,69,0.93,0
R01108,2024-04-25T07:26:58.816349,AQI-008,Zone-E-Airport,air_quality,Rainy,,,,,,26.8,57.4,417.5,32.1,69,Moderate,,,,,48,0.98,0
R01109,2024-04-25T09:38:39.866644,ENR-003,Zone-D-Industrial,energy,Rainy,,,,,,,,,,,,123.33,165.46,31.5,0,38,0.98,0
R01110,2024-04-25T12:52:47.298090,AQI-007,Zone-B-Midtown,air_quality,Rainy,,,,,,20.2,36.0,444.8,17.6,51,Moderate,,,,,76,0.98,0
R01111,2024-04-25T14:50:16.084796,ENR-003,Zone-E-Airport,energy,Cloudy,,,,,,,,,,,,78.42,103.03,7.9,0,99,0.92,0
R01112,2024-04-25T17:21:48.293659,ENR-007,Zone-C-Residential,energy,Rainy,,,,,,,,,,,,136.58,176.96,33.7,0,58,1.01,0
R01113,2024-04-25T20:22:12.399308,ENR-004,Zone-B-Midtown,energy,Rainy,,,,,,,,,,,,56.85,65.21,21.0,0,43,0.97,0
R01114,2024-04-25T22:56:35.517409,TRF-004,Zone-D-Industrial,traffic,Windy,45,71.4,0.09,14,0,,,,,,,,,,,71,0.9,0
R01115,2024-04-26T00:39:02.459725,TRF-004,Zone-B-Midtown,traffic,Foggy,38,67.6,0.07,14,0,,,,,,,,,,,32,0.89,0
R01116,2024-04-26T03:47:13.064123,TRF-001,Zone-A-Downtown,traffic,Rainy,37,74.9,0.1,19,0,,,,,,,,,,,47,0.95,0
R01117,2024-04-26T06:07:23.634070,TRF-008,Zone-D-Industrial,traffic,Rainy,130,53.9,0.35,10,0,,,,,,,,,,,39,0.93,0
R01118,2024-04-26T08:09:47.724283,TRF-007,Zone-B-Midtown,traffic,Windy,53,40.3,0.09,14,0,,,,,,,,,,,34,0.94,0
R01119,2024-04-26T10:56:41.653999,AQI-003,Zone-D-Industrial,air_quality,Foggy,,,,,,24.1,39.0,545.4,26.9,61,Moderate,,,,,76,0.93,0
R01120,2024-04-26T13:53:38.356956,AQI-006,Zone-C-Residential,air_quality,Clear,,,,,,15.4,23.8,436.8,31.3,47,Good,,,,,39,1.0,0
R01121,2024-04-26T16:27:37.491839,TRF-006,Zone-C-Residential,traffic,Clear,165,66.6,0.41,25,0,,,,,,,,,,,41,0.92,0
R01122,2024-04-26T18:21:54.777522,TRF-005,Zone-E-Airport,traffic,Clear,192,35.5,0.48,79,0,,,,,,,,,,,77,0.98,0
R01123,2024-04-26T20:46:22.211577,AQI-008,Zone-A-Downtown,air_quality,Rainy,,,,,,17.8,28.3,461.6,23.1,51,Moderate,,,,,22,0.94,0
R01124,2024-04-26T23:28:12.435489,ENR-005,Zone-D-Industrial,energy,Rainy,,,,,,,,,,,,39.05,48.96,40.5,0,63,0.95,0
R01125,2024-04-27T01:37:56.424478,TRF-005,Zone-E-Airport,traffic,Cloudy,45,77.0,0.13,14,0,,,,,,,,,,,60,0.99,0
R01126,2024-04-27T04:01:22.826851,TRF-002,Zone-B-Midtown,traffic,Clear,28,67.0,0.1,16,0,,,,,,,,,,,29,0.96,0
R01127,2024-04-27T06:30:34.722878,TRF-006,Zone-E-Airport,traffic,Clear,77,40.6,0.09,47,0,,,,,,,,,,,33,0.94,0
R01128,2024-04-27T09:08:19.373787,AQI-002,Zone-B-Midtown,air_quality,Clear,,,,,,16.2,25.3,378.4,31.2,46,Good,,,,,26,0.94,0
R01129,2024-04-27T12:07:31.626264,TRF-004,Zone-D-Industrial,traffic,Windy,90,39.1,0.24,15,0,,,,,,,,,,,76,0.92,0
R01130,2024-04-27T14:11:05.740250,TRF-003,Zone-B-Midtown,traffic,Rainy,42,48.0,0.08,17,0,,,,,,,,,,,29,0.97,0
R01131,2024-04-27T17:15:22.630468,TRF-007,Zone-E-Airport,traffic,Rainy,260,31.2,0.65,22,0,,,,,,,,,,,50,0.97,0
R01132,2024-04-27T19:31:49.983042,ENR-005,Zone-C-Residential,energy,Cloudy,,,,,,,,,,,,152.94,201.86,33.5,0,99,0.95,0
R01133,2024-04-27T22:10:26.526093,AQI-008,Zone-A-Downtown,air_quality,Clear,,,,,,9.5,19.4,459.9,17.1,31,Good,,,,,28,0.91,0
R01134,2024-04-28T00:19:08.630327,ENR-008,Zone-C-Residential,energy,Foggy,,,,,,,,,,,,28.57,35.62,14.2,0,49,0.94,0
R01135,2024-04-28T03:05:14.024855,TRF-006,Zone-D-Industrial,traffic,Foggy,38,70.9,0.14,13,0,,,,,,,,,,,79,0.93,0
R01136,2024-04-28T05:45:01.987500,ENR-001,Zone-B-Midtown,energy,Rainy,,,,,,,,,,,,35.31,48.06,35.6,0,75,0.97,0
R01137,2024-04-28T08:17:28.950384,ENR-003,Zone-B-Midtown,energy,Windy,,,,,,,,,,,,128.62,159.71,31.8,0,54,0.95,0
R01138,2024-04-28T10:23:32.034832,TRF-005,Zone-B-Midtown,traffic,Cloudy,125,53.2,0.26,48,0,,,,,,,,,,,27,0.94,0
R01139,2024-04-28T12:51:12.129865,TRF-006,Zone-D-Industrial,traffic,Windy,126,78.9,0.33,25,0,,,,,,,,,,,21,0.99,0
R01140,2024-04-28T15:20:18.889832,TRF-007,Zone-E-Airport,traffic,Clear,108,46.0,0.26,23,0,,,,,,,,,,,36,0.98,0
R01141,2024-04-28T17:52:10.443144,AQI-002,Zone-A-Downtown,air_quality,Foggy,,,,,,18.5,36.7,492.1,43.2,63,Moderate,,,,,80,0.92,0
R01142,2024-04-28T20:47:12.502098,ENR-006,Zone-B-Midtown,energy,Cloudy,,,,,,,,,,,,90.14,123.8,17.2,0,95,0.91,0
R01143,2024-04-28T22:44:56.756632,ENR-001,Zone-C-Residential,energy,Windy,,,,,,,,,,,,24.7,30.02,35.3,0,87,0.97,0
R01144,2024-04-29T01:29:27.385719,ENR-005,Zone-A-Downtown,energy,Foggy,,,,,,,,,,,,38.79,50.95,46.1,0,66,0.96,0
R01145,2024-04-29T03:44:47.708220,ENR-006,Zone-C-Residential,energy,Windy,,,,,,,,,,,,31.72,36.28,28.7,0,60,0.98,0
R01146,2024-04-29T06:36:17.175689,ENR-004,Zone-E-Airport,energy,Windy,,,,,,,,,,,,81.61,94.54,13.8,0,84,0.94,0
R01147,2024-04-29T08:55:22.768773,AQI-001,Zone-C-Residential,air_quality,Rainy,,,,,,31.9,54.5,462.4,27.6,78,Moderate,,,,,30,0.91,0
R01148,2024-04-29T11:59:34.727104,ENR-007,Zone-E-Airport,energy,Cloudy,,,,,,,,,,,,110.41,146.57,36.2,0,55,0.97,0
R01149,2024-04-29T13:41:52.010480,ENR-005,Zone-B-Midtown,energy,Windy,,,,,,,,,,,,94.9,129.09,28.6,0,90,0.93,0
R01150,2024-04-29T16:49:54.495626,ENR-001,Zone-D-Industrial,energy,Rainy,,,,,,,,,,,,86.59,103.73,31.4,0,56,0.94,0
R01151,2024-04-29T18:49:26.450981,AQI-001,Zone-E-Airport,air_quality,Clear,,,,,,15.9,34.2,385.8,28.0,42,Good,,,,,50,0.96,0
R01152,2024-04-29T21:05:30.693861,ENR-006,Zone-C-Residential,energy,Clear,,,,,,,,,,,,85.12,107.55,33.4,0,87,0.9,0
R01153,2024-04-30T00:11:40.511782,ENR-002,Zone-B-Midtown,energy,Foggy,,,,,,,,,,,,41.09,54.6,34.9,0,27,0.93,0
R01154,2024-04-30T02:38:41.130887,ENR-001,Zone-B-Midtown,energy,Foggy,,,,,,,,,,,,185.13,212.12,37.1,1,37,0.92,1
R01155,2024-04-30T05:15:21.467077,ENR-001,Zone-E-Airport,energy,Rainy,,,,,,,,,,,,33.97,44.19,25.9,0,25,0.91,0
R01156,2024-04-30T07:12:00.447848,TRF-004,Zone-E-Airport,traffic,Foggy,362,5,0.83,95,1,,,,,,,,,,,41,0.94,1
R01157,2024-04-30T09:30:26.459802,ENR-005,Zone-C-Residential,energy,Windy,,,,,,,,,,,,137.88,167.73,38.5,0,52,0.91,0
R01158,2024-04-30T12:20:04.148667,TRF-005,Zone-D-Industrial,traffic,Clear,88,58.2,0.29,35,0,,,,,,,,,,,71,0.95,0
R01159,2024-04-30T14:53:14.827432,TRF-004,Zone-B-Midtown,traffic,Windy,134,50.4,0.41,44,0,,,,,,,,,,,58,0.99,0
R01160,2024-04-30T17:21:39.377958,TRF-004,Zone-E-Airport,traffic,Rainy,187,36.8,0.52,20,0,,,,,,,,,,,46,0.9,0
R01161,2024-04-30T20:13:11.889390,ENR-007,Zone-E-Airport,energy,Cloudy,,,,,,,,,,,,85.08,105.84,15.4,0,51,0.92,0
R01162,2024-04-30T22:04:39.626851,TRF-001,Zone-A-Downtown,traffic,Windy,57,55.6,0.2,16,0,,,,,,,,,,,92,0.96,0
R01163,2024-05-01T00:52:04.979153,ENR-007,Zone-C-Residential,energy,Clear,,,,,,,,,,,,33.13,42.94,44.2,0,35,0.96,0
R01164,2024-05-01T03:18:07.380413,TRF-004,Zone-A-Downtown,traffic,Clear,54,52.4,0.2,22,0,,,,,,,,,,,78,0.98,0
R01165,2024-05-01T06:03:26.801326,TRF-008,Zone-A-Downtown,traffic,Cloudy,91,47.2,0.26,55,0,,,,,,,,,,,79,0.96,0
R01166,2024-05-01T08:24:44.727310,AQI-001,Zone-A-Downtown,air_quality,Rainy,,,,,,17.0,28.7,400.2,12.8,38,Good,,,,,50,0.88,0
R01167,2024-05-01T11:11:22.830721,AQI-001,Zone-E-Airport,air_quality,Foggy,,,,,,13.9,27.8,369.1,24.6,36,Good,,,,,96,0.93,0
R01168,2024-05-01T13:22:02.269753,AQI-003,Zone-C-Residential,air_quality,Rainy,,,,,,11.2,21.8,413.3,14.0,29,Good,,,,,79,0.97,0
R01169,2024-05-01T16:29:00.646050,AQI-003,Zone-D-Industrial,air_quality,Windy,,,,,,31.3,52.5,496.9,39.8,87,Moderate,,,,,79,1.0,0
R01170,2024-05-01T18:27:02.767481,ENR-003,Zone-A-Downtown,energy,Rainy,,,,,,,,,,,,154.23,197.36,19.2,0,89,0.92,0
R01171,2024-05-01T21:21:03.952289,ENR-004,Zone-D-Industrial,energy,Clear,,,,,,,,,,,,60.52,82.56,57.5,0,86,0.95,0
R01172,2024-05-01T23:06:13.735130,TRF-003,Zone-B-Midtown,traffic,Rainy,37,71.9,0.01,26,0,,,,,,,,,,,86,0.93,0
R01173,2024-05-02T02:04:37.269960,AQI-002,Zone-B-Midtown,air_quality,Foggy,,,,,,11.3,22.4,421.0,9.1,30,Good,,,,,33,0.88,0
R01174,2024-05-02T04:41:41.774614,TRF-007,Zone-C-Residential,traffic,Cloudy,48,70.1,0.17,17,0,,,,,,,,,,,35,0.95,0
R01175,2024-05-02T06:42:25.514636,AQI-002,Zone-A-Downtown,air_quality,Rainy,,,,,,32.1,63.0,469.1,38.5,83,Moderate,,,,,69,0.95,0
R01176,2024-05-02T09:22:29.697372,TRF-008,Zone-E-Airport,traffic,Windy,368,6.8,0.91,65,1,,,,,,,,,,,80,0.97,1
R01177,2024-05-02T12:02:20.462291,TRF-006,Zone-D-Industrial,traffic,Clear,97,71.4,0.22,49,0,,,,,,,,,,,31,0.96,0
R01178,2024-05-02T14:04:58.672859,AQI-002,Zone-D-Industrial,air_quality,Foggy,,,,,,29.2,44.5,586.1,18.6,69,Moderate,,,,,47,1.0,0
R01179,2024-05-02T17:06:49.382113,TRF-003,Zone-E-Airport,traffic,Clear,130,39.4,0.25,67,0,,,,,,,,,,,69,0.96,0
R01180,2024-05-02T19:43:27.591329,TRF-002,Zone-E-Airport,traffic,Foggy,127,24.2,0.35,89,0,,,,,,,,,,,74,0.96,0
R01181,2024-05-02T21:36:34.828454,TRF-002,Zone-B-Midtown,traffic,Foggy,171,55.6,0.47,9,0,,,,,,,,,,,68,0.97,0
R01182,2024-05-03T00:20:24.253478,AQI-008,Zone-B-Midtown,air_quality,Foggy,,,,,,19.4,42.0,433.4,29.0,50,Good,,,,,97,0.92,0
R01183,2024-05-03T02:52:00.032317,AQI-001,Zone-E-Airport,air_quality,Rainy,,,,,,14.7,23.1,396.1,26.3,45,Good,,,,,74,0.96,0
R01184,2024-05-03T05:52:40.011692,ENR-008,Zone-D-Industrial,energy,Windy,,,,,,,,,,,,35.4,48.57,33.6,0,40,0.94,0
R01185,2024-05-03T07:35:10.959101,TRF-004,Zone-D-Industrial,traffic,Windy,178,39.1,0.45,46,0,,,,,,,,,,,72,0.96,0
R01186,2024-05-03T10:12:08.810159,TRF-007,Zone-A-Downtown,traffic,Rainy,125,56.2,0.29,29,0,,,,,,,,,,,21,0.92,0
R01187,2024-05-03T12:48:12.038920,AQI-006,Zone-B-Midtown,air_quality,Foggy,,,,,,21.4,39.3,451.5,33.1,64,Moderate,,,,,100,0.97,0
R01188,2024-05-03T15:32:29.050190,AQI-003,Zone-B-Midtown,air_quality,Windy,,,,,,18.6,40.8,385.9,30.4,57,Moderate,,,,,72,0.96,0
R01189,2024-05-03T18:20:23.175411,ENR-004,Zone-C-Residential,energy,Foggy,,,,,,,,,,,,72.3,96.46,38.4,0,23,0.97,0
R01190,2024-05-03T20:22:25.256041,ENR-004,Zone-B-Midtown,energy,Foggy,,,,,,,,,,,,115.13,153.94,41.0,0,40,0.92,0
R01191,2024-05-03T22:44:28.826176,ENR-008,Zone-A-Downtown,energy,Foggy,,,,,,,,,,,,25.08,32.89,36.4,0,38,0.95,0
R01192,2024-05-04T01:16:38.601957,TRF-006,Zone-C-Residential,traffic,Windy,44,72.2,0.06,9,0,,,,,,,,,,,95,0.96,0
R01193,2024-05-04T04:11:42.898422,AQI-003,Zone-D-Industrial,air_quality,Rainy,,,,,,20.7,38.5,501.8,19.8,50,Good,,,,,54,0.93,0
R01194,2024-05-04T06:52:29.105464,ENR-004,Zone-C-Residential,energy,Rainy,,,,,,,,,,,,68.06,81.12,26.3,0,62,0.92,0
R01195,2024-05-04T08:45:50.076536,ENR-004,Zone-E-Airport,energy,Cloudy,,,,,,,,,,,,124.08,162.11,35.6,0,89,0.99,0
R01196,2024-05-04T11:33:10.451494,TRF-008,Zone-E-Airport,traffic,Windy,110,34.8,0.25,32,0,,,,,,,,,,,63,0.97,0
R01197,2024-05-04T13:59:49.040477,TRF-008,Zone-C-Residential,traffic,Windy,159,50.8,0.43,46,0,,,,,,,,,,,68,0.96,0
R01198,2024-05-04T16:48:47.212301,AQI-001,Zone-A-Downtown,air_quality,Cloudy,,,,,,17.7,38.1,455.1,7.4,42,Good,,,,,92,0.93,0
R01199,2024-05-04T18:55:13.775500,TRF-007,Zone-D-Industrial,traffic,Windy,143,38.9,0.37,68,0,,,,,,,,,,,26,0.96,0
R01200,2024-05-04T21:06:26.861861,ENR-003,Zone-A-Downtown,energy,Foggy,,,,,,,,,,,,86.95,118.89,28.7,0,63,0.95,0
R01201,2024-05-05T00:28:36.610541,AQI-005,Zone-D-Industrial,air_quality,Cloudy,,,,,,20.3,34.2,473.6,6.9,41,Good,,,,,22,0.93,0
R01202,2024-05-05T02:33:13.356896,TRF-004,Zone-B-Midtown,traffic,Foggy,25,38.4,0.13,21,0,,,,,,,,,,,54,0.96,0
R01203,2024-05-05T04:44:46.294632,ENR-004,Zone-D-Industrial,energy,Windy,,,,,,,,,,,,30.16,34.75,30.9,0,50,0.96,0
R01204,2024-05-05T07:40:16.181739,ENR-007,Zone-D-Industrial,energy,Cloudy,,,,,,,,,,,,145.14,178.99,21.6,0,39,0.95,0
R01205,2024-05-05T10:06:54.190518,ENR-005,Zone-B-Midtown,energy,Foggy,,,,,,,,,,,,65.34,89.03,28.9,0,84,0.96,0
R01206,2024-05-05T12:36:56.296203,AQI-004,Zone-C-Residential,air_quality,Cloudy,,,,,,8.0,14.1,392.5,26.6,29,Good,,,,,65,0.93,0
R01207,2024-05-05T14:54:18.368225,TRF-005,Zone-B-Midtown,traffic,Foggy,113,55.4,0.32,35,0,,,,,,,,,,,28,0.9,0
R01208,2024-05-05T17:23:19.931562,TRF-007,Zone-A-Downtown,traffic,Foggy,203,30.1,0.53,40,0,,,,,,,,,,,54,0.96,0
R01209,2024-05-05T19:51:59.741113,AQI-008,Zone-B-Midtown,air_quality,Cloudy,,,,,,9.7,18.2,401.5,25.9,33,Good,,,,,66,0.96,0
R01210,2024-05-05T22:02:52.722694,TRF-003,Zone-A-Downtown,traffic,Windy,52,56.3,0.18,13,0,,,,,,,,,,,57,0.97,0
R01211,2024-05-06T01:22:15.631377,TRF-007,Zone-C-Residential,traffic,Cloudy,57,55.5,0.16,24,0,,,,,,,,,,,42,0.96,0
R01212,2024-05-06T03:17:17.674773,ENR-007,Zone-B-Midtown,energy,Cloudy,,,,,,,,,,,,194.55,218.5,26.7,1,32,0.94,1
R01213,2024-05-06T06:02:02.231970,AQI-006,Zone-B-Midtown,air_quality,Cloudy,,,,,,31.9,52.0,426.1,16.4,69,Moderate,,,,,54,0.94,0
R01214,2024-05-06T08:30:16.235086,TRF-003,Zone-B-Midtown,traffic,Clear,179,39.5,0.42,43,0,,,,,,,,,,,55,0.93,0
R01215,2024-05-06T10:57:44.658771,ENR-002,Zone-B-Midtown,energy,Cloudy,,,,,,,,,,,,85.21,103.38,26.3,0,20,0.94,0
R01216,2024-05-06T13:29:23.843465,AQI-007,Zone-E-Airport,air_quality,Foggy,,,,,,27.5,59.4,395.1,35.8,73,Moderate,,,,,52,0.92,0
R01217,2024-05-06T16:00:11.349174,ENR-001,Zone-B-Midtown,energy,Clear,,,,,,,,,,,,81.99,99.23,40.9,0,72,0.99,0
R01218,2024-05-06T18:22:57.260212,TRF-001,Zone-C-Residential,traffic,Foggy,227,37.4,0.55,50,0,,,,,,,,,,,95,0.96,0
R01219,2024-05-06T21:08:56.656750,TRF-004,Zone-B-Midtown,traffic,Clear,71,61.3,0.16,20,0,,,,,,,,,,,67,0.98,0
R01220,2024-05-06T23:52:56.580375,ENR-007,Zone-A-Downtown,energy,Cloudy,,,,,,,,,,,,48.45,57.59,16.4,0,26,0.91,0
R01221,2024-05-07T02:23:13.367502,AQI-002,Zone-E-Airport,air_quality,Rainy,,,,,,32.1,59.7,350.8,28.3,80,Moderate,,,,,28,0.94,0
R01222,2024-05-07T04:55:19.147034,TRF-002,Zone-B-Midtown,traffic,Windy,54,61.9,0.14,14,0,,,,,,,,,,,71,0.95,0
R01223,2024-05-07T06:50:02.547351,ENR-006,Zone-E-Airport,energy,Rainy,,,,,,,,,,,,107.9,122.68,33.8,0,76,0.95,0
R01224,2024-05-07T09:30:50.297911,ENR-002,Zone-B-Midtown,energy,Foggy,,,,,,,,,,,,95.57,125.61,28.3,0,38,0.91,0
R01225,2024-05-07T11:38:31.960470,AQI-002,Zone-E-Airport,air_quality,Foggy,,,,,,18.4,27.8,428.8,32.0,50,Good,,,,,73,0.97,0
R01226,2024-05-07T14:47:58.098003,AQI-007,Zone-E-Airport,air_quality,Windy,,,,,,18.2,28.1,419.5,30.0,53,Moderate,,,,,28,0.93,0
R01227,2024-05-07T16:43:08.740025,AQI-003,Zone-D-Industrial,air_quality,Clear,,,,,,11.4,22.0,516.1,44.3,43,Good,,,,,93,0.94,0
R01228,2024-05-07T19:33:30.846910,AQI-006,Zone-C-Residential,air_quality,Windy,,,,,,12.7,23.7,376.6,22.6,34,Good,,,,,48,0.99,0
R01229,2024-05-07T22:18:53.754677,ENR-005,Zone-C-Residential,energy,Windy,,,,,,,,,,,,58.29,65.02,24.8,0,95,0.93,0
R01230,2024-05-08T00:06:23.388488,TRF-004,Zone-B-Midtown,traffic,Cloudy,70,57.6,0.19,10,0,,,,,,,,,,,71,0.94,0
R01231,2024-05-08T02:55:09.449509,TRF-002,Zone-B-Midtown,traffic,Cloudy,64,50.3,0.18,2,0,,,,,,,,,,,27,0.9,0
R01232,2024-05-08T05:09:14.565393,ENR-001,Zone-C-Residential,energy,Rainy,,,,,,,,,,,,39.78,46.57,38.4,0,70,0.93,0
R01233,2024-05-08T08:05:18.323606,ENR-004,Zone-C-Residential,energy,Cloudy,,,,,,,,,,,,136.5,163.55,35.1,0,68,0.96,0
R01234,2024-05-08T10:04:56.316928,AQI-003,Zone-E-Airport,air_quality,Foggy,,,,,,15.1,23.6,473.5,21.6,46,Good,,,,,39,0.95,0
R01235,2024-05-08T12:40:39.263053,TRF-006,Zone-C-Residential,traffic,Windy,119,59.4,0.33,80,0,,,,,,,,,,,30,1.01,0
R01236,2024-05-08T15:59:17.464806,ENR-004,Zone-B-Midtown,energy,Foggy,,,,,,,,,,,,69.25,82.23,30.5,0,87,0.99,0
R01237,2024-05-08T17:38:19.017613,ENR-005,Zone-B-Midtown,energy,Windy,,,,,,,,,,,,145.49,186.51,29.0,0,63,0.94,0
R01238,2024-05-08T20:39:54.030873,AQI-008,Zone-C-Residential,air_quality,Windy,,,,,,9.6,17.2,374.7,41.1,38,Good,,,,,61,0.93,0
R01239,2024-05-08T22:42:37.970226,ENR-003,Zone-A-Downtown,energy,Clear,,,,,,,,,,,,37.2,52.06,41.0,0,36,0.96,0
R01240,2024-05-09T01:46:13.320150,AQI-004,Zone-D-Industrial,air_quality,Foggy,,,,,,30.5,65.6,478.0,12.0,71,Moderate,,,,,58,0.97,0
R01241,2024-05-09T03:58:23.621810,TRF-003,Zone-D-Industrial,traffic,Cloudy,44,73.3,0.14,17,0,,,,,,,,,,,83,0.92,0
R01242,2024-05-09T06:27:48.614208,AQI-006,Zone-D-Industrial,air_quality,Cloudy,,,,,,27.6,54.1,453.0,41.1,72,Moderate,,,,,20,0.94,0
R01243,2024-05-09T09:22:09.026970,TRF-005,Zone-D-Industrial,traffic,Clear,205,36.4,0.54,48,0,,,,,,,,,,,97,0.93,0
R01244,2024-05-09T11:12:08.119399,TRF-001,Zone-A-Downtown,traffic,Rainy,120,58.0,0.25,57,0,,,,,,,,,,,84,0.95,0
R01245,2024-05-09T13:42:06.167622,TRF-005,Zone-E-Airport,traffic,Foggy,161,54.4,0.36,29,0,,,,,,,,,,,25,0.9,0
R01246,2024-05-09T16:32:49.643452,ENR-008,Zone-A-Downtown,energy,Rainy,,,,,,,,,,,,93.9,114.76,17.6,0,80,0.91,0
R01247,2024-05-09T19:19:46.389968,ENR-008,Zone-E-Airport,energy,Windy,,,,,,,,,,,,111.53,137.72,42.3,0,58,1.0,0
R01248,2024-05-09T21:49:00.250564,ENR-005,Zone-D-Industrial,energy,Rainy,,,,,,,,,,,,210.36,245.86,33.3,1,50,1.0,1
R01249,2024-05-09T23:53:49.128653,ENR-002,Zone-C-Residential,energy,Windy,,,,,,,,,,,,26.05,32.58,27.0,0,59,0.96,0
R01250,2024-05-10T02:29:47.888163,ENR-005,Zone-A-Downtown,energy,Cloudy,,,,,,,,,,,,22.28,27.11,29.1,0,45,0.93,0
R01251,2024-05-10T04:30:51.160875,ENR-006,Zone-B-Midtown,energy,Foggy,,,,,,,,,,,,193.12,227.39,42.1,1,57,0.94,1
R01252,2024-05-10T07:54:21.436355,TRF-003,Zone-C-Residential,traffic,Clear,138,31.0,0.52,48,0,,,,,,,,,,,29,0.91,0
R01253,2024-05-10T10:28:58.128979,AQI-001,Zone-B-Midtown,air_quality,Clear,,,,,,23.3,50.7,350.7,33.3,59,Moderate,,,,,84,0.97,0
R01254,2024-05-10T12:45:57.599254,AQI-008,Zone-E-Airport,air_quality,Clear,,,,,,7.4,12.9,385.3,30.2,27,Good,,,,,89,0.96,0
R01255,2024-05-10T15:26:41.786584,AQI-002,Zone-A-Downtown,air_quality,Cloudy,,,,,,25.9,48.5,466.6,2.5,58,Moderate,,,,,64,0.96,0
R01256,2024-05-10T17:01:47.240787,AQI-007,Zone-A-Downtown,air_quality,Windy,,,,,,14.0,27.1,430.4,11.8,29,Good,,,,,49,0.95,0
R01257,2024-05-10T20:20:04.240197,AQI-008,Zone-E-Airport,air_quality,Foggy,,,,,,14.7,22.5,404.4,24.2,41,Good,,,,,22,0.95,0
R01258,2024-05-10T22:59:15.584621,AQI-006,Zone-D-Industrial,air_quality,Clear,,,,,,30.2,63.1,490.3,14.4,63,Moderate,,,,,95,0.93,0
R01259,2024-05-11T00:38:08.773087,ENR-006,Zone-A-Downtown,energy,Windy,,,,,,,,,,,,36.57,42.93,16.1,0,88,0.96,0
R01260,2024-05-11T03:51:31.164890,TRF-005,Zone-B-Midtown,traffic,Rainy,39,63.1,0.1,25,0,,,,,,,,,,,87,0.88,0
R01261,2024-05-11T05:51:49.626855,ENR-005,Zone-D-Industrial,energy,Clear,,,,,,,,,,,,182.88,206.27,51.2,1,37,0.99,1
R01262,2024-05-11T08:51:05.651610,ENR-002,Zone-C-Residential,energy,Rainy,,,,,,,,,,,,110.47,125.62,18.3,0,30,0.93,0
R01263,2024-05-11T10:43:53.469765,TRF-002,Zone-E-Airport,traffic,Windy,57,48.8,0.13,34,0,,,,,,,,,,,71,0.95,0
R01264,2024-05-11T13:55:07.817930,ENR-006,Zone-C-Residential,energy,Clear,,,,,,,,,,,,79.23,89.39,45.8,0,81,0.95,0
R01265,2024-05-11T15:32:33.089452,AQI-007,Zone-E-Airport,air_quality,Clear,,,,,,9.4,19.3,399.2,30.3,38,Good,,,,,92,0.96,0
R01266,2024-05-11T18:42:02.510877,TRF-001,Zone-D-Industrial,traffic,Cloudy,231,44.5,0.61,29,0,,,,,,,,,,,50,0.95,0
R01267,2024-05-11T21:01:22.710445,TRF-004,Zone-D-Industrial,traffic,Windy,119,42.5,0.33,18,0,,,,,,,,,,,57,0.99,0
R01268,2024-05-11T23:20:39.364327,ENR-007,Zone-E-Airport,energy,Rainy,,,,,,,,,,,,21.5,28.21,16.0,0,52,0.93,0
R01269,2024-05-12T02:28:40.137042,ENR-004,Zone-C-Residential,energy,Cloudy,,,,,,,,,,,,26.46,35.57,7.1,0,51,0.91,0
R01270,2024-05-12T04:07:56.814867,TRF-004,Zone-A-Downtown,traffic,Clear,53,60.2,0.2,14,0,,,,,,,,,,,46,0.94,0
R01271,2024-05-12T06:30:49.535718,TRF-004,Zone-D-Industrial,traffic,Cloudy,64,51.9,0.14,11,0,,,,,,,,,,,68,1.01,0
R01272,2024-05-12T09:39:34.272819,AQI-008,Zone-B-Midtown,air_quality,Cloudy,,,,,,8.2,17.2,468.3,18.9,24,Good,,,,,75,0.92,0
R01273,2024-05-12T11:32:56.160333,TRF-008,Zone-B-Midtown,traffic,Clear,145,40.6,0.33,38,0,,,,,,,,,,,34,0.96,0
R01274,2024-05-12T14:16:45.581086,ENR-001,Zone-D-Industrial,energy,Windy,,,,,,,,,,,,77.53,95.85,27.7,0,45,0.97,0
R01275,2024-05-12T17:11:18.351256,TRF-008,Zone-D-Industrial,traffic,Rainy,197,50.9,0.53,61,0,,,,,,,,,,,82,0.88,0
R01276,2024-05-12T19:33:06.287610,ENR-003,Zone-A-Downtown,energy,Rainy,,,,,,,,,,,,185.88,233.58,27.1,0,86,0.93,0
R01277,2024-05-12T22:17:58.060814,AQI-001,Zone-A-Downtown,air_quality,Windy,,,,,,31.4,52.6,460.0,25.9,78,Moderate,,,,,98,1.03,0
R01278,2024-05-13T00:34:27.889214,AQI-003,Zone-D-Industrial,air_quality,Windy,,,,,,94.9,188.2,493.1,52.8,211,Very Unhealthy,,,,,81,0.94,1
R01279,2024-05-13T02:41:36.308895,TRF-005,Zone-D-Industrial,traffic,Rainy,46,61.6,0.04,22,0,,,,,,,,,,,97,0.92,0
R01280,2024-05-13T05:22:47.717452,ENR-004,Zone-C-Residential,energy,Clear,,,,,,,,,,,,31.01,37.43,45.7,0,83,0.91,0
R01281,2024-05-13T07:43:39.279655,AQI-001,Zone-A-Downtown,air_quality,Clear,,,,,,23.4,35.8,443.4,12.9,49,Good,,,,,33,0.96,0
R01282,2024-05-13T10:40:51.458707,AQI-008,Zone-B-Midtown,air_quality,Cloudy,,,,,,18.7,31.4,433.3,33.9,53,Moderate,,,,,95,0.93,0
R01283,2024-05-13T13:23:23.285635,AQI-002,Zone-C-Residential,air_quality,Cloudy,,,,,,23.1,44.3,432.6,24.5,56,Moderate,,,,,25,0.88,0
R01284,2024-05-13T15:28:33.644878,TRF-003,Zone-A-Downtown,traffic,Foggy,126,65.1,0.3,45,0,,,,,,,,,,,94,0.96,0
R01285,2024-05-13T17:30:00.334483,AQI-006,Zone-D-Industrial,air_quality,Windy,,,,,,38.4,58.3,534.5,33.1,88,Moderate,,,,,55,0.97,0
R01286,2024-05-13T20:14:03.190404,TRF-003,Zone-B-Midtown,traffic,Cloudy,172,54.0,0.45,20,0,,,,,,,,,,,24,0.96,0
R01287,2024-05-13T22:37:04.354427,AQI-004,Zone-C-Residential,air_quality,Rainy,,,,,,6.9,14.4,439.0,30.3,25,Good,,,,,67,0.97,0
R01288,2024-05-14T01:02:06.466223,TRF-007,Zone-A-Downtown,traffic,Clear,49,60.6,0.15,18,0,,,,,,,,,,,41,0.95,0
R01289,2024-05-14T04:03:17.990394,ENR-006,Zone-D-Industrial,energy,Cloudy,,,,,,,,,,,,43.65,55.8,26.3,0,77,0.93,0
R01290,2024-05-14T06:25:29.590742,ENR-008,Zone-C-Residential,energy,Rainy,,,,,,,,,,,,92.26,122.85,45.8,0,22,0.96,0
R01291,2024-05-14T09:16:21.209042,ENR-002,Zone-E-Airport,energy,Clear,,,,,,,,,,,,151.19,172.06,60.4,0,88,0.97,0
R01292,2024-05-14T11:56:58.425416,TRF-008,Zone-D-Industrial,traffic,Windy,124,52.0,0.35,67,0,,,,,,,,,,,36,0.95,0
R01293,2024-05-14T14:21:29.891364,ENR-002,Zone-B-Midtown,energy,Windy,,,,,,,,,,,,91.44,109.89,22.5,0,62,0.94,0
R01294,2024-05-14T16:32:56.066748,AQI-001,Zone-D-Industrial,air_quality,Foggy,,,,,,32.0,52.9,551.9,17.1,76,Moderate,,,,,76,0.92,0
R01295,2024-05-14T18:34:17.166832,AQI-002,Zone-C-Residential,air_quality,Foggy,,,,,,15.4,23.4,477.4,26.7,49,Good,,,,,23,0.9,0
R01296,2024-05-14T21:51:46.388832,AQI-002,Zone-C-Residential,air_quality,Cloudy,,,,,,21.8,34.0,382.8,34.0,56,Moderate,,,,,76,1.02,0
R01297,2024-05-15T00:17:01.138856,ENR-006,Zone-A-Downtown,energy,Windy,,,,,,,,,,,,188.4,228.66,37.5,1,34,0.96,1
R01298,2024-05-15T02:17:23.502467,TRF-003,Zone-A-Downtown,traffic,Windy,34,44.4,0.05,9,0,,,,,,,,,,,29,0.96,0
R01299,2024-05-15T04:39:02.078094,AQI-005,Zone-E-Airport,air_quality,Windy,,,,,,14.5,26.9,451.0,22.1,35,Good,,,,,20,0.95,0
R01300,2024-05-15T07:39:43.333610,AQI-007,Zone-C-Residential,air_quality,Rainy,,,,,,17.0,27.3,396.3,21.3,45,Good,,,,,39,0.96,0
R01301,2024-05-15T10:17:51.720473,ENR-006,Zone-C-Residential,energy,Clear,,,,,,,,,,,,100.25,121.56,29.2,0,25,0.94,0
R01302,2024-05-15T12:28:11.169210,ENR-004,Zone-D-Industrial,energy,Windy,,,,,,,,,,,,83.16,105.4,17.0,0,22,0.91,0
R01303,2024-05-15T15:16:20.519314,AQI-003,Zone-B-Midtown,air_quality,Clear,,,,,,23.9,50.3,354.8,24.8,63,Moderate,,,,,87,0.99,0
R01304,2024-05-15T17:44:18.622366,TRF-005,Zone-B-Midtown,traffic,Windy,75,36.8,0.14,57,0,,,,,,,,,,,44,0.94,0
R01305,2024-05-15T19:46:04.077980,TRF-002,Zone-B-Midtown,traffic,Foggy,177,35.5,0.47,29,0,,,,,,,,,,,59,0.93,0
R01306,2024-05-15T22:24:27.508363,TRF-004,Zone-D-Industrial,traffic,Cloudy,45,42.9,0.12,21,0,,,,,,,,,,,52,1.0,0
R01307,2024-05-16T01:19:19.332903,TRF-007,Zone-B-Midtown,traffic,Rainy,60,49.2,0.18,18,0,,,,,,,,,,,49,0.94,0
R01308,2024-05-16T03:43:16.046850,ENR-003,Zone-C-Residential,energy,Cloudy,,,,,,,,,,,,35.47,39.92,28.9,0,68,0.93,0
R01309,2024-05-16T06:21:47.103064,ENR-001,Zone-B-Midtown,energy,Clear,,,,,,,,,,,,118.14,149.66,38.7,0,55,0.95,0
R01310,2024-05-16T08:19:53.584426,AQI-008,Zone-E-Airport,air_quality,Clear,,,,,,14.5,28.2,441.0,33.3,43,Good,,,,,47,0.95,0
R01311,2024-05-16T10:42:32.173831,AQI-006,Zone-B-Midtown,air_quality,Windy,,,,,,13.0,23.1,463.2,26.0,35,Good,,,,,31,0.97,0
R01312,2024-05-16T13:05:40.469600,ENR-008,Zone-A-Downtown,energy,Windy,,,,,,,,,,,,249.68,281.5,28.9,1,45,0.93,1
R01313,2024-05-16T16:08:38.501642,AQI-001,Zone-D-Industrial,air_quality,Clear,,,,,,28.2,61.2,535.9,18.2,68,Moderate,,,,,83,0.95,0
R01314,2024-05-16T18:23:21.626411,ENR-007,Zone-E-Airport,energy,Windy,,,,,,,,,,,,100.82,111.22,37.4,0,23,1.0,0
R01315,2024-05-16T21:05:09.925017,TRF-007,Zone-A-Downtown,traffic,Windy,64,42.0,0.16,54,0,,,,,,,,,,,80,0.93,0
R01316,2024-05-16T23:43:45.340156,AQI-002,Zone-D-Industrial,air_quality,Clear,,,,,,20.9,41.3,468.0,33.6,58,Moderate,,,,,37,0.96,0
R01317,2024-05-17T02:06:13.289065,AQI-005,Zone-A-Downtown,air_quality,Windy,,,,,,15.9,26.4,393.0,23.3,38,Good,,,,,95,1.02,0
R01318,2024-05-17T04:11:40.941338,AQI-003,Zone-B-Midtown,air_quality,Windy,,,,,,38.9,62.4,421.5,33.0,94,Moderate,,,,,73,0.97,0
R01319,2024-05-17T06:32:11.338326,AQI-005,Zone-B-Midtown,air_quality,Windy,,,,,,20.8,44.9,447.6,27.5,50,Good,,,,,63,0.96,0
R01320,2024-05-17T09:25:43.210283,AQI-001,Zone-E-Airport,air_quality,Clear,,,,,,36.7,58.4,421.1,23.1,79,Moderate,,,,,44,0.96,0
R01321,2024-05-17T12:23:05.774397,ENR-007,Zone-E-Airport,energy,Clear,,,,,,,,,,,,80.22,106.6,33.5,0,29,0.98,0
R01322,2024-05-17T14:19:13.361569,AQI-002,Zone-B-Midtown,air_quality,Cloudy,,,,,,16.6,29.9,428.3,14.8,36,Good,,,,,82,0.94,0
R01323,2024-05-17T17:07:34.961841,ENR-003,Zone-E-Airport,energy,Cloudy,,,,,,,,,,,,139.66,193.98,22.8,0,34,0.95,0
R01324,2024-05-17T19:00:17.852456,ENR-008,Zone-B-Midtown,energy,Rainy,,,,,,,,,,,,191.3,237.8,23.7,0,87,0.92,0
R01325,2024-05-17T21:38:11.382982,TRF-004,Zone-C-Residential,traffic,Windy,162,59.9,0.33,46,0,,,,,,,,,,,97,0.97,0
R01326,2024-05-18T00:59:35.485805,ENR-002,Zone-C-Residential,energy,Rainy,,,,,,,,,,,,25.44,35.12,27.6,0,52,0.92,0
R01327,2024-05-18T03:04:58.436786,TRF-007,Zone-E-Airport,traffic,Windy,59,44.3,0.18,8,0,,,,,,,,,,,96,0.95,0
R01328,2024-05-18T05:45:39.903840,AQI-002,Zone-E-Airport,air_quality,Rainy,,,,,,6.0,12.3,382.5,18.2,25,Good,,,,,51,0.97,0
R01329,2024-05-18T07:47:39.867007,AQI-005,Zone-E-Airport,air_quality,Windy,,,,,,26.2,55.0,480.4,18.9,57,Moderate,,,,,43,0.98,0
R01330,2024-05-18T10:13:22.900474,AQI-007,Zone-D-Industrial,air_quality,Windy,,,,,,15.7,33.9,461.1,33.5,51,Moderate,,,,,80,0.97,0
R01331,2024-05-18T12:57:25.853388,ENR-001,Zone-D-Industrial,energy,Cloudy,,,,,,,,,,,,108.65,129.6,45.0,0,86,0.93,0
R01332,2024-05-18T15:36:24.231865,TRF-006,Zone-B-Midtown,traffic,Windy,160,44.9,0.47,3,0,,,,,,,,,,,20,1.01,0
R01333,2024-05-18T18:23:14.217789,TRF-003,Zone-E-Airport,traffic,Windy,111,48.5,0.29,64,0,,,,,,,,,,,65,0.92,0
R01334,2024-05-18T20:32:40.201523,TRF-005,Zone-A-Downtown,traffic,Windy,97,62.1,0.33,52,0,,,,,,,,,,,21,0.9,0
R01335,2024-05-18T22:35:53.710002,AQI-003,Zone-B-Midtown,air_quality,Windy,,,,,,12.5,21.7,433.5,22.7,34,Good,,,,,54,0.94,0
R01336,2024-05-19T01:35:15.400363,AQI-005,Zone-A-Downtown,air_quality,Clear,,,,,,20.7,33.4,420.0,24.6,58,Moderate,,,,,85,0.92,0
R01337,2024-05-19T04:23:06.841626,TRF-001,Zone-A-Downtown,traffic,Foggy,52,68.2,0.16,18,0,,,,,,,,,,,23,0.93,0
R01338,2024-05-19T06:02:52.498144,TRF-001,Zone-E-Airport,traffic,Rainy,111,52.2,0.28,35,0,,,,,,,,,,,72,0.96,0
R01339,2024-05-19T09:01:18.507780,AQI-008,Zone-D-Industrial,air_quality,Cloudy,,,,,,12.2,21.4,484.5,19.0,35,Good,,,,,76,0.93,0
R01340,2024-05-19T11:09:44.324224,AQI-008,Zone-B-Midtown,air_quality,Foggy,,,,,,20.3,36.3,431.2,29.0,50,Good,,,,,91,0.96,0
R01341,2024-05-19T13:59:31.538778,ENR-008,Zone-D-Industrial,energy,Clear,,,,,,,,,,,,53.43,67.84,48.4,0,53,0.95,0
R01342,2024-05-19T16:01:21.846251,AQI-005,Zone-A-Downtown,air_quality,Cloudy,,,,,,14.7,23.4,423.7,33.6,43,Good,,,,,45,0.94,0
R01343,2024-05-19T18:50:41.068033,AQI-002,Zone-D-Industrial,air_quality,Windy,,,,,,22.7,49.9,504.5,37.6,60,Moderate,,,,,97,0.93,0
R01344,2024-05-19T21:09:48.178128,ENR-004,Zone-D-Industrial,energy,Cloudy,,,,,,,,,,,,102.35,126.95,28.9,0,89,0.93,0
R01345,2024-05-19T23:37:16.551168,TRF-002,Zone-E-Airport,traffic,Rainy,43,41.6,0.06,19,0,,,,,,,,,,,26,0.98,0
R01346,2024-05-20T02:08:27.064074,ENR-001,Zone-A-Downtown,energy,Foggy,,,,,,,,,,,,39.87,46.31,29.8,0,52,0.96,0
R01347,2024-05-20T05:02:03.054549,AQI-008,Zone-D-Industrial,air_quality,Windy,,,,,,21.0,34.2,517.7,25.5,50,Good,,,,,82,0.98,0
R01348,2024-05-20T07:49:38.362017,TRF-004,Zone-C-Residential,traffic,Windy,143,29.1,0.39,37,0,,,,,,,,,,,97,1.0,0
R01349,2024-05-20T09:56:16.551611,AQI-004,Zone-E-Airport,air_quality,Cloudy,,,,,,20.9,41.3,404.7,24.0,51,Moderate,,,,,93,0.96,0
R01350,2024-05-20T12:45:00.976417,AQI-001,Zone-D-Industrial,air_quality,Windy,,,,,,22.7,48.8,476.9,33.4,57,Moderate,,,,,71,0.97,0
R01351,2024-05-20T15:21:39.254535,ENR-007,Zone-E-Airport,energy,Cloudy,,,,,,,,,,,,118.85,144.15,31.6,0,38,1.0,0
R01352,2024-05-20T17:10:49.616304,ENR-006,Zone-B-Midtown,energy,Clear,,,,,,,,,,,,156.57,204.11,44.1,0,62,0.95,0
R01353,2024-05-20T20:02:20.668291,ENR-002,Zone-C-Residential,energy,Foggy,,,,,,,,,,,,82.33,109.58,17.9,0,42,0.99,0
R01354,2024-05-20T22:19:38.613162,ENR-008,Zone-E-Airport,energy,Clear,,,,,,,,,,,,38.59,48.63,42.0,0,99,0.93,0
R01355,2024-05-21T01:06:32.260557,TRF-001,Zone-B-Midtown,traffic,Cloudy,58,57.1,0.21,17,0,,,,,,,,,,,49,0.93,0
R01356,2024-05-21T03:58:30.033606,ENR-005,Zone-E-Airport,energy,Rainy,,,,,,,,,,,,25.48,30.31,14.8,0,98,0.91,0
R01357,2024-05-21T06:00:43.940285,ENR-002,Zone-C-Residential,energy,Rainy,,,,,,,,,,,,63.77,85.65,26.9,0,24,0.94,0
R01358,2024-05-21T08:21:24.976331,TRF-007,Zone-D-Industrial,traffic,Foggy,134,19.4,0.3,80,0,,,,,,,,,,,77,1.01,0
R01359,2024-05-21T10:46:29.640160,AQI-002,Zone-D-Industrial,air_quality,Foggy,,,,,,18.0,37.8,501.8,15.4,45,Good,,,,,39,0.94,0
R01360,2024-05-21T13:50:13.362019,TRF-004,Zone-D-Industrial,traffic,Clear,75,52.0,0.26,40,0,,,,,,,,,,,100,0.96,0
R01361,2024-05-21T16:11:43.805859,AQI-006,Zone-D-Industrial,air_quality,Foggy,,,,,,20.6,35.7,491.9,25.8,59,Moderate,,,,,35,0.98,0
R01362,2024-05-21T18:10:33.265948,AQI-006,Zone-C-Residential,air_quality,Rainy,,,,,,32.9,61.4,390.9,27.4,76,Moderate,,,,,65,0.97,0
R01363,2024-05-21T20:41:08.479996,TRF-003,Zone-E-Airport,traffic,Windy,83,59.6,0.12,46,0,,,,,,,,,,,89,1.02,0
R01364,2024-05-21T23:57:37.708916,AQI-002,Zone-C-Residential,air_quality,Foggy,,,,,,28.6,49.5,441.7,16.1,67,Moderate,,,,,42,0.94,0
R01365,2024-05-22T02:24:50.233852,TRF-003,Zone-E-Airport,traffic,Cloudy,27,44.3,0.08,23,0,,,,,,,,,,,67,1.0,0
R01366,2024-05-22T04:56:22.485978,TRF-007,Zone-C-Residential,traffic,Rainy,262,17.6,0.61,30,1,,,,,,,,,,,91,0.93,1
R01367,2024-05-22T06:49:27.754868,ENR-008,Zone-C-Residential,energy,Rainy,,,,,,,,,,,,94.67,107.54,43.2,0,85,0.96,0
R01368,2024-05-22T09:49:56.629629,AQI-008,Zone-B-Midtown,air_quality,Clear,,,,,,15.2,31.7,409.0,31.3,41,Good,,,,,31,0.96,0
R01369,2024-05-22T11:48:27.289725,TRF-008,Zone-A-Downtown,traffic,Rainy,102,57.1,0.29,49,0,,,,,,,,,,,47,0.99,0
R01370,2024-05-22T14:49:03.139737,ENR-002,Zone-B-Midtown,energy,Foggy,,,,,,,,,,,,83.52,107.43,31.6,0,39,0.94,0
R01371,2024-05-22T16:36:32.776902,AQI-002,Zone-A-Downtown,air_quality,Rainy,,,,,,7.1,12.6,317.6,18.7,27,Good,,,,,87,0.94,0
R01372,2024-05-22T19:43:57.006412,TRF-008,Zone-A-Downtown,traffic,Rainy,182,37.4,0.51,24,0,,,,,,,,,,,71,0.93,0
R01373,2024-05-22T21:39:46.042282,TRF-006,Zone-E-Airport,traffic,Foggy,177,49.5,0.4,32,0,,,,,,,,,,,77,0.93,0
R01374,2024-05-23T00:51:45.333661,TRF-006,Zone-E-Airport,traffic,Rainy,45,61.3,0.09,9,0,,,,,,,,,,,74,0.91,0
R01375,2024-05-23T03:27:52.327451,AQI-006,Zone-E-Airport,air_quality,Rainy,,,,,,31.9,68.2,474.7,42.9,86,Moderate,,,,,62,0.94,0
R01376,2024-05-23T05:01:31.424680,AQI-001,Zone-A-Downtown,air_quality,Clear,,,,,,14.0,26.7,460.1,27.8,39,Good,,,,,36,0.94,0
R01377,2024-05-23T08:08:33.541796,AQI-002,Zone-C-Residential,air_quality,Rainy,,,,,,25.3,38.5,421.0,29.0,68,Moderate,,,,,43,0.99,0
R01378,2024-05-23T10:40:55.181777,TRF-005,Zone-E-Airport,traffic,Windy,88,64.1,0.21,31,0,,,,,,,,,,,48,0.89,0
R01379,2024-05-23T13:17:19.779526,AQI-005,Zone-D-Industrial,air_quality,Cloudy,,,,,,36.0,57.3,549.2,1.2,69,Moderate,,,,,67,0.93,0
R01380,2024-05-23T15:04:10.535583,TRF-003,Zone-E-Airport,traffic,Clear,191,56.3,0.49,42,0,,,,,,,,,,,20,0.97,0
R01381,2024-05-23T18:07:36.883066,ENR-001,Zone-D-Industrial,energy,Clear,,,,,,,,,,,,96.65,120.51,43.7,0,46,0.94,0
R01382,2024-05-23T20:01:27.211397,TRF-008,Zone-D-Industrial,traffic,Windy,87,51.8,0.19,45,0,,,,,,,,,,,79,0.98,0
R01383,2024-05-23T22:49:15.055902,AQI-006,Zone-E-Airport,air_quality,Rainy,,,,,,6.5,14.0,461.2,18.7,25,Good,,,,,78,0.99,0
R01384,2024-05-24T01:22:56.686019,ENR-004,Zone-A-Downtown,energy,Foggy,,,,,,,,,,,,42.66,59.22,18.3,0,80,0.96,0
R01385,2024-05-24T03:42:54.246674,ENR-004,Zone-E-Airport,energy,Windy,,,,,,,,,,,,41.89,58.1,37.9,0,42,0.94,0
R01386,2024-05-24T06:09:18.689938,AQI-004,Zone-D-Industrial,air_quality,Cloudy,,,,,,26.5,51.9,446.5,12.7,57,Moderate,,,,,90,0.93,0
R01387,2024-05-24T09:03:02.372139,TRF-003,Zone-C-Residential,traffic,Rainy,182,45.4,0.48,50,0,,,,,,,,,,,91,0.97,0
R01388,2024-05-24T11:07:19.763577,AQI-008,Zone-D-Industrial,air_quality,Cloudy,,,,,,25.7,45.6,500.1,27.0,64,Moderate,,,,,53,0.98,0
R01389,2024-05-24T14:27:11.078681,ENR-002,Zone-B-Midtown,energy,Foggy,,,,,,,,,,,,65.35,88.51,29.4,0,93,0.95,0
R01390,2024-05-24T16:10:27.590036,TRF-001,Zone-C-Residential,traffic,Cloudy,78,45.4,0.26,27,0,,,,,,,,,,,47,0.89,0
R01391,2024-05-24T18:49:36.756365,ENR-004,Zone-B-Midtown,energy,Cloudy,,,,,,,,,,,,281.37,366.5,35.3,1,66,0.95,1
R01392,2024-05-24T21:23:49.674073,AQI-001,Zone-E-Airport,air_quality,Cloudy,,,,,,22.7,42.9,404.2,6.4,50,Good,,,,,86,0.91,0
R01393,2024-05-25T00:00:12.458553,AQI-008,Zone-C-Residential,air_quality,Cloudy,,,,,,15.1,29.7,359.3,20.4,43,Good,,,,,70,0.97,0
R01394,2024-05-25T02:55:27.489282,AQI-001,Zone-B-Midtown,air_quality,Clear,,,,,,12.2,23.8,484.3,32.8,44,Good,,,,,61,0.9,0
R01395,2024-05-25T04:36:34.131020,TRF-003,Zone-B-Midtown,traffic,Windy,49,53.4,0.16,22,0,,,,,,,,,,,95,0.95,0
R01396,2024-05-25T07:05:32.910212,TRF-005,Zone-E-Airport,traffic,Cloudy,113,43.2,0.18,-2,0,,,,,,,,,,,30,0.91,0
R01397,2024-05-25T09:42:37.501576,ENR-002,Zone-E-Airport,energy,Clear,,,,,,,,,,,,143.87,164.81,46.7,0,46,0.98,0
R01398,2024-05-25T12:55:26.355047,AQI-007,Zone-D-Industrial,air_quality,Cloudy,,,,,,41.4,79.7,499.7,20.7,89,Moderate,,,,,68,0.94,0
R01399,2024-05-25T14:40:50.545121,TRF-001,Zone-D-Industrial,traffic,Cloudy,129,43.0,0.23,42,0,,,,,,,,,,,45,0.88,0
R01400,2024-05-25T17:55:31.738748,AQI-004,Zone-A-Downtown,air_quality,Rainy,,,,,,11.4,21.4,431.4,19.1,37,Good,,,,,58,0.92,0
R01401,2024-05-25T20:16:35.935523,TRF-005,Zone-B-Midtown,traffic,Clear,157,56.8,0.34,51,0,,,,,,,,,,,63,0.98,0
R01402,2024-05-25T22:19:35.901380,TRF-005,Zone-D-Industrial,traffic,Cloudy,235,27.9,0.56,27,1,,,,,,,,,,,64,0.87,1
R01403,2024-05-26T01:13:17.667138,AQI-002,Zone-A-Downtown,air_quality,Cloudy,,,,,,11.3,23.1,408.4,8.9,23,Good,,,,,49,0.92,0
R01404,2024-05-26T03:58:07.987826,TRF-005,Zone-B-Midtown,traffic,Foggy,33,51.2,0.02,22,0,,,,,,,,,,,36,0.95,0
R01405,2024-05-26T06:26:29.445575,AQI-003,Zone-A-Downtown,air_quality,Cloudy,,,,,,19.8,42.6,394.9,29.4,51,Moderate,,,,,81,0.95,0
R01406,2024-05-26T08:03:37.112271,ENR-001,Zone-D-Industrial,energy,Clear,,,,,,,,,,,,162.31,220.51,52.1,0,36,0.95,0
R01407,2024-05-26T11:21:36.039246,ENR-002,Zone-C-Residential,energy,Rainy,,,,,,,,,,,,109.64,143.12,15.9,0,20,0.96,0
R01408,2024-05-26T13:17:07.640856,TRF-002,Zone-A-Downtown,traffic,Windy,166,75.7,0.34,16,0,,,,,,,,,,,77,0.93,0
R01409,2024-05-26T15:52:06.837956,AQI-005,Zone-E-Airport,air_quality,Clear,,,,,,6.3,11.0,392.1,20.8,21,Good,,,,,52,1.01,0
R01410,2024-05-26T18:28:46.457392,TRF-005,Zone-D-Industrial,traffic,Foggy,395,7.3,1.0,86,1,,,,,,,,,,,35,0.96,1
R01411,2024-05-26T21:24:41.284388,AQI-004,Zone-A-Downtown,air_quality,Foggy,,,,,,18.4,37.4,435.1,28.2,53,Moderate,,,,,25,0.92,0
R01412,2024-05-26T23:48:44.410202,ENR-008,Zone-A-Downtown,energy,Cloudy,,,,,,,,,,,,31.34,42.64,37.1,0,27,0.97,0
R01413,2024-05-27T01:57:48.439206,TRF-001,Zone-D-Industrial,traffic,Foggy,65,60.2,0.1,29,0,,,,,,,,,,,56,0.93,0
R01414,2024-05-27T04:16:31.972048,TRF-007,Zone-B-Midtown,traffic,Clear,59,67.7,0.16,19,0,,,,,,,,,,,87,0.98,0
R01415,2024-05-27T07:10:34.918070,ENR-007,Zone-E-Airport,energy,Rainy,,,,,,,,,,,,138.35,166.04,42.3,0,45,0.94,0
R01416,2024-05-27T09:48:35.517772,AQI-005,Zone-D-Industrial,air_quality,Foggy,,,,,,25.1,40.3,493.4,27.9,62,Moderate,,,,,37,0.94,0
R01417,2024-05-27T11:31:55.504666,AQI-007,Zone-D-Industrial,air_quality,Foggy,,,,,,19.4,42.2,495.3,23.4,46,Good,,,,,34,0.99,0
R01418,2024-05-27T14:39:59.531502,TRF-005,Zone-A-Downtown,traffic,Clear,132,54.4,0.37,42,0,,,,,,,,,,,92,0.91,0
R01419,2024-05-27T17:15:26.234035,AQI-005,Zone-E-Airport,air_quality,Clear,,,,,,11.8,20.3,379.1,28.6,41,Good,,,,,84,0.97,0
R01420,2024-05-27T19:02:16.432112,ENR-008,Zone-D-Industrial,energy,Windy,,,,,,,,,,,,106.17,118.86,30.3,0,79,0.91,0
R01421,2024-05-27T22:18:49.195093,ENR-005,Zone-A-Downtown,energy,Foggy,,,,,,,,,,,,27.46,38.08,36.9,0,26,0.98,0
R01422,2024-05-28T00:29:06.077017,ENR-004,Zone-B-Midtown,energy,Cloudy,,,,,,,,,,,,28.92,37.79,32.7,0,85,0.93,0
R01423,2024-05-28T03:04:58.310179,AQI-008,Zone-A-Downtown,air_quality,Clear,,,,,,8.6,18.4,436.2,34.1,39,Good,,,,,37,0.98,0
R01424,2024-05-28T05:30:56.056491,AQI-003,Zone-A-Downtown,air_quality,Clear,,,,,,19.5,40.7,396.6,12.6,50,Good,,,,,100,0.95,0
R01425,2024-05-28T08:24:06.970974,ENR-002,Zone-B-Midtown,energy,Rainy,,,,,,,,,,,,185.79,246.22,17.9,0,94,0.93,0
R01426,2024-05-28T10:26:54.888952,TRF-002,Zone-A-Downtown,traffic,Foggy,115,42.7,0.2,12,0,,,,,,,,,,,85,1.0,0
R01427,2024-05-28T12:34:14.193806,ENR-007,Zone-C-Residential,energy,Rainy,,,,,,,,,,,,92.07,105.72,47.6,0,65,1.0,0
R01428,2024-05-28T15:31:19.006653,AQI-004,Zone-E-Airport,air_quality,Foggy,,,,,,5.0,9.4,469.6,27.1,26,Good,,,,,25,0.95,0
R01429,2024-05-28T17:55:07.635287,TRF-002,Zone-B-Midtown,traffic,Cloudy,232,41.2,0.64,77,0,,,,,,,,,,,30,0.98,0
R01430,2024-05-28T20:29:58.863647,AQI-005,Zone-B-Midtown,air_quality,Windy,,,,,,14.2,26.9,386.5,24.7,41,Good,,,,,94,0.99,0
R01431,2024-05-28T23:20:52.556566,ENR-001,Zone-C-Residential,energy,Clear,,,,,,,,,,,,29.84,34.88,61.0,0,31,0.99,0
R01432,2024-05-29T01:47:24.419751,ENR-006,Zone-D-Industrial,energy,Clear,,,,,,,,,,,,28.28,35.24,42.6,0,90,0.92,0
R01433,2024-05-29T03:52:38.592627,TRF-008,Zone-E-Airport,traffic,Foggy,44,41.7,0.03,24,0,,,,,,,,,,,56,0.93,0
R01434,2024-05-29T06:50:06.311773,ENR-004,Zone-C-Residential,energy,Windy,,,,,,,,,,,,82.65,94.68,41.9,0,76,0.99,0
R01435,2024-05-29T08:36:07.954831,TRF-006,Zone-E-Airport,traffic,Cloudy,184,29.7,0.49,78,0,,,,,,,,,,,93,0.98,0
R01436,2024-05-29T11:57:36.554705,AQI-005,Zone-E-Airport,air_quality,Foggy,,,,,,7.0,14.8,419.5,30.0,31,Good,,,,,39,0.97,0
R01437,2024-05-29T14:29:26.142717,AQI-008,Zone-E-Airport,air_quality,Windy,,,,,,33.0,51.6,427.8,57.6,90,Moderate,,,,,95,1.0,0
R01438,2024-05-29T16:53:45.815018,AQI-004,Zone-C-Residential,air_quality,Windy,,,,,,25.7,42.2,467.6,18.9,62,Moderate,,,,,72,0.96,0
R01439,2024-05-29T19:23:39.992888,TRF-004,Zone-A-Downtown,traffic,Rainy,134,36.2,0.35,25,0,,,,,,,,,,,41,0.9,0
R01440,2024-05-29T21:45:01.715254,ENR-005,Zone-A-Downtown,energy,Windy,,,,,,,,,,,,123.47,147.59,36.4,0,57,0.95,0
R01441,2024-05-29T23:46:24.960339,AQI-007,Zone-D-Industrial,air_quality,Clear,,,,,,27.0,58.1,436.2,36.0,71,Moderate,,,,,96,0.96,0
R01442,2024-05-30T02:32:17.664527,AQI-001,Zone-E-Airport,air_quality,Windy,,,,,,15.9,29.0,360.3,20.7,38,Good,,,,,76,0.95,0
R01443,2024-05-30T04:46:15.132280,ENR-002,Zone-B-Midtown,energy,Rainy,,,,,,,,,,,,43.81,60.64,23.2,0,89,0.91,0
R01444,2024-05-30T07:37:02.663967,AQI-007,Zone-E-Airport,air_quality,Windy,,,,,,23.5,50.6,400.9,30.9,58,Moderate,,,,,61,0.94,0
R01445,2024-05-30T09:48:48.800417,ENR-002,Zone-A-Downtown,energy,Windy,,,,,,,,,,,,147.19,188.36,38.2,0,81,1.0,0
R01446,2024-05-30T12:59:40.862475,TRF-007,Zone-A-Downtown,traffic,Rainy,88,56.7,0.22,29,0,,,,,,,,,,,96,0.9,0
R01447,2024-05-30T15:18:27.014056,TRF-006,Zone-B-Midtown,traffic,Foggy,107,52.2,0.25,28,0,,,,,,,,,,,96,0.94,0
R01448,2024-05-30T17:03:20.920908,ENR-001,Zone-A-Downtown,energy,Windy,,,,,,,,,,,,78.62,93.53,22.0,0,94,0.95,0
R01449,2024-05-30T20:25:13.830410,AQI-005,Zone-E-Airport,air_quality,Windy,,,,,,20.5,37.9,470.3,30.5,55,Moderate,,,,,40,1.0,0
R01450,2024-05-30T22:18:38.671497,ENR-006,Zone-D-Industrial,energy,Foggy,,,,,,,,,,,,35.27,48.24,14.3,0,59,0.93,0
R01451,2024-05-31T01:16:04.819398,AQI-004,Zone-E-Airport,air_quality,Windy,,,,,,88.7,156.0,463.4,71.2,210,Very Unhealthy,,,,,43,0.89,1
R01452,2024-05-31T03:46:13.528936,TRF-005,Zone-A-Downtown,traffic,Clear,39,66.8,0.1,17,0,,,,,,,,,,,74,0.96,0
R01453,2024-05-31T05:40:29.668472,TRF-008,Zone-D-Industrial,traffic,Foggy,54,45.0,0.14,16,0,,,,,,,,,,,69,0.91,0
R01454,2024-05-31T08:01:39.896034,TRF-005,Zone-A-Downtown,traffic,Clear,232,35.3,0.64,52,0,,,,,,,,,,,86,0.89,0
R01455,2024-05-31T10:30:22.029432,AQI-001,Zone-A-Downtown,air_quality,Foggy,,,,,,0,0.0,385.2,26.4,16,Good,,,,,36,0.95,0
R01456,2024-05-31T13:34:40.222462,AQI-006,Zone-D-Industrial,air_quality,Clear,,,,,,31.1,52.6,531.6,36.9,79,Moderate,,,,,41,0.93,0
R01457,2024-05-31T15:38:50.189084,TRF-003,Zone-A-Downtown,traffic,Cloudy,95,57.2,0.32,29,0,,,,,,,,,,,64,0.95,0
R01458,2024-05-31T18:41:47.163457,AQI-001,Zone-D-Industrial,air_quality,Windy,,,,,,30.0,65.7,483.4,30.9,72,Moderate,,,,,35,0.94,0
R01459,2024-05-31T21:10:18.296856,AQI-004,Zone-E-Airport,air_quality,Rainy,,,,,,9.3,20.1,458.2,39.4,39,Good,,,,,52,0.96,0
R01460,2024-05-31T23:18:19.811098,ENR-008,Zone-C-Residential,energy,Cloudy,,,,,,,,,,,,35.8,40.88,26.7,0,44,0.98,0
R01461,2024-06-01T01:56:50.817851,AQI-008,Zone-E-Airport,air_quality,Clear,,,,,,28.4,60.5,403.6,29.1,76,Moderate,,,,,57,0.92,0
R01462,2024-06-01T04:09:58.887504,TRF-004,Zone-E-Airport,traffic,Windy,33,56.9,0.1,6,0,,,,,,,,,,,89,0.96,0
R01463,2024-06-01T06:33:38.801571,AQI-007,Zone-B-Midtown,air_quality,Clear,,,,,,16.8,29.7,400.8,52.8,60,Moderate,,,,,89,0.95,0
R01464,2024-06-01T09:30:10.948746,TRF-004,Zone-C-Residential,traffic,Cloudy,268,37.6,0.73,29,0,,,,,,,,,,,33,0.9,0
R01465,2024-06-01T11:53:46.820490,ENR-005,Zone-E-Airport,energy,Clear,,,,,,,,,,,,82.08,98.79,48.6,0,66,0.97,0
R01466,2024-06-01T14:15:41.949944,ENR-004,Zone-E-Airport,energy,Rainy,,,,,,,,,,,,57.53,71.06,32.2,0,90,0.98,0
R01467,2024-06-01T17:09:03.279418,AQI-006,Zone-B-Midtown,air_quality,Windy,,,,,,25.1,47.1,454.9,22.0,60,Moderate,,,,,88,0.95,0
R01468,2024-06-01T19:34:04.434739,ENR-003,Zone-E-Airport,energy,Clear,,,,,,,,,,,,73.58,102.69,29.5,0,81,0.96,0
R01469,2024-06-01T21:36:16.754860,AQI-003,Zone-C-Residential,air_quality,Foggy,,,,,,23.9,52.4,364.5,0.1,46,Good,,,,,42,0.93,0
R01470,2024-06-02T00:16:04.078621,AQI-004,Zone-E-Airport,air_quality,Foggy,,,,,,18.9,29.7,458.7,53.7,69,Moderate,,,,,90,0.94,0
R01471,2024-06-02T02:59:59.889038,ENR-003,Zone-E-Airport,energy,Cloudy,,,,,,,,,,,,24.44,27.25,28.7,0,93,0.93,0
R01472,2024-06-02T05:08:44.540442,TRF-002,Zone-A-Downtown,traffic,Cloudy,45,56.4,0.11,13,0,,,,,,,,,,,75,0.92,0
R01473,2024-06-02T07:52:45.848720,TRF-001,Zone-E-Airport,traffic,Windy,104,32.4,0.21,62,0,,,,,,,,,,,21,0.9,0
R01474,2024-06-02T10:11:21.662993,ENR-002,Zone-C-Residential,energy,Clear,,,,,,,,,,,,74.09,86.73,23.3,0,51,0.93,0
R01475,2024-06-02T13:08:28.151819,TRF-001,Zone-D-Industrial,traffic,Rainy,120,35.3,0.28,32,0,,,,,,,,,,,59,0.88,0
R01476,2024-06-02T15:18:59.012016,ENR-002,Zone-A-Downtown,energy,Clear,,,,,,,,,,,,115.87,154.33,63.9,0,71,0.96,0
R01477,2024-06-02T18:24:57.597461,TRF-005,Zone-C-Residential,traffic,Windy,200,31.5,0.51,56,0,,,,,,,,,,,75,0.99,0
R01478,2024-06-02T20:25:19.494481,TRF-001,Zone-D-Industrial,traffic,Rainy,112,58.7,0.29,65,0,,,,,,,,,,,48,0.87,0
R01479,2024-06-02T23:29:12.413623,TRF-008,Zone-E-Airport,traffic,Rainy,27,40.1,-0.0,10,0,,,,,,,,,,,80,0.99,0
R01480,2024-06-03T01:22:02.223306,ENR-004,Zone-D-Industrial,energy,Foggy,,,,,,,,,,,,36.88,43.82,37.8,0,92,0.98,0
R01481,2024-06-03T04:03:52.566180,ENR-007,Zone-E-Airport,energy,Foggy,,,,,,,,,,,,24.18,30.65,27.8,0,86,0.98,0
R01482,2024-06-03T06:28:20.922325,AQI-008,Zone-E-Airport,air_quality,Clear,,,,,,11.8,20.8,404.1,21.6,36,Good,,,,,29,0.89,0
R01483,2024-06-03T08:31:24.145073,ENR-003,Zone-A-Downtown,energy,Clear,,,,,,,,,,,,100.51,137.13,45.8,0,100,0.92,0
R01484,2024-06-03T11:31:19.115847,ENR-003,Zone-D-Industrial,energy,Clear,,,,,,,,,,,,119.59,158.85,54.3,0,93,0.94,0
R01485,2024-06-03T13:34:22.222779,ENR-006,Zone-E-Airport,energy,Rainy,,,,,,,,,,,,93.05,105.64,21.7,0,31,0.95,0
R01486,2024-06-03T16:40:15.471154,TRF-005,Zone-D-Industrial,traffic,Windy,153,60.6,0.4,19,0,,,,,,,,,,,38,0.94,0
R01487,2024-06-03T19:05:31.994240,AQI-007,Zone-C-Residential,air_quality,Cloudy,,,,,,28.8,55.4,384.4,26.7,66,Moderate,,,,,77,0.99,0
R01488,2024-06-03T21:59:44.531886,AQI-006,Zone-C-Residential,air_quality,Cloudy,,,,,,22.1,41.7,407.8,16.2,47,Good,,,,,60,0.92,0
R01489,2024-06-03T23:30:10.390123,ENR-003,Zone-C-Residential,energy,Foggy,,,,,,,,,,,,37.77,49.6,46.2,0,28,0.96,0
R01490,2024-06-04T02:37:55.625755,TRF-006,Zone-D-Industrial,traffic,Rainy,40,56.7,0.16,24,0,,,,,,,,,,,80,0.99,0
R01491,2024-06-04T05:25:10.352582,ENR-005,Zone-A-Downtown,energy,Clear,,,,,,,,,,,,33.52,42.1,62.3,0,43,0.93,0
R01492,2024-06-04T07:09:39.303951,TRF-008,Zone-B-Midtown,traffic,Clear,140,39.9,0.45,39,0,,,,,,,,,,,67,0.96,0
R01493,2024-06-04T10:17:10.684260,AQI-001,Zone-A-Downtown,air_quality,Clear,,,,,,18.1,39.5,375.6,12.7,38,Good,,,,,31,0.94,0
R01494,2024-06-04T12:44:51.113516,TRF-006,Zone-B-Midtown,traffic,Foggy,149,49.0,0.36,45,0,,,,,,,,,,,75,0.95,0
R01495,2024-06-04T15:05:37.134370,AQI-001,Zone-D-Industrial,air_quality,Rainy,,,,,,33.6,71.0,461.7,17.3,75,Moderate,,,,,57,0.94,0
R01496,2024-06-04T17:13:37.212031,ENR-008,Zone-D-Industrial,energy,Windy,,,,,,,,,,,,141.02,169.7,49.2,0,96,0.95,0
R01497,2024-06-04T20:15:57.567987,ENR-002,Zone-E-Airport,energy,Windy,,,,,,,,,,,,135.04,188.14,32.6,0,88,0.97,0
R01498,2024-06-04T22:04:57.512856,AQI-002,Zone-A-Downtown,air_quality,Rainy,,,,,,25.9,50.9,462.6,12.5,54,Moderate,,,,,79,0.98,0
R01499,2024-06-05T01:23:32.646701,TRF-006,Zone-D-Industrial,traffic,Rainy,54,49.9,0.15,13,0,,,,,,,,,,,87,1.01,0
R01500,2024-06-05T03:58:44.448946,ENR-007,Zone-D-Industrial,energy,Cloudy,,,,,,,,,,,,39.91,46.52,28.5,0,58,0.93,0
R01501,2024-06-05T06:25:51.416182,ENR-005,Zone-B-Midtown,energy,Rainy,,,,,,,,,,,,43.21,59.3,49.0,0,58,0.94,0
R01502,2024-06-05T08:02:50.758232,TRF-008,Zone-D-Industrial,traffic,Rainy,193,31.0,0.52,55,0,,,,,,,,,,,70,0.96,0
R01503,2024-06-05T10:39:34.040746,ENR-001,Zone-E-Airport,energy,Clear,,,,,,,,,,,,67.97,76.95,59.8,0,83,0.93,0
R01504,2024-06-05T13:01:39.202833,AQI-002,Zone-B-Midtown,air_quality,Clear,,,,,,13.0,28.6,385.3,27.8,40,Good,,,,,32,0.91,0
R01505,2024-06-05T15:38:32.367162,AQI-008,Zone-D-Industrial,air_quality,Clear,,,,,,20.8,33.8,479.6,17.4,54,Moderate,,,,,67,0.97,0
R01506,2024-06-05T18:55:11.701636,TRF-002,Zone-B-Midtown,traffic,Clear,161,34.6,0.38,92,0,,,,,,,,,,,92,0.92,0
R01507,2024-06-05T20:51:26.439824,AQI-001,Zone-B-Midtown,air_quality,Foggy,,,,,,17.2,29.6,410.8,14.6,38,Good,,,,,64,1.0,0
R01508,2024-06-05T23:57:59.804683,ENR-005,Zone-D-Industrial,energy,Windy,,,,,,,,,,,,31.78,42.92,31.1,0,32,0.95,0
R01509,2024-06-06T02:20:40.289313,ENR-001,Zone-C-Residential,energy,Windy,,,,,,,,,,,,21.57,27.89,42.7,0,28,0.93,0
R01510,2024-06-06T04:02:53.320189,AQI-005,Zone-E-Airport,air_quality,Cloudy,,,,,,18.2,36.1,415.3,24.3,48,Good,,,,,36,0.95,0
R01511,2024-06-06T07:26:15.675649,AQI-007,Zone-A-Downtown,air_quality,Windy,,,,,,24.4,37.8,415.8,20.7,55,Moderate,,,,,48,0.99,0
R01512,2024-06-06T09:59:25.748343,TRF-003,Zone-E-Airport,traffic,Rainy,180,22.1,0.43,41,0,,,,,,,,,,,25,0.94,0
R01513,2024-06-06T11:33:33.569563,AQI-001,Zone-A-Downtown,air_quality,Foggy,,,,,,20.3,43.8,451.7,18.2,45,Good,,,,,89,0.93,0
R01514,2024-06-06T14:15:45.964561,AQI-004,Zone-D-Industrial,air_quality,Windy,,,,,,33.6,66.4,484.4,0.5,72,Moderate,,,,,44,0.93,0
R01515,2024-06-06T17:04:51.791395,AQI-006,Zone-B-Midtown,air_quality,Clear,,,,,,75.2,138.6,378.3,78.6,186,Unhealthy,,,,,62,0.94,1
R01516,2024-06-06T19:37:58.379175,AQI-002,Zone-D-Industrial,air_quality,Cloudy,,,,,,32.9,56.6,520.5,32.3,80,Moderate,,,,,33,0.93,0
R01517,2024-06-06T22:04:55.606633,ENR-003,Zone-B-Midtown,energy,Cloudy,,,,,,,,,,,,35.55,48.23,44.8,0,24,0.97,0
R01518,2024-06-07T00:34:16.743650,ENR-007,Zone-A-Downtown,energy,Rainy,,,,,,,,,,,,20.84,26.4,10.8,0,72,0.93,0
R01519,2024-06-07T02:39:05.280510,AQI-002,Zone-D-Industrial,air_quality,Foggy,,,,,,27.6,56.8,497.4,24.2,72,Moderate,,,,,62,1.02,0
R01520,2024-06-07T05:27:23.538764,AQI-008,Zone-C-Residential,air_quality,Windy,,,,,,13.2,20.6,386.5,17.6,36,Good,,,,,59,0.95,0
R01521,2024-06-07T08:27:11.704523,TRF-003,Zone-A-Downtown,traffic,Cloudy,192,34.1,0.51,57,0,,,,,,,,,,,23,1.04,0
R01522,2024-06-07T10:41:41.650981,TRF-008,Zone-A-Downtown,traffic,Clear,131,49.0,0.33,38,0,,,,,,,,,,,44,0.88,0
R01523,2024-06-07T12:35:56.308767,AQI-003,Zone-A-Downtown,air_quality,Rainy,,,,,,26.4,49.3,447.8,34.2,71,Moderate,,,,,20,0.93,0
R01524,2024-06-07T15:26:01.445460,AQI-007,Zone-B-Midtown,air_quality,Windy,,,,,,8.5,16.0,454.8,31.5,32,Good,,,,,92,0.95,0
R01525,2024-06-07T17:58:13.602647,AQI-002,Zone-D-Industrial,air_quality,Windy,,,,,,15.8,31.5,500.1,7.8,33,Good,,,,,81,0.9,0
R01526,2024-06-07T20:36:13.945986,TRF-007,Zone-E-Airport,traffic,Cloudy,108,36.4,0.22,43,0,,,,,,,,,,,59,0.93,0
R01527,2024-06-07T23:21:58.437509,ENR-003,Zone-B-Midtown,energy,Foggy,,,,,,,,,,,,43.55,55.94,34.2,0,88,1.0,0
R01528,2024-06-08T01:58:45.776443,TRF-003,Zone-A-Downtown,traffic,Rainy,67,49.7,0.31,10,0,,,,,,,,,,,87,0.91,0
R01529,2024-06-08T04:14:51.981539,TRF-006,Zone-E-Airport,traffic,Windy,42,40.7,0.1,6,0,,,,,,,,,,,36,0.97,0
R01530,2024-06-08T06:03:02.547612,AQI-003,Zone-B-Midtown,air_quality,Cloudy,,,,,,19.2,34.7,376.1,42.9,55,Moderate,,,,,51,0.94,0
R01531,2024-06-08T09:23:54.640130,AQI-002,Zone-D-Industrial,air_quality,Rainy,,,,,,31.8,56.8,498.2,25.5,71,Moderate,,,,,64,0.94,0
R01532,2024-06-08T11:56:05.649815,ENR-008,Zone-C-Residential,energy,Foggy,,,,,,,,,,,,58.75,66.32,24.8,0,29,0.95,0
R01533,2024-06-08T14:11:01.633185,ENR-002,Zone-D-Industrial,energy,Clear,,,,,,,,,,,,65.27,88.65,54.5,0,40,0.88,0
R01534,2024-06-08T16:13:05.411152,AQI-001,Zone-C-Residential,air_quality,Cloudy,,,,,,8.2,16.6,424.8,21.6,28,Good,,,,,70,0.97,0
R01535,2024-06-08T19:18:05.250383,TRF-002,Zone-D-Industrial,traffic,Foggy,429,13.1,1.0,104,1,,,,,,,,,,,73,0.9,1
R01536,2024-06-08T21:50:29.164579,AQI-008,Zone-A-Downtown,air_quality,Foggy,,,,,,14.4,27.3,430.7,28.2,37,Good,,,,,58,0.92,0
R01537,2024-06-09T00:04:52.368676,AQI-005,Zone-C-Residential,air_quality,Clear,,,,,,0,0.0,455.0,19.9,7,Good,,,,,92,0.94,0
R01538,2024-06-09T02:25:00.596148,TRF-007,Zone-B-Midtown,traffic,Foggy,54,46.9,0.05,20,0,,,,,,,,,,,31,0.95,0
R01539,2024-06-09T04:42:59.191718,ENR-003,Zone-C-Residential,energy,Windy,,,,,,,,,,,,38.33,45.23,38.8,0,85,0.99,0
R01540,2024-06-09T07:38:10.435988,AQI-008,Zone-E-Airport,air_quality,Windy,,,,,,12.1,23.6,398.6,21.5,30,Good,,,,,96,0.89,0
R01541,2024-06-09T10:04:15.217061,ENR-004,Zone-B-Midtown,energy,Windy,,,,,,,,,,,,85.71,119.11,35.4,0,56,1.03,0
R01542,2024-06-09T12:11:11.972373,ENR-001,Zone-C-Residential,energy,Windy,,,,,,,,,,,,67.4,79.1,53.2,0,24,0.93,0
R01543,2024-06-09T15:18:32.100524,TRF-002,Zone-C-Residential,traffic,Windy,202,59.9,0.49,69,0,,,,,,,,,,,69,0.98,0
R01544,2024-06-09T17:16:06.826768,TRF-008,Zone-D-Industrial,traffic,Windy,150,32.9,0.23,50,0,,,,,,,,,,,62,0.88,0
R01545,2024-06-09T20:26:49.161987,ENR-004,Zone-D-Industrial,energy,Rainy,,,,,,,,,,,,100.87,122.66,29.6,0,96,0.95,0
R01546,2024-06-09T22:48:24.815816,ENR-005,Zone-B-Midtown,energy,Clear,,,,,,,,,,,,26.26,31.14,60.3,0,21,0.96,0
R01547,2024-06-10T01:04:21.671492,AQI-005,Zone-E-Airport,air_quality,Clear,,,,,,21.2,33.9,447.8,27.2,57,Moderate,,,,,70,0.92,0
R01548,2024-06-10T03:18:07.513389,ENR-002,Zone-B-Midtown,energy,Clear,,,,,,,,,,,,38.31,46.37,44.3,0,95,0.97,0
R01549,2024-06-10T05:53:05.301468,AQI-005,Zone-A-Downtown,air_quality,Rainy,,,,,,17.5,33.4,420.9,46.3,59,Moderate,,,,,34,0.94,0
R01550,2024-06-10T08:18:32.206566,AQI-001,Zone-D-Industrial,air_quality,Windy,,,,,,34.6,67.8,486.4,26.2,87,Moderate,,,,,22,0.99,0
R01551,2024-06-10T11:13:51.134314,ENR-006,Zone-B-Midtown,energy,Cloudy,,,,,,,,,,,,90.4,101.59,28.6,0,91,0.92,0
R01552,2024-06-10T13:16:51.064758,TRF-006,Zone-C-Residential,traffic,Cloudy,164,45.0,0.4,68,0,,,,,,,,,,,83,0.98,0
R01553,2024-06-10T16:08:34.136927,TRF-001,Zone-E-Airport,traffic,Foggy,130,68.1,0.26,42,0,,,,,,,,,,,77,0.98,0
R01554,2024-06-10T18:07:55.404773,ENR-006,Zone-D-Industrial,energy,Cloudy,,,,,,,,,,,,151.74,169.73,30.2,0,25,0.99,0
R01555,2024-06-10T20:51:25.595704,TRF-008,Zone-E-Airport,traffic,Clear,300,33.2,0.73,-2,1,,,,,,,,,,,24,0.94,1
R01556,2024-06-10T23:01:31.142077,TRF-003,Zone-B-Midtown,traffic,Clear,40,68.3,0.12,14,0,,,,,,,,,,,23,0.93,0
R01557,2024-06-11T02:04:25.191365,AQI-004,Zone-D-Industrial,air_quality,Windy,,,,,,24.5,48.7,482.0,25.2,56,Moderate,,,,,45,0.97,0
R01558,2024-06-11T04:20:45.107586,AQI-007,Zone-B-Midtown,air_quality,Clear,,,,,,23.4,38.2,411.2,5.5,47,Good,,,,,64,0.97,0
R01559,2024-06-11T07:06:55.332914,AQI-004,Zone-B-Midtown,air_quality,Cloudy,,,,,,23.6,46.0,424.2,14.3,58,Moderate,,,,,44,0.98,0
R01560,2024-06-11T09:10:27.502799,TRF-008,Zone-B-Midtown,traffic,Rainy,142,37.7,0.41,0,0,,,,,,,,,,,80,0.95,0
R01561,2024-06-11T11:53:49.545658,AQI-008,Zone-A-Downtown,air_quality,Windy,,,,,,7.0,11.1,387.1,19.1,21,Good,,,,,68,0.95,0
R01562,2024-06-11T14:02:18.867807,TRF-002,Zone-B-Midtown,traffic,Foggy,74,35.5,0.22,38,0,,,,,,,,,,,91,0.93,0
R01563,2024-06-11T16:40:58.386014,TRF-008,Zone-D-Industrial,traffic,Rainy,81,54.5,0.25,44,0,,,,,,,,,,,53,0.98,0
R01564,2024-06-11T19:07:51.686871,TRF-004,Zone-B-Midtown,traffic,Cloudy,226,32.8,0.51,31,0,,,,,,,,,,,57,0.95,0
R01565,2024-06-11T22:03:36.767147,ENR-003,Zone-B-Midtown,energy,Cloudy,,,,,,,,,,,,38.62,46.58,36.0,0,99,0.96,0
R01566,2024-06-12T00:59:34.450028,TRF-006,Zone-A-Downtown,traffic,Foggy,64,44.4,0.07,17,0,,,,,,,,,,,28,0.96,0
R01567,2024-06-12T02:33:19.518727,ENR-008,Zone-C-Residential,energy,Clear,,,,,,,,,,,,30.88,34.03,41.5,0,91,0.93,0
R01568,2024-06-12T05:56:59.200426,AQI-006,Zone-B-Midtown,air_quality,Clear,,,,,,30.4,49.3,442.6,18.7,69,Moderate,,,,,71,0.92,0
R01569,2024-06-12T07:43:45.258974,AQI-008,Zone-C-Residential,air_quality,Foggy,,,,,,16.3,25.0,367.3,19.6,39,Good,,,,,100,0.99,0
R01570,2024-06-12T10:39:34.877645,ENR-007,Zone-C-Residential,energy,Clear,,,,,,,,,,,,88.08,105.61,30.1,0,54,1.02,0
R01571,2024-06-12T12:35:28.766341,AQI-004,Zone-E-Airport,air_quality,Rainy,,,,,,20.0,37.0,423.6,21.7,45,Good,,,,,37,0.97,0
R01572,2024-06-12T15:58:35.019844,ENR-002,Zone-E-Airport,energy,Foggy,,,,,,,,,,,,86.38,113.91,37.2,0,45,0.96,0
R01573,2024-06-12T18:04:17.665048,AQI-007,Zone-E-Airport,air_quality,Foggy,,,,,,10.0,15.3,406.6,35.9,33,Good,,,,,41,0.94,0
R01574,2024-06-12T20:25:34.904824,AQI-004,Zone-A-Downtown,air_quality,Windy,,,,,,21.4,37.9,449.6,26.0,55,Moderate,,,,,93,0.92,0
R01575,2024-06-12T23:27:49.805025,ENR-008,Zone-E-Airport,energy,Foggy,,,,,,,,,,,,44.12,60.98,10.3,0,93,0.99,0
R01576,2024-06-13T01:18:31.562594,TRF-002,Zone-D-Industrial,traffic,Rainy,37,66.8,0.1,14,0,,,,,,,,,,,62,0.91,0
R01577,2024-06-13T03:40:54.080412,TRF-001,Zone-B-Midtown,traffic,Clear,46,56.7,0.06,24,0,,,,,,,,,,,54,0.99,0
R01578,2024-06-13T06:27:21.941307,AQI-008,Zone-A-Downtown,air_quality,Clear,,,,,,77.6,139.3,392.1,61.2,184,Unhealthy,,,,,89,0.93,1
R01579,2024-06-13T08:54:03.289303,ENR-008,Zone-C-Residential,energy,Clear,,,,,,,,,,,,99.86,115.88,53.1,0,24,0.93,0
R01580,2024-06-13T11:15:24.953633,TRF-001,Zone-D-Industrial,traffic,Cloudy,109,44.3,0.35,45,0,,,,,,,,,,,54,0.91,0
R01581,2024-06-13T14:27:46.389794,ENR-002,Zone-E-Airport,energy,Rainy,,,,,,,,,,,,74.0,96.85,31.2,0,67,0.97,0
R01582,2024-06-13T16:35:36.832035,AQI-003,Zone-C-Residential,air_quality,Rainy,,,,,,9.2,18.1,413.9,18.4,23,Good,,,,,60,0.96,0
R01583,2024-06-13T19:06:50.693468,AQI-006,Zone-E-Airport,air_quality,Foggy,,,,,,15.7,26.3,463.0,41.5,51,Moderate,,,,,48,0.94,0
R01584,2024-06-13T21:18:26.609587,TRF-002,Zone-C-Residential,traffic,Windy,83,49.3,0.21,60,0,,,,,,,,,,,53,0.94,0
R01585,2024-06-13T23:43:35.093831,AQI-007,Zone-C-Residential,air_quality,Clear,,,,,,26.6,52.5,398.8,14.3,57,Moderate,,,,,48,0.98,0
R01586,2024-06-14T02:25:12.461672,ENR-008,Zone-B-Midtown,energy,Windy,,,,,,,,,,,,36.11,45.5,31.6,0,54,0.91,0
R01587,2024-06-14T04:35:59.132264,TRF-001,Zone-E-Airport,traffic,Foggy,45,50.4,0.1,16,0,,,,,,,,,,,61,0.93,0
R01588,2024-06-14T07:20:51.891559,TRF-007,Zone-C-Residential,traffic,Rainy,263,25.3,0.61,71,0,,,,,,,,,,,25,0.97,0
R01589,2024-06-14T09:48:06.376466,ENR-005,Zone-D-Industrial,energy,Clear,,,,,,,,,,,,97.76,131.67,36.7,0,38,1.0,0
R01590,2024-06-14T12:06:23.889908,AQI-004,Zone-D-Industrial,air_quality,Rainy,,,,,,18.2,38.3,460.3,22.6,45,Good,,,,,62,0.91,0
R01591,2024-06-14T15:20:22.498391,AQI-007,Zone-A-Downtown,air_quality,Windy,,,,,,12.4,26.8,418.0,34.4,41,Good,,,,,44,0.95,0
R01592,2024-06-14T17:23:16.390662,TRF-004,Zone-E-Airport,traffic,Windy,219,40.9,0.52,77,0,,,,,,,,,,,40,1.0,0
R01593,2024-06-14T20:25:58.037326,AQI-001,Zone-B-Midtown,air_quality,Cloudy,,,,,,16.3,26.8,442.7,31.6,53,Moderate,,,,,77,0.97,0
R01594,2024-06-14T22:42:51.140230,ENR-007,Zone-E-Airport,energy,Clear,,,,,,,,,,,,190.16,246.32,16.1,1,38,0.93,1
R01595,2024-06-15T01:15:11.747662,AQI-003,Zone-A-Downtown,air_quality,Foggy,,,,,,15.3,26.0,401.1,26.4,38,Good,,,,,58,0.96,0
R01596,2024-06-15T03:09:18.596721,ENR-006,Zone-A-Downtown,energy,Cloudy,,,,,,,,,,,,40.76,51.67,39.8,0,63,0.94,0
R01597,2024-06-15T05:40:52.226502,AQI-003,Zone-B-Midtown,air_quality,Cloudy,,,,,,29.2,48.6,418.4,28.5,73,Moderate,,,,,93,0.96,0
R01598,2024-06-15T08:59:29.423437,TRF-001,Zone-B-Midtown,traffic,Clear,178,44.2,0.51,74,0,,,,,,,,,,,74,0.96,0
R01599,2024-06-15T11:18:56.826316,ENR-007,Zone-B-Midtown,energy,Foggy,,,,,,,,,,,,66.35,79.9,33.0,0,27,0.93,0
R01600,2024-06-15T13:10:24.818800,ENR-004,Zone-A-Downtown,energy,Clear,,,,,,,,,,,,91.74,116.92,51.4,0,53,0.96,0
R01601,2024-06-15T15:31:44.556188,TRF-003,Zone-A-Downtown,traffic,Cloudy,103,31.6,0.29,48,0,,,,,,,,,,,22,0.9,0
R01602,2024-06-15T18:05:27.121124,AQI-003,Zone-B-Midtown,air_quality,Rainy,,,,,,12.0,25.4,443.1,8.8,33,Good,,,,,89,0.98,0
R01603,2024-06-15T20:57:45.251820,AQI-002,Zone-D-Industrial,air_quality,Foggy,,,,,,27.8,57.0,514.2,8.9,59,Moderate,,,,,26,0.91,0
R01604,2024-06-15T23:23:10.742443,ENR-004,Zone-E-Airport,energy,Foggy,,,,,,,,,,,,29.05,34.91,17.3,0,28,0.96,0
R01605,2024-06-16T01:32:24.371692,AQI-006,Zone-D-Industrial,air_quality,Foggy,,,,,,34.3,58.2,498.9,36.9,84,Moderate,,,,,51,0.91,0
R01606,2024-06-16T04:27:04.930248,AQI-002,Zone-B-Midtown,air_quality,Clear,,,,,,19.0,29.6,455.3,28.6,55,Moderate,,,,,25,0.95,0
R01607,2024-06-16T07:11:18.096089,ENR-001,Zone-A-Downtown,energy,Foggy,,,,,,,,,,,,155.07,210.72,14.7,0,100,0.95,0
R01608,2024-06-16T09:55:57.116646,ENR-006,Zone-A-Downtown,energy,Windy,,,,,,,,,,,,93.28,107.59,19.7,0,60,0.94,0
R01609,2024-06-16T11:36:33.811087,TRF-003,Zone-B-Midtown,traffic,Foggy,56,54.9,0.1,31,0,,,,,,,,,,,22,0.94,0
R01610,2024-06-16T14:21:38.579609,TRF-003,Zone-A-Downtown,traffic,Foggy,100,41.3,0.24,70,0,,,,,,,,,,,68,0.96,0
R01611,2024-06-16T16:41:43.075426,AQI-004,Zone-B-Midtown,air_quality,Rainy,,,,,,13.8,25.0,424.8,23.9,42,Good,,,,,86,0.91,0
R01612,2024-06-16T19:55:20.815068,TRF-008,Zone-A-Downtown,traffic,Cloudy,380,5,1.0,63,1,,,,,,,,,,,29,0.9,1
R01613,2024-06-16T22:06:43.478768,AQI-004,Zone-D-Industrial,air_quality,Foggy,,,,,,26.5,47.7,481.9,21.8,67,Moderate,,,,,60,0.94,0
R01614,2024-06-17T00:24:50.813431,TRF-008,Zone-D-Industrial,traffic,Foggy,60,74.4,0.14,15,0,,,,,,,,,,,30,0.97,0
R01615,2024-06-17T02:35:01.373840,AQI-003,Zone-A-Downtown,air_quality,Rainy,,,,,,13.1,28.2,434.4,31.7,38,Good,,,,,61,1.02,0
R01616,2024-06-17T05:46:06.977747,TRF-003,Zone-E-Airport,traffic,Rainy,34,48.3,0.03,16,0,,,,,,,,,,,39,0.97,0
R01617,2024-06-17T08:08:44.709376,TRF-005,Zone-B-Midtown,traffic,Clear,238,41.2,0.59,56,0,,,,,,,,,,,90,0.94,0
R01618,2024-06-17T10:43:25.864900,TRF-001,Zone-A-Downtown,traffic,Rainy,136,59.3,0.31,43,0,,,,,,,,,,,30,0.94,0
R01619,2024-06-17T12:40:36.408802,TRF-003,Zone-A-Downtown,traffic,Rainy,54,53.4,0.17,49,0,,,,,,,,,,,39,0.98,0
R01620,2024-06-17T15:32:08.827666,AQI-005,Zone-A-Downtown,air_quality,Clear,,,,,,10.7,16.9,402.3,36.3,34,Good,,,,,69,0.94,0
R01621,2024-06-17T17:38:00.834778,AQI-001,Zone-A-Downtown,air_quality,Foggy,,,,,,24.4,52.5,450.4,19.1,63,Moderate,,,,,87,0.89,0
R01622,2024-06-17T20:31:14.811512,AQI-007,Zone-D-Industrial,air_quality,Rainy,,,,,,29.9,53.2,481.5,40.3,83,Moderate,,,,,75,0.95,0
R01623,2024-06-17T23:09:30.614411,TRF-003,Zone-D-Industrial,traffic,Cloudy,39,55.6,0.11,15,0,,,,,,,,,,,40,0.94,0
R01624,2024-06-18T01:36:42.243248,ENR-002,Zone-C-Residential,energy,Foggy,,,,,,,,,,,,42.99,58.4,23.5,0,34,1.0,0
R01625,2024-06-18T03:56:47.448618,AQI-007,Zone-E-Airport,air_quality,Windy,,,,,,26.5,51.1,387.3,19.4,67,Moderate,,,,,40,0.93,0
R01626,2024-06-18T06:44:07.281062,TRF-004,Zone-D-Industrial,traffic,Foggy,118,53.7,0.21,38,0,,,,,,,,,,,64,0.94,0
R01627,2024-06-18T09:26:10.486303,AQI-006,Zone-B-Midtown,air_quality,Windy,,,,,,18.5,35.9,418.1,22.1,46,Good,,,,,87,0.97,0
R01628,2024-06-18T11:53:56.920074,ENR-001,Zone-C-Residential,energy,Windy,,,,,,,,,,,,119.25,153.21,21.3,0,92,0.95,0
R01629,2024-06-18T13:57:03.966713,ENR-007,Zone-B-Midtown,energy,Foggy,,,,,,,,,,,,77.86,107.45,33.9,0,91,0.94,0
R01630,2024-06-18T16:59:34.596393,TRF-007,Zone-B-Midtown,traffic,Cloudy,78,64.1,0.12,39,0,,,,,,,,,,,100,1.01,0
R01631,2024-06-18T19:15:00.153123,AQI-003,Zone-D-Industrial,air_quality,Foggy,,,,,,24.0,43.3,482.5,41.3,63,Moderate,,,,,29,0.97,0
R01632,2024-06-18T21:47:27.966988,TRF-004,Zone-E-Airport,traffic,Cloudy,161,43.5,0.39,53,0,,,,,,,,,,,43,0.94,0
R01633,2024-06-18T23:57:39.911783,ENR-002,Zone-E-Airport,energy,Foggy,,,,,,,,,,,,46.08,60.37,23.8,0,71,0.98,0
R01634,2024-06-19T02:23:08.313883,ENR-007,Zone-C-Residential,energy,Windy,,,,,,,,,,,,31.31,40.4,41.1,0,54,0.94,0
R01635,2024-06-19T04:44:50.504223,TRF-003,Zone-D-Industrial,traffic,Windy,36,61.0,0.07,15,0,,,,,,,,,,,95,0.9,0
R01636,2024-06-19T07:38:35.705410,ENR-005,Zone-C-Residential,energy,Foggy,,,,,,,,,,,,156.14,203.4,48.5,0,39,0.95,0
R01637,2024-06-19T10:12:05.382732,ENR-007,Zone-E-Airport,energy,Foggy,,,,,,,,,,,,70.72,95.39,24.0,0,37,0.94,0
R01638,2024-06-19T12:37:00.273574,ENR-003,Zone-C-Residential,energy,Rainy,,,,,,,,,,,,97.09,114.75,16.9,0,76,0.97,0
R01639,2024-06-19T15:14:17.426806,AQI-001,Zone-D-Industrial,air_quality,Rainy,,,,,,34.9,62.7,532.5,33.5,88,Moderate,,,,,93,0.95,0
R01640,2024-06-19T17:37:07.449204,ENR-001,Zone-E-Airport,energy,Windy,,,,,,,,,,,,113.72,144.17,19.2,0,99,0.96,0
R01641,2024-06-19T19:46:32.878597,AQI-004,Zone-E-Airport,air_quality,Windy,,,,,,12.7,20.1,395.9,27.0,40,Good,,,,,86,0.98,0
R01642,2024-06-19T22:23:55.204788,ENR-002,Zone-D-Industrial,energy,Rainy,,,,,,,,,,,,31.46,39.64,29.2,0,97,0.98,0
R01643,2024-06-20T00:39:59.995047,ENR-007,Zone-A-Downtown,energy,Rainy,,,,,,,,,,,,46.32,51.39,44.1,0,71,0.97,0
R01644,2024-06-20T03:23:48.147431,TRF-001,Zone-A-Downtown,traffic,Windy,58,47.5,0.14,5,0,,,,,,,,,,,20,0.94,0
R01645,2024-06-20T06:03:22.615058,ENR-004,Zone-A-Downtown,energy,Rainy,,,,,,,,,,,,72.54,84.95,19.2,0,96,0.95,0
R01646,2024-06-20T08:51:16.597588,AQI-006,Zone-D-Industrial,air_quality,Cloudy,,,,,,81.8,175.7,472.7,68.1,192,Unhealthy,,,,,26,0.96,1
R01647,2024-06-20T10:50:41.688316,ENR-007,Zone-A-Downtown,energy,Windy,,,,,,,,,,,,85.02,113.38,25.8,0,65,0.97,0
R01648,2024-06-20T13:23:14.649239,TRF-005,Zone-E-Airport,traffic,Cloudy,163,53.0,0.44,32,0,,,,,,,,,,,77,0.92,0
R01649,2024-06-20T15:58:47.468533,AQI-001,Zone-A-Downtown,air_quality,Windy,,,,,,14.0,25.1,415.0,22.9,35,Good,,,,,100,0.95,0
R01650,2024-06-20T18:53:18.800156,TRF-004,Zone-C-Residential,traffic,Rainy,132,40.1,0.32,54,0,,,,,,,,,,,81,0.94,0
R01651,2024-06-20T20:46:27.331483,TRF-007,Zone-E-Airport,traffic,Foggy,102,61.0,0.28,41,0,,,,,,,,,,,36,1.0,0
R01652,2024-06-20T23:36:40.614594,ENR-008,Zone-B-Midtown,energy,Rainy,,,,,,,,,,,,45.77,60.89,37.9,0,35,1.0,0
R01653,2024-06-21T02:06:32.358282,TRF-004,Zone-C-Residential,traffic,Foggy,47,63.6,0.15,13,0,,,,,,,,,,,56,0.94,0
R01654,2024-06-21T04:35:50.235805,ENR-006,Zone-B-Midtown,energy,Clear,,,,,,,,,,,,27.49,36.98,36.5,0,82,0.94,0
R01655,2024-06-21T07:19:49.572119,AQI-005,Zone-C-Residential,air_quality,Rainy,,,,,,25.6,54.5,468.7,40.4,72,Moderate,,,,,36,0.97,0
R01656,2024-06-21T09:39:30.283320,AQI-002,Zone-D-Industrial,air_quality,Cloudy,,,,,,20.8,37.9,467.2,34.5,61,Moderate,,,,,89,0.99,0
R01657,2024-06-21T12:13:53.423046,ENR-006,Zone-C-Residential,energy,Windy,,,,,,,,,,,,97.5,112.23,43.5,0,64,0.99,0
R01658,2024-06-21T14:06:05.051340,TRF-006,Zone-D-Industrial,traffic,Rainy,165,51.8,0.42,55,0,,,,,,,,,,,26,0.93,0
R01659,2024-06-21T16:51:47.782119,ENR-005,Zone-D-Industrial,energy,Foggy,,,,,,,,,,,,51.52,66.54,33.0,0,65,0.95,0
R01660,2024-06-21T19:52:25.842134,AQI-005,Zone-A-Downtown,air_quality,Foggy,,,,,,11.3,21.5,395.2,0,24,Good,,,,,45,0.95,0
R01661,2024-06-21T22:06:10.924460,TRF-004,Zone-D-Industrial,traffic,Windy,71,55.9,0.2,16,0,,,,,,,,,,,28,0.96,0
R01662,2024-06-22T00:41:18.171020,TRF-003,Zone-D-Industrial,traffic,Clear,22,54.2,0.08,8,0,,,,,,,,,,,65,0.96,0
R01663,2024-06-22T02:58:30.784208,TRF-007,Zone-B-Midtown,traffic,Rainy,34,53.0,0.11,13,0,,,,,,,,,,,47,0.92,0
R01664,2024-06-22T05:55:35.695830,AQI-008,Zone-E-Airport,air_quality,Clear,,,,,,14.5,26.1,414.4,16.8,38,Good,,,,,83,0.95,0
R01665,2024-06-22T07:35:15.440433,ENR-007,Zone-B-Midtown,energy,Windy,,,,,,,,,,,,118.15,140.97,28.1,0,46,0.96,0
R01666,2024-06-22T10:36:16.564378,TRF-007,Zone-D-Industrial,traffic,Rainy,105,47.5,0.32,16,0,,,,,,,,,,,24,0.93,0
R01667,2024-06-22T12:36:43.795920,ENR-006,Zone-D-Industrial,energy,Cloudy,,,,,,,,,,,,70.68,97.49,28.6,0,63,0.97,0
R01668,2024-06-22T15:32:25.089285,ENR-005,Zone-C-Residential,energy,Cloudy,,,,,,,,,,,,111.74,135.98,29.0,0,86,0.91,0
R01669,2024-06-22T17:47:51.146892,AQI-008,Zone-E-Airport,air_quality,Rainy,,,,,,2.8,5.8,397.0,31.9,25,Good,,,,,64,0.93,0
R01670,2024-06-22T20:45:15.241398,TRF-002,Zone-E-Airport,traffic,Clear,164,62.2,0.35,44,0,,,,,,,,,,,100,0.98,0
R01671,2024-06-22T22:47:57.263024,ENR-008,Zone-A-Downtown,energy,Foggy,,,,,,,,,,,,171.42,205.44,22.6,1,53,0.94,1
R01672,2024-06-23T01:55:31.585935,AQI-005,Zone-B-Midtown,air_quality,Foggy,,,,,,24.8,44.0,394.0,20.9,58,Moderate,,,,,23,0.95,0
R01673,2024-06-23T03:42:35.712163,ENR-007,Zone-E-Airport,energy,Clear,,,,,,,,,,,,24.32,33.94,38.5,0,88,1.01,0
R01674,2024-06-23T06:20:11.613721,TRF-001,Zone-E-Airport,traffic,Windy,154,57.4,0.41,35,0,,,,,,,,,,,60,0.95,0
R01675,2024-06-23T08:38:52.105062,AQI-007,Zone-E-Airport,air_quality,Cloudy,,,,,,18.8,39.1,407.4,20.4,42,Good,,,,,79,0.98,0
R01676,2024-06-23T11:57:40.265299,TRF-006,Zone-B-Midtown,traffic,Cloudy,169,57.1,0.45,47,0,,,,,,,,,,,94,0.97,0
R01677,2024-06-23T14:21:27.536409,TRF-008,Zone-C-Residential,traffic,Cloudy,130,53.0,0.35,39,0,,,,,,,,,,,27,0.94,0
R01678,2024-06-23T16:41:24.304007,TRF-002,Zone-E-Airport,traffic,Clear,291,43.2,0.7,62,1,,,,,,,,,,,46,0.9,1
R01679,2024-06-23T19:25:57.598249,AQI-008,Zone-B-Midtown,air_quality,Foggy,,,,,,28.2,45.1,400.5,27.6,70,Moderate,,,,,85,0.94,0
R01680,2024-06-23T21:14:43.245694,ENR-001,Zone-A-Downtown,energy,Rainy,,,,,,,,,,,,65.1,90.66,49.0,0,75,0.94,0
R01681,2024-06-23T23:35:25.251273,ENR-005,Zone-D-Industrial,energy,Cloudy,,,,,,,,,,,,30.01,36.39,38.5,0,94,0.93,0
R01682,2024-06-24T02:20:48.182482,AQI-002,Zone-D-Industrial,air_quality,Rainy,,,,,,28.4,61.6,466.7,15.4,67,Moderate,,,,,50,0.93,0
R01683,2024-06-24T04:31:41.422929,TRF-007,Zone-D-Industrial,traffic,Foggy,249,32.2,0.6,10,1,,,,,,,,,,,52,0.95,1
R01684,2024-06-24T07:15:23.129093,AQI-007,Zone-A-Downtown,air_quality,Clear,,,,,,9.2,20.0,387.6,15.6,26,Good,,,,,88,1.01,0
R01685,2024-06-24T10:22:19.892600,ENR-005,Zone-D-Industrial,energy,Rainy,,,,,,,,,,,,227.79,263.48,33.7,1,91,0.93,1
R01686,2024-06-24T12:58:48.465169,TRF-003,Zone-D-Industrial,traffic,Foggy,115,68.1,0.36,48,0,,,,,,,,,,,53,0.93,0
R01687,2024-06-24T15:10:35.155953,ENR-004,Zone-E-Airport,energy,Rainy,,,,,,,,,,,,108.44,137.99,24.2,0,25,0.92,0
R01688,2024-06-24T17:41:42.621087,AQI-001,Zone-E-Airport,air_quality,Cloudy,,,,,,22.0,41.3,464.5,6.6,50,Good,,,,,78,0.96,0
R01689,2024-06-24T20:15:15.835681,ENR-004,Zone-C-Residential,energy,Windy,,,,,,,,,,,,44.7,55.25,32.9,0,54,0.94,0
R01690,2024-06-24T22:53:17.757541,TRF-007,Zone-E-Airport,traffic,Windy,52,38.7,0.18,6,0,,,,,,,,,,,24,0.97,0
R01691,2024-06-25T01:05:26.331429,AQI-002,Zone-E-Airport,air_quality,Foggy,,,,,,36.6,66.9,403.6,17.3,84,Moderate,,,,,48,0.95,0
R01692,2024-06-25T03:17:02.272864,ENR-001,Zone-C-Residential,energy,Clear,,,,,,,,,,,,28.48,31.4,67.0,0,64,0.96,0
R01693,2024-06-25T05:41:34.804989,AQI-007,Zone-A-Downtown,air_quality,Cloudy,,,,,,12.1,24.8,436.9,47.3,43,Good,,,,,41,0.94,0
R01694,2024-06-25T08:51:44.483205,TRF-002,Zone-E-Airport,traffic,Clear,149,42.5,0.46,61,0,,,,,,,,,,,28,1.0,0
R01695,2024-06-25T10:59:41.092510,ENR-005,Zone-A-Downtown,energy,Windy,,,,,,,,,,,,88.87,104.97,37.4,0,90,0.95,0
R01696,2024-06-25T13:38:35.687569,TRF-008,Zone-E-Airport,traffic,Rainy,108,50.8,0.27,21,0,,,,,,,,,,,79,1.0,0
R01697,2024-06-25T16:03:28.875377,TRF-007,Zone-C-Residential,traffic,Windy,128,58.9,0.36,68,0,,,,,,,,,,,38,0.95,0
R01698,2024-06-25T18:11:07.879816,TRF-004,Zone-B-Midtown,traffic,Foggy,118,34.7,0.34,64,0,,,,,,,,,,,87,0.91,0
R01699,2024-06-25T20:42:54.404035,ENR-003,Zone-E-Airport,energy,Foggy,,,,,,,,,,,,97.71,126.62,51.6,0,24,0.97,0
R01700,2024-06-25T23:01:54.471118,TRF-004,Zone-D-Industrial,traffic,Foggy,58,59.0,0.09,20,0,,,,,,,,,,,23,0.98,0
R01701,2024-06-26T02:06:17.694708,TRF-002,Zone-D-Industrial,traffic,Cloudy,48,67.4,0.1,26,0,,,,,,,,,,,47,0.95,0
R01702,2024-06-26T04:36:55.209374,TRF-001,Zone-D-Industrial,traffic,Cloudy,59,62.9,0.14,17,0,,,,,,,,,,,85,0.94,0
R01703,2024-06-26T06:53:23.451209,TRF-002,Zone-A-Downtown,traffic,Rainy,122,70.2,0.26,38,0,,,,,,,,,,,83,0.9,0
R01704,2024-06-26T09:06:39.453625,TRF-002,Zone-D-Industrial,traffic,Clear,164,43.1,0.44,58,0,,,,,,,,,,,48,0.95,0
R01705,2024-06-26T12:17:11.466515,AQI-003,Zone-C-Residential,air_quality,Cloudy,,,,,,11.3,20.1,431.7,30.0,41,Good,,,,,54,0.95,0
R01706,2024-06-26T14:43:57.246177,AQI-001,Zone-E-Airport,air_quality,Rainy,,,,,,13.6,28.2,430.1,14.2,31,Good,,,,,68,0.93,0
R01707,2024-06-26T16:40:57.473599,ENR-006,Zone-C-Residential,energy,Clear,,,,,,,,,,,,75.83,86.38,32.8,0,97,0.97,0
R01708,2024-06-26T19:49:06.028259,AQI-001,Zone-B-Midtown,air_quality,Rainy,,,,,,21.5,40.4,395.0,27.1,52,Moderate,,,,,33,0.96,0
R01709,2024-06-26T22:04:29.900867,TRF-002,Zone-B-Midtown,traffic,Foggy,31,64.5,0.06,23,0,,,,,,,,,,,88,0.97,0
R01710,2024-06-27T00:33:21.609352,AQI-007,Zone-B-Midtown,air_quality,Cloudy,,,,,,13.9,30.6,449.6,18.6,36,Good,,,,,59,0.94,0
R01711,2024-06-27T03:14:57.125161,ENR-002,Zone-E-Airport,energy,Clear,,,,,,,,,,,,34.48,43.0,35.5,0,30,0.92,0
R01712,2024-06-27T05:26:13.859586,TRF-007,Zone-E-Airport,traffic,Windy,51,31.3,0.15,23,0,,,,,,,,,,,100,0.96,0
R01713,2024-06-27T07:49:33.727288,TRF-005,Zone-E-Airport,traffic,Foggy,201,38.4,0.5,68,0,,,,,,,,,,,87,0.97,0
R01714,2024-06-27T10:24:36.786339,TRF-003,Zone-B-Midtown,traffic,Clear,140,54.9,0.34,17,0,,,,,,,,,,,38,0.97,0
R01715,2024-06-27T12:49:43.872503,AQI-004,Zone-A-Downtown,air_quality,Clear,,,,,,72.4,136.4,381.9,77.4,184,Unhealthy,,,,,78,0.95,1
R01716,2024-06-27T15:00:17.385301,ENR-002,Zone-A-Downtown,energy,Rainy,,,,,,,,,,,,94.69,126.84,54.6,0,31,0.96,0
R01717,2024-06-27T17:53:04.139145,AQI-003,Zone-B-Midtown,air_quality,Cloudy,,,,,,20.6,42.9,451.6,13.8,52,Moderate,,,,,78,0.89,0
R01718,2024-06-27T20:44:24.045490,ENR-007,Zone-A-Downtown,energy,Windy,,,,,,,,,,,,72.01,97.41,40.7,0,30,1.01,0
R01719,2024-06-27T23:02:51.407410,ENR-005,Zone-D-Industrial,energy,Cloudy,,,,,,,,,,,,178.35,197.42,14.3,1,95,0.92,1
R01720,2024-06-28T01:30:54.179959,AQI-004,Zone-D-Industrial,air_quality,Clear,,,,,,27.0,48.9,477.9,36.0,68,Moderate,,,,,60,0.93,0
R01721,2024-06-28T03:35:32.880905,ENR-006,Zone-C-Residential,energy,Rainy,,,,,,,,,,,,35.19,41.97,4.4,0,22,0.96,0
R01722,2024-06-28T06:50:52.311927,TRF-006,Zone-B-Midtown,traffic,Rainy,141,53.2,0.4,26,0,,,,,,,,,,,93,0.96,0
R01723,2024-06-28T09:06:25.954417,TRF-005,Zone-D-Industrial,traffic,Foggy,175,33.7,0.4,54,0,,,,,,,,,,,22,0.97,0
R01724,2024-06-28T11:32:20.669522,TRF-003,Zone-B-Midtown,traffic,Cloudy,76,41.0,0.14,48,0,,,,,,,,,,,70,0.95,0
R01725,2024-06-28T13:38:26.658287,ENR-002,Zone-D-Industrial,energy,Rainy,,,,,,,,,,,,103.56,138.45,23.7,0,65,0.94,0
R01726,2024-06-28T16:18:41.662934,AQI-004,Zone-C-Residential,air_quality,Foggy,,,,,,74.0,126.3,427.2,68.8,185,Unhealthy,,,,,37,0.92,1
R01727,2024-06-28T19:02:56.227385,AQI-002,Zone-B-Midtown,air_quality,Rainy,,,,,,15.7,23.7,388.0,6.8,30,Good,,,,,24,0.99,0
R01728,2024-06-28T21:13:08.627763,TRF-007,Zone-A-Downtown,traffic,Clear,135,43.7,0.31,36,0,,,,,,,,,,,42,0.95,0
R01729,2024-06-28T23:42:01.813800,AQI-007,Zone-A-Downtown,air_quality,Rainy,,,,,,35.0,75.7,431.9,24.7,83,Moderate,,,,,75,0.95,0
R01730,2024-06-29T02:45:05.148348,TRF-005,Zone-C-Residential,traffic,Foggy,58,53.4,0.16,19,0,,,,,,,,,,,76,0.93,0
R01731,2024-06-29T05:08:02.447120,ENR-001,Zone-A-Downtown,energy,Windy,,,,,,,,,,,,36.74,43.02,19.4,0,100,0.99,0
R01732,2024-06-29T07:58:58.927957,AQI-005,Zone-D-Industrial,air_quality,Cloudy,,,,,,16.0,24.9,561.9,37.4,47,Good,,,,,60,0.95,0
R01733,2024-06-29T10:15:24.704274,AQI-003,Zone-D-Industrial,air_quality,Cloudy,,,,,,37.5,78.5,497.0,22.2,86,Moderate,,,,,71,0.92,0
R01734,2024-06-29T12:57:09.732759,AQI-005,Zone-A-Downtown,air_quality,Windy,,,,,,24.1,45.4,399.5,5.8,55,Moderate,,,,,57,0.95,0
R01735,2024-06-29T14:58:23.897939,AQI-003,Zone-E-Airport,air_quality,Clear,,,,,,16.6,36.2,426.3,34.3,53,Moderate,,,,,92,0.97,0
R01736,2024-06-29T17:29:00.141463,TRF-003,Zone-B-Midtown,traffic,Cloudy,175,41.2,0.51,71,0,,,,,,,,,,,68,0.88,0
R01737,2024-06-29T19:39:02.937204,TRF-007,Zone-C-Residential,traffic,Windy,147,32.8,0.4,47,0,,,,,,,,,,,71,0.94,0
R01738,2024-06-29T22:39:35.729317,TRF-005,Zone-A-Downtown,traffic,Clear,44,43.7,0.13,23,0,,,,,,,,,,,87,0.96,0
R01739,2024-06-30T01:21:25.828301,ENR-005,Zone-B-Midtown,energy,Rainy,,,,,,,,,,,,38.83,51.9,10.0,0,42,0.95,0
R01740,2024-06-30T03:43:26.456353,ENR-005,Zone-E-Airport,energy,Foggy,,,,,,,,,,,,42.15,57.32,29.6,0,22,0.94,0
R01741,2024-06-30T05:36:02.723413,TRF-002,Zone-B-Midtown,traffic,Rainy,52,50.5,0.1,17,0,,,,,,,,,,,23,0.93,0
R01742,2024-06-30T08:07:06.469911,ENR-005,Zone-E-Airport,energy,Windy,,,,,,,,,,,,137.43,157.04,23.4,0,84,0.88,0
R01743,2024-06-30T10:42:09.488732,TRF-004,Zone-A-Downtown,traffic,Windy,178,61.6,0.38,44,0,,,,,,,,,,,31,0.95,0
R01744,2024-06-30T13:48:27.315828,TRF-001,Zone-B-Midtown,traffic,Rainy,105,55.8,0.32,54,0,,,,,,,,,,,32,0.92,0
R01745,2024-06-30T16:09:08.033601,ENR-002,Zone-D-Industrial,energy,Cloudy,,,,,,,,,,,,73.02,100.91,24.4,0,26,0.91,0
R01746,2024-06-30T18:43:18.330747,TRF-005,Zone-D-Industrial,traffic,Windy,175,37.4,0.46,70,0,,,,,,,,,,,76,0.94,0
R01747,2024-06-30T20:39:56.334503,TRF-008,Zone-B-Midtown,traffic,Windy,142,62.3,0.31,39,0,,,,,,,,,,,79,0.92,0
R01748,2024-06-30T23:35:55.479484,TRF-004,Zone-D-Industrial,traffic,Clear,50,56.5,0.12,13,0,,,,,,,,,,,98,0.89,0
R01749,2024-07-01T01:37:47.202532,TRF-007,Zone-C-Residential,traffic,Foggy,52,59.8,0.15,13,0,,,,,,,,,,,77,0.97,0
R01750,2024-07-01T04:52:41.903977,ENR-002,Zone-A-Downtown,energy,Cloudy,,,,,,,,,,,,22.55,29.65,25.6,0,66,0.96,0
R01751,2024-07-01T07:28:13.010156,TRF-003,Zone-C-Residential,traffic,Rainy,130,37.2,0.29,48,0,,,,,,,,,,,35,0.96,0
R01752,2024-07-01T09:23:26.531058,TRF-007,Zone-E-Airport,traffic,Foggy,199,32.4,0.49,56,0,,,,,,,,,,,76,0.94,0
R01753,2024-07-01T11:56:12.950380,AQI-004,Zone-E-Airport,air_quality,Rainy,,,,,,11.2,24.2,432.2,23.5,29,Good,,,,,34,0.98,0
R01754,2024-07-01T14:49:24.425150,ENR-001,Zone-D-Industrial,energy,Clear,,,,,,,,,,,,48.99,59.24,69.7,0,86,0.94,0
R01755,2024-07-01T17:16:00.637511,AQI-003,Zone-C-Residential,air_quality,Cloudy,,,,,,14.2,29.9,380.7,17.7,36,Good,,,,,84,0.94,0
R01756,2024-07-01T19:03:57.450284,TRF-005,Zone-A-Downtown,traffic,Foggy,210,25.3,0.51,74,0,,,,,,,,,,,38,1.0,0
R01757,2024-07-01T21:52:37.405163,AQI-007,Zone-C-Residential,air_quality,Foggy,,,,,,28.4,47.5,385.3,4.6,59,Moderate,,,,,49,0.95,0
R01758,2024-07-02T00:00:11.304956,TRF-002,Zone-C-Residential,traffic,Foggy,52,55.7,0.1,5,0,,,,,,,,,,,74,0.95,0
R01759,2024-07-02T03:21:19.881825,TRF-008,Zone-B-Midtown,traffic,Windy,47,32.8,0.17,20,0,,,,,,,,,,,29,1.0,0
R01760,2024-07-02T05:19:46.256874,TRF-004,Zone-E-Airport,traffic,Rainy,33,50.4,0.08,13,0,,,,,,,,,,,25,0.96,0
R01761,2024-07-02T08:15:44.738031,AQI-008,Zone-B-Midtown,air_quality,Cloudy,,,,,,24.7,42.1,423.0,26.0,62,Moderate,,,,,55,0.89,0
R01762,2024-07-02T10:25:22.265404,ENR-003,Zone-A-Downtown,energy,Rainy,,,,,,,,,,,,102.84,115.01,36.6,0,84,0.92,0
R01763,2024-07-02T13:18:19.832277,AQI-008,Zone-E-Airport,air_quality,Cloudy,,,,,,19.7,39.5,427.2,36.3,56,Moderate,,,,,49,0.9,0
R01764,2024-07-02T15:53:19.202186,TRF-002,Zone-C-Residential,traffic,Windy,110,50.9,0.2,33,0,,,,,,,,,,,42,0.96,0
R01765,2024-07-02T17:49:56.390835,AQI-007,Zone-E-Airport,air_quality,Foggy,,,,,,22.0,40.9,408.1,24.1,57,Moderate,,,,,74,0.96,0
R01766,2024-07-02T20:15:02.418015,TRF-007,Zone-B-Midtown,traffic,Cloudy,171,62.8,0.44,53,0,,,,,,,,,,,90,0.98,0
R01767,2024-07-02T22:55:03.248245,TRF-003,Zone-B-Midtown,traffic,Windy,45,43.6,0.11,28,0,,,,,,,,,,,23,0.97,0
R01768,2024-07-03T01:47:50.391975,ENR-007,Zone-E-Airport,energy,Cloudy,,,,,,,,,,,,29.19,38.92,13.7,0,53,1.0,0
R01769,2024-07-03T04:11:14.294995,AQI-003,Zone-D-Industrial,air_quality,Cloudy,,,,,,28.5,57.6,525.7,22.6,70,Moderate,,,,,74,1.0,0
R01770,2024-07-03T06:18:51.374168,AQI-006,Zone-D-Industrial,air_quality,Foggy,,,,,,23.8,43.6,472.4,18.7,56,Moderate,,,,,64,0.95,0
R01771,2024-07-03T08:34:37.107988,AQI-001,Zone-B-Midtown,air_quality,Windy,,,,,,26.6,55.6,361.1,27.9,64,Moderate,,,,,78,0.95,0
R01772,2024-07-03T11:42:22.199613,TRF-003,Zone-D-Industrial,traffic,Clear,101,65.0,0.28,18,0,,,,,,,,,,,74,1.0,0
R01773,2024-07-03T14:06:24.290228,AQI-002,Zone-D-Industrial,air_quality,Cloudy,,,,,,24.9,46.8,539.9,31.0,68,Moderate,,,,,71,0.97,0
R01774,2024-07-03T16:34:37.648130,TRF-006,Zone-B-Midtown,traffic,Clear,123,54.7,0.23,26,0,,,,,,,,,,,43,0.97,0
R01775,2024-07-03T18:54:47.551215,AQI-001,Zone-A-Downtown,air_quality,Rainy,,,,,,18.9,33.6,408.0,25.1,51,Moderate,,,,,89,0.96,0
R01776,2024-07-03T21:27:52.391221,AQI-001,Zone-B-Midtown,air_quality,Clear,,,,,,18.5,30.3,426.4,23.2,48,Good,,,,,21,0.97,0
R01777,2024-07-03T23:41:53.824230,TRF-008,Zone-B-Midtown,traffic,Rainy,44,49.9,0.13,24,0,,,,,,,,,,,40,0.99,0
R01778,2024-07-04T02:33:47.525093,AQI-007,Zone-B-Midtown,air_quality,Windy,,,,,,79.8,161.1,458.0,65.3,187,Unhealthy,,,,,40,0.92,1
R01779,2024-07-04T05:22:51.515054,ENR-006,Zone-A-Downtown,energy,Windy,,,,,,,,,,,,30.7,40.22,26.8,0,83,0.98,0
R01780,2024-07-04T07:09:36.235160,ENR-007,Zone-B-Midtown,energy,Rainy,,,,,,,,,,,,181.47,215.87,32.6,0,27,0.9,0
R01781,2024-07-04T09:37:31.579119,ENR-007,Zone-D-Industrial,energy,Foggy,,,,,,,,,,,,142.3,163.63,20.2,0,58,0.94,0
R01782,2024-07-04T12:29:21.307104,ENR-006,Zone-A-Downtown,energy,Foggy,,,,,,,,,,,,95.67,119.75,21.9,0,20,0.94,0
R01783,2024-07-04T14:55:07.305061,ENR-006,Zone-D-Industrial,energy,Clear,,,,,,,,,,,,56.63,77.96,40.8,0,92,1.01,0
R01784,2024-07-04T17:35:42.078693,TRF-002,Zone-C-Residential,traffic,Rainy,158,36.8,0.41,58,0,,,,,,,,,,,24,0.99,0
R01785,2024-07-04T20:05:05.213693,TRF-003,Zone-C-Residential,traffic,Cloudy,154,77.3,0.39,45,0,,,,,,,,,,,39,0.97,0
R01786,2024-07-04T22:48:19.298358,TRF-001,Zone-A-Downtown,traffic,Windy,23,56.3,0.1,11,0,,,,,,,,,,,24,0.99,0
R01787,2024-07-05T00:43:33.730766,ENR-005,Zone-B-Midtown,energy,Windy,,,,,,,,,,,,34.84,40.02,23.5,0,51,0.94,0
R01788,2024-07-05T03:25:36.317051,TRF-001,Zone-C-Residential,traffic,Windy,52,41.0,0.11,24,0,,,,,,,,,,,54,0.99,0
R01789,2024-07-05T06:15:09.570907,TRF-001,Zone-D-Industrial,traffic,Rainy,68,68.6,0.12,26,0,,,,,,,,,,,27,0.97,0
R01790,2024-07-05T08:29:47.086703,TRF-008,Zone-D-Industrial,traffic,Rainy,202,36.2,0.52,74,0,,,,,,,,,,,54,0.95,0
R01791,2024-07-05T11:08:27.302045,ENR-008,Zone-C-Residential,energy,Windy,,,,,,,,,,,,93.71,114.2,33.1,0,29,0.95,0
R01792,2024-07-05T13:22:20.557343,AQI-003,Zone-D-Industrial,air_quality,Rainy,,,,,,24.5,39.3,525.5,13.8,56,Moderate,,,,,52,0.9,0
R01793,2024-07-05T15:38:30.721261,TRF-007,Zone-A-Downtown,traffic,Foggy,162,55.1,0.41,21,0,,,,,,,,,,,88,0.93,0
R01794,2024-07-05T18:54:08.588730,TRF-003,Zone-C-Residential,traffic,Clear,175,34.4,0.4,18,0,,,,,,,,,,,65,0.96,0
R01795,2024-07-05T20:42:35.581437,AQI-002,Zone-E-Airport,air_quality,Clear,,,,,,18.2,35.8,475.8,31.0,53,Moderate,,,,,95,0.93,0
R01796,2024-07-05T23:27:58.095950,AQI-006,Zone-C-Residential,air_quality,Cloudy,,,,,,19.1,29.9,374.8,20.6,47,Good,,,,,100,0.96,0
R01797,2024-07-06T02:25:54.375115,AQI-003,Zone-A-Downtown,air_quality,Rainy,,,,,,11.3,20.8,453.8,28.0,37,Good,,,,,93,0.96,0
R01798,2024-07-06T04:14:04.121372,TRF-007,Zone-C-Residential,traffic,Clear,55,52.5,0.13,10,0,,,,,,,,,,,57,0.99,0
R01799,2024-07-06T07:27:36.126025,TRF-006,Zone-E-Airport,traffic,Rainy,96,34.3,0.11,44,0,,,,,,,,,,,61,0.94,0
R01800,2024-07-06T09:28:40.173386,ENR-003,Zone-A-Downtown,energy,Windy,,,,,,,,,,,,82.62,102.84,20.5,0,66,0.91,0
R01801,2024-07-06T11:48:18.516832,TRF-006,Zone-C-Residential,traffic,Clear,90,63.0,0.27,66,0,,,,,,,,,,,21,0.95,0
R01802,2024-07-06T14:21:09.607510,AQI-007,Zone-B-Midtown,air_quality,Rainy,,,,,,8.1,15.3,439.1,40.7,33,Good,,,,,21,1.01,0
R01803,2024-07-06T17:17:34.508118,TRF-005,Zone-A-Downtown,traffic,Rainy,238,37.1,0.6,94,0,,,,,,,,,,,73,0.95,0
R01804,2024-07-06T19:23:39.908376,AQI-008,Zone-A-Downtown,air_quality,Cloudy,,,,,,35.9,76.3,420.1,26.5,89,Moderate,,,,,66,0.94,0
R01805,2024-07-06T21:55:49.110868,TRF-008,Zone-C-Residential,traffic,Clear,321,28.9,0.8,33,1,,,,,,,,,,,48,0.95,1
R01806,2024-07-07T00:32:19.475931,TRF-003,Zone-C-Residential,traffic,Foggy,68,61.7,0.16,21,0,,,,,,,,,,,73,0.91,0
R01807,2024-07-07T03:27:54.325955,AQI-003,Zone-D-Industrial,air_quality,Foggy,,,,,,25.2,39.8,522.0,20.9,55,Moderate,,,,,80,0.92,0
R01808,2024-07-07T05:58:32.219250,AQI-007,Zone-C-Residential,air_quality,Cloudy,,,,,,16.3,24.6,392.7,19.9,40,Good,,,,,54,0.98,0
R01809,2024-07-07T07:55:25.173303,ENR-007,Zone-B-Midtown,energy,Cloudy,,,,,,,,,,,,144.11,167.09,49.3,0,72,0.98,0
R01810,2024-07-07T10:47:33.231158,TRF-002,Zone-D-Industrial,traffic,Rainy,148,56.4,0.39,21,0,,,,,,,,,,,56,1.0,0
R01811,2024-07-07T12:36:58.695132,AQI-008,Zone-B-Midtown,air_quality,Foggy,,,,,,25.7,47.1,397.6,5.4,49,Good,,,,,74,0.98,0
R01812,2024-07-07T15:51:31.151012,TRF-005,Zone-E-Airport,traffic,Rainy,174,52.1,0.5,21,0,,,,,,,,,,,80,0.94,0
R01813,2024-07-07T18:00:41.749403,ENR-002,Zone-D-Industrial,energy,Windy,,,,,,,,,,,,151.65,175.4,28.0,0,41,0.97,0
R01814,2024-07-07T20:17:13.312079,TRF-005,Zone-C-Residential,traffic,Rainy,98,55.2,0.2,61,0,,,,,,,,,,,45,0.92,0
R01815,2024-07-07T22:45:19.902325,ENR-001,Zone-B-Midtown,energy,Rainy,,,,,,,,,,,,33.95,45.22,25.1,0,37,0.97,0
R01816,2024-07-08T01:25:04.877818,ENR-005,Zone-D-Industrial,energy,Cloudy,,,,,,,,,,,,22.55,25.23,36.3,0,21,0.95,0
R01817,2024-07-08T03:50:20.052773,ENR-006,Zone-C-Residential,energy,Foggy,,,,,,,,,,,,33.92,40.04,43.5,0,50,0.98,0
R01818,2024-07-08T06:19:16.633511,ENR-001,Zone-A-Downtown,energy,Windy,,,,,,,,,,,,77.04,100.27,30.6,0,26,0.93,0
R01819,2024-07-08T09:08:06.327635,AQI-005,Zone-B-Midtown,air_quality,Foggy,,,,,,32.6,69.6,418.4,31.9,76,Moderate,,,,,70,0.95,0
R01820,2024-07-08T11:45:08.790577,AQI-006,Zone-D-Industrial,air_quality,Rainy,,,,,,24.7,51.7,541.6,40.0,67,Moderate,,,,,71,0.9,0
R01821,2024-07-08T14:27:52.832468,TRF-005,Zone-A-Downtown,traffic,Windy,102,41.4,0.25,45,0,,,,,,,,,,,77,0.95,0
R01822,2024-07-08T16:28:31.360608,AQI-002,Zone-A-Downtown,air_quality,Windy,,,,,,26.5,55.4,428.4,23.1,62,Moderate,,,,,66,0.95,0
R01823,2024-07-08T18:54:42.830816,AQI-001,Zone-C-Residential,air_quality,Clear,,,,,,18.1,32.5,443.6,18.1,46,Good,,,,,81,0.95,0
R01824,2024-07-08T21:38:40.603612,ENR-001,Zone-D-Industrial,energy,Foggy,,,,,,,,,,,,92.7,127.92,26.7,0,43,0.95,0
R01825,2024-07-09T00:23:16.269228,ENR-005,Zone-A-Downtown,energy,Windy,,,,,,,,,,,,175.68,220.23,18.1,1,62,0.95,1
R01826,2024-07-09T02:13:04.907954,AQI-001,Zone-D-Industrial,air_quality,Foggy,,,,,,23.1,45.6,491.1,30.9,65,Moderate,,,,,84,0.98,0
R01827,2024-07-09T05:15:21.380008,AQI-001,Zone-C-Residential,air_quality,Rainy,,,,,,24.3,46.2,384.5,28.2,64,Moderate,,,,,27,0.96,0
R01828,2024-07-09T07:15:44.502291,AQI-007,Zone-A-Downtown,air_quality,Windy,,,,,,14.5,25.9,390.4,30.2,40,Good,,,,,71,1.01,0
R01829,2024-07-09T10:15:46.821664,ENR-001,Zone-D-Industrial,energy,Cloudy,,,,,,,,,,,,74.06,100.06,27.0,0,98,1.04,0
R01830,2024-07-09T12:48:59.043927,AQI-008,Zone-A-Downtown,air_quality,Windy,,,,,,30.6,60.9,470.2,21.3,69,Moderate,,,,,79,0.99,0
R01831,2024-07-09T15:25:19.397915,ENR-005,Zone-E-Airport,energy,Rainy,,,,,,,,,,,,102.6,130.94,33.7,0,95,0.97,0
R01832,2024-07-09T17:32:08.024054,AQI-004,Zone-A-Downtown,air_quality,Cloudy,,,,,,10.2,19.6,505.7,33.1,40,Good,,,,,98,0.95,0
R01833,2024-07-09T20:28:42.221180,ENR-007,Zone-E-Airport,energy,Cloudy,,,,,,,,,,,,71.67,82.92,40.5,0,67,0.95,0
R01834,2024-07-09T22:09:44.661885,AQI-004,Zone-E-Airport,air_quality,Windy,,,,,,28.9,49.0,432.4,7.2,58,Moderate,,,,,29,0.91,0
R01835,2024-07-10T00:54:51.427020,ENR-001,Zone-D-Industrial,energy,Foggy,,,,,,,,,,,,36.12,42.67,30.9,0,87,0.96,0
R01836,2024-07-10T03:34:47.634110,AQI-001,Zone-A-Downtown,air_quality,Foggy,,,,,,17.8,38.2,471.6,13.3,47,Good,,,,,85,0.9,0
R01837,2024-07-10T05:35:35.353035,TRF-008,Zone-A-Downtown,traffic,Clear,78,44.4,0.16,18,0,,,,,,,,,,,77,0.96,0
R01838,2024-07-10T08:30:47.438933,ENR-002,Zone-D-Industrial,energy,Cloudy,,,,,,,,,,,,113.63,143.02,21.7,0,42,0.93,0
R01839,2024-07-10T11:09:04.615161,AQI-005,Zone-E-Airport,air_quality,Rainy,,,,,,33.3,60.6,431.0,10.4,71,Moderate,,,,,92,0.95,0
R01840,2024-07-10T13:11:01.862584,ENR-005,Zone-A-Downtown,energy,Clear,,,,,,,,,,,,132.03,172.38,45.3,0,96,0.97,0
R01841,2024-07-10T15:36:36.643277,AQI-007,Zone-D-Industrial,air_quality,Cloudy,,,,,,82.8,126.1,503.7,66.4,202,Very Unhealthy,,,,,35,0.91,1
R01842,2024-07-10T18:48:16.072783,AQI-007,Zone-B-Midtown,air_quality,Rainy,,,,,,21.1,34.9,429.6,15.7,55,Moderate,,,,,43,0.93,0
R01843,2024-07-10T21:01:18.914416,AQI-008,Zone-A-Downtown,air_quality,Clear,,,,,,12.4,25.0,407.6,39.1,49,Good,,,,,38,0.94,0
R01844,2024-07-10T23:22:26.165976,ENR-001,Zone-E-Airport,energy,Clear,,,,,,,,,,,,45.18,51.82,46.6,0,21,0.98,0
R01845,2024-07-11T01:40:57.502597,AQI-008,Zone-D-Industrial,air_quality,Clear,,,,,,18.3,27.5,535.5,32.3,53,Moderate,,,,,60,0.94,0
R01846,2024-07-11T04:07:58.647410,AQI-005,Zone-A-Downtown,air_quality,Rainy,,,,,,15.3,28.3,390.1,35.8,50,Good,,,,,67,0.97,0
R01847,2024-07-11T07:16:43.984065,TRF-001,Zone-B-Midtown,traffic,Foggy,167,50.2,0.39,59,0,,,,,,,,,,,65,0.98,0
R01848,2024-07-11T09:59:53.079297,TRF-006,Zone-C-Residential,traffic,Foggy,138,53.6,0.34,60,0,,,,,,,,,,,71,0.96,0
R01849,2024-07-11T12:18:24.469848,ENR-007,Zone-C-Residential,energy,Windy,,,,,,,,,,,,72.97,98.14,36.2,0,42,0.96,0
R01850,2024-07-11T14:15:23.660254,ENR-007,Zone-B-Midtown,energy,Cloudy,,,,,,,,,,,,89.83,114.0,36.8,0,70,0.97,0
R01851,2024-07-11T16:34:21.617248,ENR-007,Zone-B-Midtown,energy,Cloudy,,,,,,,,,,,,43.42,59.6,50.3,0,96,0.94,0
R01852,2024-07-11T19:54:53.327345,ENR-004,Zone-B-Midtown,energy,Rainy,,,,,,,,,,,,112.99,149.2,36.7,0,85,0.93,0
R01853,2024-07-11T21:57:50.368723,ENR-003,Zone-C-Residential,energy,Foggy,,,,,,,,,,,,246.09,283.45,35.3,1,86,1.0,1
R01854,2024-07-12T00:53:42.766094,AQI-002,Zone-C-Residential,air_quality,Cloudy,,,,,,13.3,26.9,460.1,23.0,35,Good,,,,,36,0.94,0
R01855,2024-07-12T03:23:48.497343,TRF-001,Zone-D-Industrial,traffic,Foggy,49,42.7,0.07,25,0,,,,,,,,,,,49,0.97,0
R01856,2024-07-12T05:51:10.465449,AQI-002,Zone-B-Midtown,air_quality,Rainy,,,,,,22.2,41.0,472.5,33.2,64,Moderate,,,,,80,0.98,0
R01857,2024-07-12T07:37:56.622937,ENR-007,Zone-C-Residential,energy,Foggy,,,,,,,,,,,,125.34,164.09,15.2,0,57,0.97,0
R01858,2024-07-12T10:58:10.635575,ENR-001,Zone-E-Airport,energy,Cloudy,,,,,,,,,,,,75.28,101.59,52.8,0,74,0.96,0
R01859,2024-07-12T12:55:41.185729,AQI-002,Zone-E-Airport,air_quality,Rainy,,,,,,15.0,32.3,409.4,42.4,54,Moderate,,,,,24,0.93,0
R01860,2024-07-12T15:38:56.525997,AQI-007,Zone-E-Airport,air_quality,Cloudy,,,,,,28.1,47.0,442.4,35.0,74,Moderate,,,,,72,0.94,0
R01861,2024-07-12T17:36:01.814545,ENR-006,Zone-D-Industrial,energy,Cloudy,,,,,,,,,,,,99.27,137.89,16.8,0,57,0.95,0
R01862,2024-07-12T20:14:52.471731,AQI-008,Zone-C-Residential,air_quality,Clear,,,,,,17.2,29.6,462.8,21.8,47,Good,,,,,99,0.94,0
R01863,2024-07-12T22:30:45.837827,ENR-008,Zone-B-Midtown,energy,Cloudy,,,,,,,,,,,,41.46,57.93,25.8,0,31,0.97,0
R01864,2024-07-13T01:45:27.249596,AQI-003,Zone-A-Downtown,air_quality,Cloudy,,,,,,24.6,47.0,377.1,22.7,63,Moderate,,,,,81,0.91,0
R01865,2024-07-13T03:41:36.154427,ENR-004,Zone-C-Residential,energy,Cloudy,,,,,,,,,,,,38.12,51.61,23.1,0,56,0.95,0
R01866,2024-07-13T06:16:15.360994,ENR-008,Zone-E-Airport,energy,Foggy,,,,,,,,,,,,84.92,113.14,28.5,0,20,0.96,0
R01867,2024-07-13T09:11:30.581592,ENR-006,Zone-A-Downtown,energy,Windy,,,,,,,,,,,,119.72,164.7,30.5,0,91,1.0,0
R01868,2024-07-13T11:05:23.382313,AQI-003,Zone-E-Airport,air_quality,Windy,,,,,,0.7,1.2,360.4,42.8,17,Good,,,,,97,0.96,0
R01869,2024-07-13T13:51:14.463858,TRF-006,Zone-E-Airport,traffic,Clear,84,58.1,0.17,45,0,,,,,,,,,,,99,0.93,0
R01870,2024-07-13T16:23:32.642205,ENR-002,Zone-D-Industrial,energy,Clear,,,,,,,,,,,,85.64,101.53,44.3,0,95,0.95,0
R01871,2024-07-13T18:30:45.365266,TRF-005,Zone-A-Downtown,traffic,Windy,264,47.9,0.67,28,0,,,,,,,,,,,89,0.92,0
R01872,2024-07-13T21:08:58.600745,TRF-001,Zone-B-Midtown,traffic,Windy,126,38.0,0.31,35,0,,,,,,,,,,,85,0.91,0
R01873,2024-07-14T00:03:16.858542,AQI-005,Zone-A-Downtown,air_quality,Foggy,,,,,,28.7,43.3,406.3,28.7,71,Moderate,,,,,31,0.98,0
R01874,2024-07-14T02:41:31.377070,AQI-004,Zone-B-Midtown,air_quality,Cloudy,,,,,,16.6,29.8,441.5,47.1,60,Moderate,,,,,79,0.93,0
R01875,2024-07-14T05:00:11.295182,ENR-001,Zone-D-Industrial,energy,Foggy,,,,,,,,,,,,198.82,261.64,20.9,1,25,0.93,1
R01876,2024-07-14T07:35:47.691111,TRF-002,Zone-E-Airport,traffic,Windy,224,26.2,0.46,14,0,,,,,,,,,,,48,0.97,0
R01877,2024-07-14T10:21:22.171894,TRF-007,Zone-D-Industrial,traffic,Clear,129,42.6,0.31,27,0,,,,,,,,,,,71,0.94,0
R01878,2024-07-14T12:14:27.487769,ENR-002,Zone-E-Airport,energy,Foggy,,,,,,,,,,,,270.79,352.48,29.3,1,40,0.97,1
R01879,2024-07-14T15:06:02.230903,ENR-001,Zone-D-Industrial,energy,Foggy,,,,,,,,,,,,98.82,119.47,28.0,0,27,0.98,0
R01880,2024-07-14T17:51:48.755552,ENR-003,Zone-B-Midtown,energy,Clear,,,,,,,,,,,,155.0,173.91,48.9,0,99,0.91,0
R01881,2024-07-14T20:04:35.684719,ENR-008,Zone-D-Industrial,energy,Foggy,,,,,,,,,,,,70.82,86.56,30.2,0,93,1.0,0
R01882,2024-07-14T22:22:33.336934,TRF-004,Zone-A-Downtown,traffic,Cloudy,61,60.5,0.2,16,0,,,,,,,,,,,91,0.95,0
R01883,2024-07-15T01:24:24.658277,ENR-001,Zone-C-Residential,energy,Clear,,,,,,,,,,,,33.52,37.29,36.5,0,21,0.97,0
R01884,2024-07-15T03:22:15.472460,TRF-002,Zone-D-Industrial,traffic,Rainy,36,45.7,0.12,16,0,,,,,,,,,,,25,0.88,0
R01885,2024-07-15T05:33:31.328132,AQI-001,Zone-B-Midtown,air_quality,Rainy,,,,,,4.9,9.4,395.7,37.9,30,Good,,,,,67,0.91,0
R01886,2024-07-15T08:22:00.005131,AQI-003,Zone-D-Industrial,air_quality,Clear,,,,,,82.9,165.9,485.5,67.3,201,Very Unhealthy,,,,,64,1.01,1
R01887,2024-07-15T11:26:04.001127,ENR-005,Zone-C-Residential,energy,Windy,,,,,,,,,,,,60.87,67.76,27.2,0,97,0.99,0
R01888,2024-07-15T13:16:53.457192,TRF-006,Zone-B-Midtown,traffic,Windy,80,50.0,0.25,53,0,,,,,,,,,,,69,0.93,0
R01889,2024-07-15T15:42:40.900943,AQI-005,Zone-C-Residential,air_quality,Foggy,,,,,,24.1,38.8,446.3,40.5,68,Moderate,,,,,39,0.98,0
R01890,2024-07-15T18:03:08.398531,AQI-007,Zone-A-Downtown,air_quality,Cloudy,,,,,,25.8,46.1,441.4,7.2,54,Moderate,,,,,89,0.92,0
R01891,2024-07-15T20:47:46.797686,AQI-003,Zone-D-Industrial,air_quality,Foggy,,,,,,92.1,150.8,503.3,61.6,218,Very Unhealthy,,,,,66,0.98,1
R01892,2024-07-15T23:11:56.572005,TRF-008,Zone-B-Midtown,traffic,Clear,49,58.2,0.08,22,0,,,,,,,,,,,93,0.96,0
R01893,2024-07-16T01:33:42.618155,TRF-005,Zone-C-Residential,traffic,Clear,39,50.4,0.08,15,0,,,,,,,,,,,68,1.0,0
R01894,2024-07-16T04:21:55.320706,TRF-006,Zone-D-Industrial,traffic,Windy,44,54.1,0.08,18,0,,,,,,,,,,,87,0.95,0
R01895,2024-07-16T07:08:14.010050,ENR-007,Zone-C-Residential,energy,Foggy,,,,,,,,,,,,100.61,114.39,34.2,0,50,0.96,0
R01896,2024-07-16T09:36:26.183582,TRF-008,Zone-D-Industrial,traffic,Windy,217,31.4,0.58,68,0,,,,,,,,,,,81,0.87,0
R01897,2024-07-16T12:20:51.233888,AQI-002,Zone-E-Airport,air_quality,Rainy,,,,,,29.5,55.9,421.6,32.0,76,Moderate,,,,,82,0.98,0
R01898,2024-07-16T14:14:30.823821,TRF-003,Zone-E-Airport,traffic,Foggy,111,48.7,0.33,39,0,,,,,,,,,,,53,1.01,0
R01899,2024-07-16T17:25:17.613766,TRF-003,Zone-D-Industrial,traffic,Foggy,202,42.8,0.45,58,0,,,,,,,,,,,50,0.98,0
R01900,2024-07-16T19:37:19.018069,AQI-004,Zone-E-Airport,air_quality,Rainy,,,,,,23.7,38.6,426.4,18.2,51,Moderate,,,,,28,0.94,0
R01901,2024-07-16T21:55:23.807402,TRF-003,Zone-E-Airport,traffic,Rainy,125,63.2,0.28,22,0,,,,,,,,,,,87,0.97,0
R01902,2024-07-17T00:47:58.903520,ENR-006,Zone-A-Downtown,energy,Rainy,,,,,,,,,,,,42.83,55.98,36.9,0,76,0.97,0
R01903,2024-07-17T02:49:24.986840,ENR-002,Zone-B-Midtown,energy,Windy,,,,,,,,,,,,34.49,46.55,30.6,0,56,0.97,0
R01904,2024-07-17T05:09:17.011669,AQI-007,Zone-B-Midtown,air_quality,Cloudy,,,,,,17.5,32.0,434.0,48.2,60,Moderate,,,,,84,0.95,0
R01905,2024-07-17T07:53:54.332739,AQI-008,Zone-A-Downtown,air_quality,Foggy,,,,,,76.0,143.7,447.7,68.2,181,Unhealthy,,,,,62,0.94,1
R01906,2024-07-17T10:30:12.324101,TRF-005,Zone-A-Downtown,traffic,Clear,107,57.1,0.23,70,0,,,,,,,,,,,54,0.97,0
R01907,2024-07-17T12:31:06.609460,ENR-007,Zone-D-Industrial,energy,Rainy,,,,,,,,,,,,66.22,80.22,34.6,0,20,0.97,0
R01908,2024-07-17T15:09:35.643710,AQI-004,Zone-D-Industrial,air_quality,Cloudy,,,,,,20.9,41.0,463.8,40.2,62,Moderate,,,,,53,1.0,0
R01909,2024-07-17T17:46:57.808214,ENR-006,Zone-E-Airport,energy,Foggy,,,,,,,,,,,,111.33,129.44,23.1,0,95,0.95,0
R01910,2024-07-17T20:41:56.338146,ENR-008,Zone-E-Airport,energy,Windy,,,,,,,,,,,,99.77,112.06,18.7,0,96,0.98,0
R01911,2024-07-17T22:32:03.774118,AQI-006,Zone-C-Residential,air_quality,Clear,,,,,,13.1,25.1,426.4,18.5,36,Good,,,,,75,0.95,0
R01912,2024-07-18T01:44:43.085620,AQI-005,Zone-D-Industrial,air_quality,Clear,,,,,,32.0,51.5,455.3,20.4,77,Moderate,,,,,29,0.91,0
R01913,2024-07-18T03:49:46.359491,TRF-006,Zone-B-Midtown,traffic,Rainy,225,23.0,0.53,6,1,,,,,,,,,,,40,0.97,1
R01914,2024-07-18T06:08:14.894410,TRF-005,Zone-D-Industrial,traffic,Rainy,152,45.9,0.34,59,0,,,,,,,,,,,84,0.95,0
R01915,2024-07-18T09:00:48.210555,ENR-003,Zone-B-Midtown,energy,Cloudy,,,,,,,,,,,,117.19,151.51,28.0,0,89,0.94,0
R01916,2024-07-18T11:58:21.112046,TRF-007,Zone-E-Airport,traffic,Clear,163,62.5,0.4,29,0,,,,,,,,,,,67,0.92,0
R01917,2024-07-18T14:28:46.350633,ENR-005,Zone-D-Industrial,energy,Clear,,,,,,,,,,,,98.11,117.47,35.2,0,54,0.96,0
R01918,2024-07-18T16:34:02.528444,AQI-004,Zone-E-Airport,air_quality,Cloudy,,,,,,27.8,50.4,373.5,30.4,65,Moderate,,,,,89,1.0,0
R01919,2024-07-18T18:33:33.674307,AQI-007,Zone-A-Downtown,air_quality,Foggy,,,,,,26.3,46.0,421.5,20.4,65,Moderate,,,,,72,0.98,0
R01920,2024-07-18T21:57:03.899682,TRF-007,Zone-C-Residential,traffic,Rainy,97,64.1,0.35,62,0,,,,,,,,,,,52,0.93,0
R01921,2024-07-18T23:30:24.654920,ENR-008,Zone-C-Residential,energy,Windy,,,,,,,,,,,,35.19,43.09,24.8,0,27,0.95,0
R01922,2024-07-19T02:21:26.687933,ENR-006,Zone-C-Residential,energy,Rainy,,,,,,,,,,,,36.79,43.81,36.9,0,28,0.95,0
R01923,2024-07-19T04:58:20.313957,TRF-003,Zone-B-Midtown,traffic,Cloudy,32,85.2,-0.01,26,0,,,,,,,,,,,60,0.96,0
R01924,2024-07-19T07:49:14.096053,AQI-002,Zone-D-Industrial,air_quality,Clear,,,,,,26.0,50.3,505.0,27.9,63,Moderate,,,,,85,0.93,0
R01925,2024-07-19T10:08:34.755913,TRF-001,Zone-C-Residential,traffic,Clear,118,47.9,0.38,37,0,,,,,,,,,,,55,0.95,0
R01926,2024-07-19T12:40:04.704333,TRF-007,Zone-A-Downtown,traffic,Windy,99,35.8,0.26,48,0,,,,,,,,,,,82,0.91,0
R01927,2024-07-19T14:38:05.746090,TRF-003,Zone-E-Airport,traffic,Rainy,93,65.4,0.19,37,0,,,,,,,,,,,25,0.92,0
R01928,2024-07-19T17:46:12.266419,AQI-008,Zone-C-Residential,air_quality,Windy,,,,,,19.7,29.7,401.3,37.9,56,Moderate,,,,,93,0.95,0
R01929,2024-07-19T19:50:12.416560,AQI-001,Zone-B-Midtown,air_quality,Foggy,,,,,,79.6,159.4,419.9,70.6,189,Unhealthy,,,,,49,0.98,1
R01930,2024-07-19T22:31:49.606234,AQI-003,Zone-C-Residential,air_quality,Windy,,,,,,16.6,34.7,439.4,25.7,45,Good,,,,,39,0.96,0
R01931,2024-07-20T01:14:38.766411,ENR-008,Zone-C-Residential,energy,Windy,,,,,,,,,,,,34.91,42.2,13.9,0,59,1.0,0
R01932,2024-07-20T03:04:00.097283,AQI-005,Zone-E-Airport,air_quality,Cloudy,,,,,,4.6,7.3,419.7,11.2,17,Good,,,,,70,0.92,0
R01933,2024-07-20T06:11:46.792935,AQI-005,Zone-A-Downtown,air_quality,Windy,,,,,,18.5,29.9,471.1,27.0,55,Moderate,,,,,66,0.95,0
R01934,2024-07-20T08:43:21.257655,ENR-005,Zone-B-Midtown,energy,Foggy,,,,,,,,,,,,59.18,68.82,32.8,0,76,0.95,0
R01935,2024-07-20T10:54:10.278439,AQI-004,Zone-A-Downtown,air_quality,Rainy,,,,,,18.5,38.3,467.6,16.7,41,Good,,,,,79,0.93,0
R01936,2024-07-20T13:46:44.181857,AQI-006,Zone-C-Residential,air_quality,Windy,,,,,,16.8,32.5,414.6,23.8,46,Good,,,,,39,0.95,0
R01937,2024-07-20T15:38:39.882172,ENR-002,Zone-D-Industrial,energy,Windy,,,,,,,,,,,,107.12,136.45,50.6,0,49,0.94,0
R01938,2024-07-20T18:28:17.494841,AQI-001,Zone-A-Downtown,air_quality,Foggy,,,,,,16.0,30.1,473.2,22.8,46,Good,,,,,55,0.94,0
R01939,2024-07-20T21:18:35.711308,AQI-006,Zone-C-Residential,air_quality,Clear,,,,,,9.2,15.8,431.9,21.7,32,Good,,,,,89,0.94,0
R01940,2024-07-20T23:37:27.534827,TRF-008,Zone-B-Midtown,traffic,Foggy,45,57.9,0.1,16,0,,,,,,,,,,,94,0.94,0
R01941,2024-07-21T02:06:30.688198,AQI-007,Zone-B-Midtown,air_quality,Foggy,,,,,,27.0,44.5,416.9,36.9,73,Moderate,,,,,46,0.89,0
R01942,2024-07-21T04:57:34.145363,AQI-007,Zone-A-Downtown,air_quality,Cloudy,,,,,,15.5,27.6,431.5,28.1,50,Good,,,,,97,1.01,0
R01943,2024-07-21T07:14:17.619893,ENR-002,Zone-B-Midtown,energy,Windy,,,,,,,,,,,,137.67,173.74,18.0,0,32,0.9,0
R01944,2024-07-21T09:30:38.676804,TRF-001,Zone-D-Industrial,traffic,Clear,121,44.0,0.32,58,0,,,,,,,,,,,35,0.99,0
R01945,2024-07-21T11:43:10.005840,AQI-003,Zone-D-Industrial,air_quality,Windy,,,,,,31.1,51.7,492.7,40.5,87,Moderate,,,,,75,0.93,0
R01946,2024-07-21T14:27:14.837104,TRF-006,Zone-A-Downtown,traffic,Foggy,85,41.6,0.23,56,0,,,,,,,,,,,48,0.91,0
R01947,2024-07-21T17:29:47.557393,TRF-006,Zone-D-Industrial,traffic,Clear,110,40.5,0.28,17,0,,,,,,,,,,,47,0.97,0
R01948,2024-07-21T19:37:55.652219,AQI-006,Zone-D-Industrial,air_quality,Clear,,,,,,32.2,62.8,458.9,22.8,80,Moderate,,,,,48,0.9,0
R01949,2024-07-21T21:46:48.564080,TRF-006,Zone-E-Airport,traffic,Windy,115,63.5,0.28,33,0,,,,,,,,,,,26,0.98,0
R01950,2024-07-22T00:39:05.042545,AQI-003,Zone-B-Midtown,air_quality,Rainy,,,,,,21.2,38.4,455.2,17.5,54,Moderate,,,,,97,0.99,0
R01951,2024-07-22T02:34:28.732016,TRF-008,Zone-D-Industrial,traffic,Windy,71,61.8,0.19,32,0,,,,,,,,,,,100,0.95,0
R01952,2024-07-22T05:17:30.921096,ENR-008,Zone-E-Airport,energy,Rainy,,,,,,,,,,,,192.39,255.57,32.0,1,74,1.0,1
R01953,2024-07-22T08:27:13.603834,AQI-002,Zone-D-Industrial,air_quality,Cloudy,,,,,,21.1,42.9,477.6,18.2,47,Good,,,,,65,0.95,0
R01954,2024-07-22T10:34:56.251808,ENR-008,Zone-B-Midtown,energy,Windy,,,,,,,,,,,,70.69,82.71,17.1,0,85,0.92,0
R01955,2024-07-22T13:14:34.941066,AQI-003,Zone-E-Airport,air_quality,Clear,,,,,,24.4,42.9,412.9,16.8,54,Moderate,,,,,49,0.95,0
R01956,2024-07-22T15:22:33.294956,AQI-006,Zone-A-Downtown,air_quality,Windy,,,,,,24.7,49.8,381.4,21.9,61,Moderate,,,,,23,1.01,0
R01957,2024-07-22T17:47:59.607992,AQI-008,Zone-C-Residential,air_quality,Foggy,,,,,,12.2,19.3,418.3,12.0,33,Good,,,,,56,0.91,0
R01958,2024-07-22T20:29:13.402205,AQI-002,Zone-D-Industrial,air_quality,Clear,,,,,,13.4,23.3,560.7,18.2,31,Good,,,,,85,0.93,0
R01959,2024-07-22T23:03:06.521031,ENR-005,Zone-A-Downtown,energy,Cloudy,,,,,,,,,,,,27.0,32.13,28.3,0,27,0.98,0
R01960,2024-07-23T01:42:18.840238,TRF-004,Zone-D-Industrial,traffic,Foggy,47,49.8,0.15,4,0,,,,,,,,,,,88,0.91,0
R01961,2024-07-23T04:29:48.914544,AQI-001,Zone-B-Midtown,air_quality,Foggy,,,,,,24.6,47.8,469.0,21.8,64,Moderate,,,,,94,0.91,0
R01962,2024-07-23T06:06:59.670212,AQI-007,Zone-D-Industrial,air_quality,Foggy,,,,,,37.8,72.6,477.7,32.2,92,Moderate,,,,,29,1.05,0
R01963,2024-07-23T09:14:47.779759,AQI-005,Zone-B-Midtown,air_quality,Clear,,,,,,18.3,38.3,451.4,35.9,52,Moderate,,,,,54,0.92,0
R01964,2024-07-23T11:04:20.533902,AQI-008,Zone-D-Industrial,air_quality,Windy,,,,,,21.4,38.4,469.1,37.8,57,Moderate,,,,,80,0.98,0
R01965,2024-07-23T13:49:38.632195,ENR-005,Zone-D-Industrial,energy,Clear,,,,,,,,,,,,64.21,71.15,48.9,0,64,0.97,0
R01966,2024-07-23T16:03:45.601605,TRF-007,Zone-C-Residential,traffic,Foggy,154,69.0,0.39,33,0,,,,,,,,,,,69,0.95,0
R01967,2024-07-23T18:52:46.596174,TRF-006,Zone-D-Industrial,traffic,Windy,255,29.7,0.7,43,0,,,,,,,,,,,76,0.92,0
R01968,2024-07-23T21:22:32.264746,AQI-002,Zone-C-Residential,air_quality,Windy,,,,,,81.3,167.1,478.0,68.5,193,Unhealthy,,,,,62,0.93,1
R01969,2024-07-23T23:50:35.790228,AQI-004,Zone-C-Residential,air_quality,Rainy,,,,,,17.6,32.3,457.9,34.3,50,Good,,,,,93,1.01,0
R01970,2024-07-24T02:00:02.857043,ENR-004,Zone-B-Midtown,energy,Clear,,,,,,,,,,,,28.99,38.32,52.5,0,30,0.93,0
R01971,2024-07-24T05:04:48.934712,TRF-006,Zone-A-Downtown,traffic,Clear,57,57.2,0.09,8,0,,,,,,,,,,,60,0.95,0
R01972,2024-07-24T07:12:49.162543,TRF-001,Zone-C-Residential,traffic,Clear,169,43.7,0.39,40,0,,,,,,,,,,,85,0.97,0
R01973,2024-07-24T10:18:15.808188,ENR-001,Zone-A-Downtown,energy,Windy,,,,,,,,,,,,114.09,133.82,25.0,0,61,0.99,0
R01974,2024-07-24T12:05:31.557162,TRF-004,Zone-D-Industrial,traffic,Foggy,126,59.1,0.33,23,0,,,,,,,,,,,90,0.98,0
R01975,2024-07-24T14:32:43.214339,ENR-006,Zone-D-Industrial,energy,Rainy,,,,,,,,,,,,95.34,126.64,35.4,0,90,0.92,0
R01976,2024-07-24T17:39:06.112155,TRF-007,Zone-E-Airport,traffic,Cloudy,186,34.3,0.49,54,0,,,,,,,,,,,45,0.96,0
R01977,2024-07-24T19:41:04.870267,TRF-007,Zone-C-Residential,traffic,Rainy,180,42.6,0.46,66,0,,,,,,,,,,,32,0.93,0
R01978,2024-07-24T22:05:45.015477,AQI-001,Zone-D-Industrial,air_quality,Foggy,,,,,,30.5,52.6,507.2,20.3,67,Moderate,,,,,71,0.94,0
R01979,2024-07-25T00:55:27.893594,TRF-003,Zone-B-Midtown,traffic,Cloudy,47,57.5,0.07,26,0,,,,,,,,,,,95,0.98,0
R01980,2024-07-25T03:02:49.889546,ENR-001,Zone-A-Downtown,energy,Windy,,,,,,,,,,,,42.65,57.8,35.2,0,88,0.96,0
R01981,2024-07-25T05:48:24.290241,TRF-002,Zone-B-Midtown,traffic,Cloudy,38,64.1,0.12,15,0,,,,,,,,,,,47,0.98,0
R01982,2024-07-25T08:15:14.986718,AQI-007,Zone-C-Residential,air_quality,Rainy,,,,,,28.9,49.5,394.7,25.0,69,Moderate,,,,,98,0.9,0
R01983,2024-07-25T10:40:23.745514,ENR-007,Zone-D-Industrial,energy,Cloudy,,,,,,,,,,,,97.5,129.05,28.3,0,65,0.91,0
R01984,2024-07-25T13:14:51.061979,AQI-008,Zone-B-Midtown,air_quality,Rainy,,,,,,7.3,11.9,407.0,17.8,24,Good,,,,,31,0.95,0
R01985,2024-07-25T15:50:04.590038,TRF-007,Zone-D-Industrial,traffic,Rainy,109,53.6,0.17,42,0,,,,,,,,,,,40,0.93,0
R01986,2024-07-25T18:38:22.491300,TRF-007,Zone-D-Industrial,traffic,Rainy,204,16.1,0.54,64,0,,,,,,,,,,,94,0.98,0
R01987,2024-07-25T21:11:52.689097,TRF-008,Zone-C-Residential,traffic,Foggy,110,61.6,0.29,59,0,,,,,,,,,,,72,0.98,0
R01988,2024-07-25T23:45:57.140589,ENR-006,Zone-B-Midtown,energy,Cloudy,,,,,,,,,,,,42.13,57.43,21.9,0,83,0.86,0
R01989,2024-07-26T02:25:25.604213,TRF-002,Zone-C-Residential,traffic,Foggy,32,39.5,0.06,10,0,,,,,,,,,,,45,0.95,0
R01990,2024-07-26T04:13:28.579972,TRF-005,Zone-D-Industrial,traffic,Windy,32,55.0,0.04,10,0,,,,,,,,,,,32,0.94,0
R01991,2024-07-26T06:53:35.866973,ENR-005,Zone-E-Airport,energy,Foggy,,,,,,,,,,,,87.34,119.38,43.6,0,89,0.95,0
R01992,2024-07-26T09:05:46.253425,AQI-002,Zone-A-Downtown,air_quality,Foggy,,,,,,14.9,27.7,431.0,35.5,42,Good,,,,,51,1.0,0
R01993,2024-07-26T11:58:26.341690,ENR-008,Zone-B-Midtown,energy,Clear,,,,,,,,,,,,90.25,106.69,31.1,0,90,0.91,0
R01994,2024-07-26T14:54:13.809447,TRF-003,Zone-D-Industrial,traffic,Rainy,181,73.8,0.5,38,0,,,,,,,,,,,45,0.93,0
R01995,2024-07-26T17:16:23.739167,ENR-006,Zone-C-Residential,energy,Cloudy,,,,,,,,,,,,113.69,158.88,23.3,0,57,0.93,0
R01996,2024-07-26T19:20:40.101629,ENR-004,Zone-E-Airport,energy,Clear,,,,,,,,,,,,127.01,170.44,31.7,0,100,0.95,0
R01997,2024-07-26T21:53:43.481793,ENR-002,Zone-A-Downtown,energy,Cloudy,,,,,,,,,,,,83.21,109.07,23.8,0,78,0.97,0
R01998,2024-07-27T00:05:18.352263,ENR-001,Zone-D-Industrial,energy,Windy,,,,,,,,,,,,28.86,32.03,41.9,0,69,0.97,0
R01999,2024-07-27T03:16:24.086517,TRF-007,Zone-B-Midtown,traffic,Windy,54,54.7,0.12,16,0,,,,,,,,,,,49,0.93,0
R02000,2024-07-27T05:16:19.831337,TRF-008,Zone-D-Industrial,traffic,Foggy,53,69.6,0.11,15,0,,,,,,,,,,,25,0.97,0
